practice_code_standardised,profile,kmeans_silhouette,gmm_maximum_posterior,gmm_retention_share,kmeans_gmm_disagreement
A81001,1,0.0528458848294373,0.6694135165999201,1.0,False
A81002,2,0.2694420229144385,0.997990383104402,1.0,False
A81004,3,0.016250332148327,0.7571291271361514,1.0,True
A81005,3,0.091086332119578,0.6394865191838971,0.9333333333333332,False
A81006,2,0.0896854613763696,0.9661420297149788,1.0,False
A81007,2,0.0823381734786279,0.9032921525399924,1.0,False
A81009,3,0.2321007936470451,0.9779398996383798,1.0,False
A81011,2,0.2203232512899995,0.9967570417670076,1.0,False
A81012,2,0.0979804846151165,0.7097021557208602,0.9666666666666668,False
A81013,2,0.303188281596908,0.9994594355540218,1.0,False
A81014,2,0.1914439238706873,0.9969213076368024,1.0,False
A81016,2,0.1077194859449525,0.991876103229622,1.0,False
A81017,2,0.0704363372340627,0.5326435424820523,0.8333333333333334,False
A81018,3,0.0898572143197917,0.6683841767321299,1.0,False
A81019,2,0.2120007076515287,0.9983946963283884,1.0,False
A81020,2,0.0822817293533171,0.962630108743741,1.0,False
A81021,2,0.2229316149532171,0.9941146454882466,1.0,False
A81022,3,0.098245916394393,0.8363355403442805,1.0,False
A81023,1,0.005329496386577,0.8396550002942705,1.0,True
A81025,2,0.0946824688119442,0.9594458160333376,1.0,False
A81026,2,0.0771453872215113,0.9109543449404064,1.0,False
A81027,3,0.0631049187583538,0.590725277402245,0.9,False
A81029,1,0.0451522139390729,0.9761511069648106,1.0,False
A81030,2,0.1572169393191744,0.750362552910048,1.0,False
A81031,2,0.2052478288244847,0.996777681862563,1.0,False
A81032,2,0.1411002457858876,0.993828387807941,1.0,False
A81034,3,0.147415419069933,0.9298498826896566,1.0,False
A81035,2,0.1155861051612558,0.9875595826803836,1.0,False
A81036,3,0.0827300455400757,0.657257967966582,0.9333333333333332,False
A81037,2,0.0906942348984767,0.98481197280376,1.0,False
A81038,3,0.2778690214050601,0.9986637660124472,1.0,False
A81039,2,0.1052016844433715,0.935851648786144,1.0,False
A81040,2,0.1141475371699938,0.976302916486092,1.0,False
A81041,2,0.2688837075495056,0.99805647233672,1.0,False
A81042,1,-0.0761403857990731,0.7554424853987346,1.0,True
A81044,3,0.2893343407109675,0.9999048575763092,1.0,False
A81045,2,0.1211084037356568,0.9798122660388658,1.0,False
A81046,2,0.0932193088992634,0.979744396535382,1.0,False
A81048,3,0.0241517768489641,0.7092552554113842,1.0,True
A81049,2,0.0693011964982718,0.972470753695572,1.0,False
A81051,2,0.1302674767225993,0.9934177233651414,1.0,False
A81052,2,0.1077245706262811,0.988601502646349,1.0,False
A81053,2,0.190469321223397,0.997981939803088,1.0,False
A81054,2,0.0860835252444443,0.9782313374544276,1.0,False
A81056,2,0.085727972870815,0.685360335404793,1.0,False
A81057,2,0.1014433161729048,0.9300156063621282,1.0,False
A81058,3,0.2751343311013087,0.9999196678860104,1.0,False
A81060,3,0.2611296575306929,0.999726249891216,1.0,False
A81063,2,0.122925528778211,0.9866685942067244,1.0,False
A81064,3,0.218008533273149,0.9970437324177348,1.0,False
A81066,2,0.3198527525032378,0.9993927401023818,1.0,False
A81067,2,0.1293237060550189,0.9702481897527196,1.0,False
A81070,2,0.132897901380037,0.8744757148977204,1.0,False
A81602,1,-0.0135456138107098,0.9116199846817644,1.0,False
A81608,1,-0.0302997783826017,0.9999965271777688,1.0,False
A81610,2,0.160107221993148,0.9929964230792157,1.0,False
A81611,3,0.275556483644276,0.9953951334570385,1.0,False
A81612,2,0.30832294948754,0.9965322581723068,1.0,False
A81618,2,0.1405364617851016,0.9913952644087508,1.0,False
A81621,2,0.0976622948116137,0.9464101694015782,1.0,False
A81622,2,0.2849555243842416,0.9949272704475478,1.0,False
A81629,1,-0.020398217991094,0.7352318088025339,1.0,False
A81631,2,0.1948355652851906,0.6487977899713876,0.9666666666666668,False
A82003,2,0.1305301372044897,0.9159328852729172,1.0,False
A82004,2,0.1114245136646754,0.9822648526227584,1.0,True
A82005,2,0.310223983819235,0.9983603848597216,1.0,False
A82006,3,0.2823199805190876,0.9988563521268596,1.0,False
A82007,2,0.2069761595191445,0.997245511883058,1.0,False
A82008,2,0.1135489251416421,0.9605610949124234,1.0,False
A82009,3,0.2356645657508562,0.9988442205566336,1.0,False
A82010,1,-0.0352560213568565,0.7318289611258986,1.0,False
A82012,3,0.1300341143924741,0.7615091091152995,1.0,False
A82013,3,0.1317665243939174,0.9450505135022892,1.0,False
A82014,3,0.0518650483397495,0.4893420081105613,0.6,True
A82015,2,0.1430481805214834,0.9878603486425308,1.0,False
A82016,3,0.0071942280029224,0.8965159538482302,1.0,True
A82018,3,0.2736736906828412,0.904500399908742,1.0,False
A82020,1,0.0499469211932505,0.6331108018011168,1.0,True
A82021,2,0.0810158740127114,0.980500942661933,1.0,False
A82022,2,0.0342601361580823,0.9117421910159142,1.0,False
A82023,3,0.3180118020914095,0.9998254932208356,1.0,False
A82024,2,0.1625167897873253,0.9754234889327068,1.0,False
A82025,2,0.2745008091045444,0.989856295658912,1.0,False
A82026,2,0.2349792155046807,0.9985046068709764,1.0,False
A82027,2,0.0116337612704191,0.9274792999845438,1.0,False
A82028,3,0.087279008808465,0.74620948250108,1.0,False
A82029,2,0.291722444590688,0.9991187369809592,1.0,False
A82030,2,0.1677469436927327,0.987519361387639,1.0,False
A82031,2,0.1791610318258168,0.9236108172317126,1.0,False
A82032,3,0.2780908630924945,0.99893500682337,1.0,False
A82033,2,0.2193665717025104,0.9289499848869888,1.0,False
A82035,2,0.0348002321267237,0.7856009166486253,1.0,False
A82036,3,0.2596786781684924,0.9484830505578468,1.0,False
A82037,2,0.1703843397815717,0.9963299505534998,1.0,False
A82038,3,0.2984652462764326,0.9984412612582102,1.0,False
A82039,2,0.2645225096558848,0.9951375916292936,1.0,False
A82041,3,0.1642611668938258,0.9240554807142928,1.0,False
A82044,3,0.0277573497658993,0.8213211338488573,1.0,True
A82045,3,0.1526632216204418,0.9433434132495128,1.0,False
A82046,1,-0.0575770442640648,0.9062534705271372,1.0,True
A82047,3,0.1509899203749971,0.9258181326422372,1.0,False
A82053,2,0.0121204503283394,0.9949564442230076,1.0,True
A82055,3,0.1618292406939696,0.6343891649634459,1.0,False
A82062,2,0.1536526110527375,0.655328691148745,0.9333333333333332,False
A82064,2,0.1661033994305992,0.9849072866756364,1.0,False
A82068,2,0.21222081884526,0.8048655906143731,0.9666666666666668,False
A82070,2,0.3097114574171057,0.9943756349461096,1.0,False
A82071,2,0.1729997970897011,0.5449364688572457,0.7333333333333333,True
A82072,1,-0.0248649519895065,0.5381220899619967,0.6,False
A82075,2,0.2211676168243764,0.9814693772967744,1.0,False
A82608,2,0.2563171930747028,0.99785402072731,1.0,False
A82613,1,-0.0100810766168344,0.999902582385962,1.0,False
A82617,3,0.2115299065314495,0.9963940938444268,1.0,False
A82620,1,-0.0340715336846114,0.8321078058344421,1.0,False
A82629,1,0.0556297455562595,0.999999999987633,1.0,False
A82631,3,0.2767445775497457,0.9992486996259704,1.0,False
A82646,2,0.1789577551432618,0.9354998687495808,1.0,True
A82647,2,0.0625799069467065,0.8186719143545738,1.0,True
A82650,2,0.1752548341587983,0.9866788889891788,1.0,True
A82651,2,0.2838133769248888,0.9962633497692512,1.0,False
A82654,2,0.1041846570093146,0.9389195033470888,1.0,False
A83001,3,0.1154926689554296,0.7795262716452888,1.0,False
A83003,2,0.2850028459961716,0.9992916073715212,1.0,False
A83005,3,0.1961918470194816,0.998434413044448,1.0,False
A83006,3,0.1791383521317225,0.9947098321322232,1.0,False
A83007,2,0.2876279811737488,0.9990034573946937,1.0,False
A83008,2,0.0161459905699944,0.9982959245784324,1.0,True
A83009,3,0.0777248407618645,0.6539944165229695,1.0,False
A83010,2,0.2506459431254363,0.9933172165674125,1.0,False
A83011,1,0.0168178496763762,0.851836464286202,1.0,True
A83012,3,0.0333601963096624,0.9993935646573884,1.0,True
A83013,2,0.2339430943955917,0.9952282185507686,1.0,False
A83014,2,0.1986770017803431,0.99469495933915,1.0,False
A83015,2,0.27905309910294,0.998541256424915,1.0,False
A83016,2,0.0468055927866021,0.932369916543046,1.0,False
A83018,2,0.0057665990018803,0.9172183759033502,1.0,False
A83020,2,0.1703328357923777,0.9972794870955756,1.0,False
A83021,2,0.1571422209267889,0.7396459194381042,0.9666666666666668,False
A83022,2,0.056455331934388,0.9404997009234644,1.0,False
A83023,3,0.0194760324994235,0.6882507963951615,0.9666666666666668,True
A83024,2,0.212061413892435,0.9920692941661056,1.0,False
A83025,2,0.1445584271473612,0.991859266594648,1.0,False
A83026,2,0.1296396002534253,0.7449418207291418,1.0,True
A83027,2,0.0429812415322552,0.8653947479755582,1.0,False
A83028,2,0.183189315081224,0.991911462539228,1.0,False
A83029,2,0.143111962054567,0.7766698528715557,1.0,True
A83030,3,0.1287278515678211,0.9582206361509876,1.0,False
A83031,2,0.1987304039838102,0.9992789684410088,1.0,False
A83032,2,0.0361514006979293,0.9990186385656455,1.0,True
A83033,3,0.0955646886152519,0.8843563515846531,1.0,False
A83034,2,0.1571501721090313,0.9946428504752922,1.0,False
A83035,3,0.1947413780402448,0.9980473358523952,1.0,False
A83036,2,0.0225631377498111,0.9445094387102888,1.0,False
A83037,3,0.2174514211346563,0.99908329456643,1.0,False
A83038,2,0.0881607060467312,0.9797829792629604,1.0,False
A83040,2,0.1710180234145577,0.9840575450642972,1.0,False
A83041,2,0.1355741261233343,0.9977141410106418,1.0,True
A83043,2,0.2199872469055457,0.9982928234885234,1.0,False
A83044,2,0.0952935174104052,0.7296834222117197,1.0,True
A83045,3,0.1054553523154482,0.8470561395621006,1.0,False
A83046,2,0.2980560162089407,0.997486006139804,1.0,False
A83047,2,0.176301244690925,0.9976007933365786,1.0,False
A83048,3,0.0563014034682352,0.9892629017991472,1.0,True
A83049,2,0.2088598961873906,0.7031993111281138,1.0,True
A83050,2,0.1977461391174813,0.9988919065688878,1.0,False
A83051,1,-0.0364881303731051,0.9636913110099438,1.0,False
A83052,2,0.1257228472284248,0.5784663870803407,0.8333333333333334,True
A83054,3,0.1651034776125529,0.986561046618838,1.0,False
A83055,2,0.0054997644442281,0.8360483735785582,1.0,False
A83057,2,0.00543711603631,0.995054435651741,1.0,True
A83060,2,0.1307543168463172,0.9715416112702372,1.0,False
A83061,1,-0.0546005461649584,0.7922450146390758,1.0,False
A83066,2,0.2428026397879025,0.9990299923800384,1.0,False
A83070,2,0.3106892854229301,0.9981996739796544,1.0,False
A83071,2,0.2613018910097385,0.9981040541595676,1.0,False
A83072,1,-0.0561112459346326,0.6000622595700236,0.9666666666666668,False
A83073,2,0.2561029131601712,0.9908365339553328,1.0,False
A83074,2,0.075748993681676,0.9881924285399682,1.0,False
A83075,2,0.1388546719278821,0.9232844276432164,1.0,True
A83610,2,0.2128944326639502,0.8455759115732334,1.0,True
A83616,2,0.2787905870137558,0.9957098294168693,1.0,False
A83617,2,0.0775010215427145,0.8356626442050563,1.0,True
A83618,3,0.186258622034475,0.9703669938475836,1.0,False
A83619,1,-0.0421262601137244,0.5128573130057165,0.4666666666666667,False
A83622,2,0.0969652201254462,0.946869867691485,1.0,False
A83626,2,0.1645737260137824,0.9080069754203968,1.0,False
A83627,3,0.1114511124603461,0.505758692289926,1.0,False
A83634,2,0.0781635189970107,0.8714734539021471,1.0,True
A83635,2,0.2229656573285355,0.9934213637164035,1.0,False
A83636,3,0.2710727798801665,0.9998068183918576,1.0,False
A83637,2,0.1558021279797646,0.9937551173101102,1.0,False
A83641,3,0.0224299575135604,0.427423929567677,0.5666666666666667,True
A83644,1,0.0317116475335616,0.9998606950976596,1.0,False
A84002,2,0.0568290591953386,0.9316172417760814,1.0,False
A84005,3,0.2558522382719304,0.9998133606574506,1.0,False
A84006,3,0.0722821358532911,0.6439585984933134,0.9333333333333332,False
A84007,3,0.2415377224391729,0.9998914499836548,1.0,False
A84008,3,0.0794587657444892,0.4090178787470342,0.8666666666666667,True
A84009,3,0.057203864599266,0.5841735574191816,1.0,True
A84011,2,0.2768775586911083,0.9994678689494952,1.0,False
A84013,2,0.2162114281964706,0.7720600882218784,1.0,False
A84014,2,0.3107693669512564,0.9988275943442624,1.0,False
A84016,2,0.1436811783211586,0.9952478852562224,1.0,False
A84018,2,0.042111022987995,0.9446019388853768,1.0,False
A84020,2,0.0803852498726732,0.97346681528129,1.0,False
A84022,3,0.2510617117074988,0.9998998753138644,1.0,False
A84024,2,0.0983174562150713,0.9785158329483656,1.0,False
A84025,2,0.1537651682377303,0.995718362894874,1.0,False
A84026,3,0.1546217882459938,0.656772415236786,1.0,True
A84027,2,0.030047368467513,0.952111737206432,1.0,False
A84028,2,0.1845005788794188,0.8650806788577515,1.0,False
A84029,3,0.1592713721735167,0.9545999959372404,1.0,False
A84030,2,0.0944636447012173,0.9700777856923982,1.0,False
A84031,3,0.1924384323063975,0.9969955181421164,1.0,False
A84033,2,0.2968193570047046,0.9932977737517268,1.0,False
A84034,2,0.2451464237572493,0.9989856176801856,1.0,False
A84035,2,0.3125797551459547,0.9986967704449854,1.0,False
A84036,3,0.2369410837597133,0.9986496760246684,1.0,False
A84037,2,0.2116396037181116,0.9628369868580822,1.0,False
A84038,3,0.1006990173217383,0.8852390240895345,1.0,False
A84039,2,0.2614028262987334,0.9983344005376992,1.0,False
A84040,2,0.0839952937396849,0.9818967891094064,1.0,False
A84042,2,0.0927855147033143,0.6375499533193303,0.9666666666666668,False
A84044,3,0.1453900512090417,0.9001540620768675,1.0,False
A84045,3,0.026304356884708,0.5060855730047267,0.5,True
A84047,2,0.2615117312977202,0.9957034910761104,1.0,False
A84604,2,0.0238380803464767,0.7579636859816391,1.0,False
A84619,2,0.070757616238754,0.9510192688429714,1.0,False
A85001,1,-0.0835383259038681,0.8817960090345295,1.0,True
A85002,2,0.2414980597981706,0.9600832809338372,1.0,False
A85004,3,0.0766743980201996,0.5037355752546693,1.0,False
A85005,2,0.0255378171789497,0.8886188458542843,1.0,False
A85006,3,0.2607226154458889,0.9989606321263214,1.0,False
A85007,2,0.1893755181157186,0.97727188377295,1.0,False
A85008,3,0.1084797515615972,0.6286932275599227,0.9,False
A85009,2,0.1259164091513064,0.9058884047274672,1.0,False
A85010,2,0.2177043548349563,0.995669456274716,1.0,False
A85011,2,0.0087423200204726,0.7704173460636607,1.0,False
A85013,2,0.1690808990835323,0.8722992196788503,1.0,False
A85016,2,0.1284654436246481,0.9938058361710004,1.0,False
A85017,2,0.1866228094762446,0.9628367705769628,1.0,False
A85018,2,0.0541059850159384,0.9690708462230642,1.0,False
A85019,2,0.0648749129234046,0.975527773842282,1.0,False
A85020,2,0.1588060230608166,0.997572499533104,1.0,False
A85021,2,0.1293127163971957,0.9264056614732624,1.0,False
A85024,1,0.0524824745714506,0.9345508549487054,1.0,False
A85026,3,0.1169926253205858,0.697334808437661,1.0,False
A85611,2,0.0254721354574566,0.8195619210392514,1.0,False
A85614,2,0.2547539463050453,0.9953813542050092,1.0,False
A85616,2,0.1738235216070412,0.9871844721901056,1.0,False
A85617,2,0.0747167737305594,0.978704237899629,1.0,False
A86003,1,0.005721861803402,0.6968641268301333,1.0,False
A86004,2,0.0764741843153443,0.9787395701566244,1.0,False
A86005,2,0.0779779713131583,0.999751362319472,1.0,True
A86006,2,0.2775111804513498,0.998409861227194,1.0,False
A86008,2,0.2115795146994457,0.8039035391284954,0.9666666666666668,False
A86010,3,0.2619151940280901,0.999947166007238,1.0,False
A86011,3,0.1638598262980144,0.9930982751384816,1.0,False
A86012,2,0.0611435948164431,0.925682001188296,1.0,True
A86013,3,0.1016041324534672,0.7429252213778433,1.0,False
A86016,3,0.2071453746451541,0.9940903157840796,1.0,False
A86017,2,0.0872377508702205,0.5255859543441016,0.7333333333333333,False
A86018,3,0.3027553164422945,0.9999812051788622,1.0,False
A86020,1,-0.0030870175686884,0.9999954675324404,1.0,False
A86021,3,0.0911290928414319,0.6856237095411025,0.9666666666666668,False
A86022,3,0.1746913498655997,0.9764607525250488,1.0,False
A86023,3,0.2583773304689313,0.9995639435685956,1.0,False
A86024,2,0.0013459296059315,0.8487065780194707,1.0,False
A86025,3,0.1054770742331861,0.8064401515622245,1.0,True
A86026,3,0.1414742049002867,0.7435606762272162,1.0,True
A86027,1,0.0796297754438389,0.999999999996831,1.0,False
A86028,2,0.059271044649112,0.9473784494459196,1.0,False
A86029,3,0.2438076758532998,0.9993451364383,1.0,False
A86030,2,0.2161862542657038,0.997073496595472,1.0,False
A86031,2,0.0616617557444314,0.9439925283339752,1.0,False
A86033,3,0.0646573285538802,0.5185882733925065,0.7,True
A86037,2,0.2014650985481156,0.903234314181317,1.0,False
A86038,2,0.0775788653449641,0.9812179360265304,1.0,False
A86040,3,0.3205937581205679,0.9999376180738752,1.0,False
A86041,2,0.1982520962672865,0.9975742958698932,1.0,False
A86601,2,0.0789870081911272,0.977447224766803,1.0,False
A87002,2,0.1104140502678044,0.988215380534886,1.0,False
A87004,2,0.2944181843506684,0.9982095840129238,1.0,False
A87005,2,0.3092812160915856,0.9987203793567766,1.0,False
A87007,2,0.023699657726301,0.8576867975932568,1.0,False
A87008,3,0.0249018978633639,0.6427766580251624,1.0,True
A87009,2,0.184556631116744,0.9980714183222238,1.0,False
A87011,3,0.0509678310192981,0.6760739042056668,1.0,False
A87012,2,0.2313291507176923,0.96185094988233,1.0,False
A87013,2,0.1523592057188987,0.8625451717921905,1.0,False
A87016,2,0.1757229046309199,0.996930895610042,1.0,False
A87017,2,0.1894100746285204,0.9879807883998168,1.0,False
A87020,2,0.1041282847961576,0.7951984884434928,1.0,False
A87022,3,0.1156633267267543,0.8670785240528834,1.0,False
A87029,2,0.0317788356788565,0.9024190013113566,1.0,False
A87030,2,0.0936921291536642,0.9695998199297428,1.0,False
A87612,3,0.250150452180335,0.9996217150254328,1.0,False
A87615,2,0.0473694605562994,0.8637052010283457,1.0,False
A88001,3,0.0927979364216975,0.8652110196598426,1.0,True
A88002,1,-0.002378665841022,0.6546814246912159,1.0,True
A88003,1,-0.0522535910247094,0.9628108557118428,1.0,False
A88004,2,0.1563653955496335,0.9928937331625424,1.0,False
A88005,3,0.1747508560232321,0.6554916373046398,1.0,False
A88006,2,0.1358130083092376,0.989590697569514,1.0,False
A88008,2,0.1578896580022599,0.9816824662537028,1.0,False
A88009,1,0.0814294438243125,0.9889720896129488,1.0,False
A88010,2,0.0341481034556931,0.9335180819720352,1.0,False
A88012,3,0.0913418296281371,0.9773648144338596,1.0,True
A88013,3,0.0653882898650849,0.582947968201719,1.0,True
A88014,1,0.0580979868840774,0.9999382958793488,1.0,False
A88015,2,0.1671918355386974,0.994417657832779,1.0,False
A88016,2,0.111786133933885,0.712483804881465,1.0,False
A88022,2,0.1051350673670568,0.9927209904273376,1.0,False
A88023,2,0.2645038235447763,0.9992533809863828,1.0,False
A88025,1,0.075992269924457,0.5581683585102745,0.9666666666666668,True
A88601,1,-0.0683101355669892,0.892730433875867,1.0,True
A88608,2,0.1252243400436297,0.922927636476922,1.0,False
A88613,1,0.1367920914028263,0.999996062245523,1.0,False
A89001,2,0.1125344491955969,0.7850381839554745,1.0,False
A89002,2,0.147476147928914,0.7769290223548094,1.0,True
A89004,3,0.2220146710997945,0.995944084485347,1.0,False
A89005,1,0.1142012429974727,0.9999993430593994,1.0,False
A89006,2,0.088885260168045,0.5418353608092398,0.6333333333333333,True
A89007,1,0.1392903102587254,0.9990683902827484,1.0,False
A89008,3,0.1354866304588621,0.9440547063043208,1.0,False
A89009,1,-0.0305220675901907,0.7177054655301182,1.0,False
A89010,2,0.1264318511114089,0.9928633992231538,1.0,False
A89011,1,0.0170502113296476,0.916371418794112,1.0,False
A89012,1,-0.0622522018055234,0.95226596688573,1.0,True
A89013,2,0.0766985123662503,0.8235880219168985,1.0,True
A89015,2,0.034239122284864,0.8869985457933758,1.0,False
A89016,3,0.1345482819030766,0.8913493663014653,1.0,False
A89017,2,0.0702384428964297,0.965604237812544,1.0,False
A89018,1,-0.0243529439670558,0.7751889591494179,1.0,True
A89019,3,0.2494262734215646,0.9910486143318256,1.0,False
A89020,3,0.3213560787950627,0.9999601874577122,1.0,False
A89021,2,0.1455669622637517,0.992957577949126,1.0,False
A89022,2,0.219187015625818,0.9987270707948036,1.0,False
A89023,2,0.0493353809517874,0.9381521592052622,1.0,False
A89024,2,0.2475374851534042,0.9543973167151248,1.0,False
A89025,2,0.1660072367394184,0.8428660725824834,1.0,False
A89026,2,0.256005201425557,0.9160281488722072,1.0,False
A89027,3,0.0433833525762663,0.5986079436482944,1.0,False
A89028,2,0.236731603480844,0.9987377865572238,1.0,False
A89030,2,0.0589956337442215,0.9220028471003214,1.0,False
A89031,2,0.1380532526156313,0.7990167456389262,1.0,True
A89034,2,0.2106167538326069,0.9747812769875857,1.0,False
A89035,2,0.1276853522545785,0.7302475051174431,1.0,True
A89036,1,-0.0027521564781196,0.8637300878411306,1.0,True
A89040,1,0.1327694557005042,0.9999966256350366,1.0,False
A89041,2,0.1097187340320168,0.977001696175418,1.0,False
A89616,2,0.1003096293489905,0.9838451941867092,1.0,False
A89617,2,0.166081688428335,0.890138455546796,1.0,False
A89623,1,0.0448115505358297,0.9995252054090228,1.0,False
B81003,3,0.3015579847097538,0.996674936189504,1.0,False
B81004,2,0.0079342063388264,0.6815695230895995,1.0,False
B81005,3,0.2032467933962486,0.9979851731405028,1.0,False
B81006,3,0.0242881003839276,0.758025294453536,1.0,True
B81007,2,0.0992035277762298,0.9860238362261526,1.0,False
B81008,3,0.2793691730419207,0.9999605793668224,1.0,False
B81009,2,0.172307954252126,0.9943984505151195,1.0,False
B81011,2,0.2196353612321304,0.9916716036962197,1.0,False
B81012,1,-0.0262350451356758,0.967834954130549,1.0,False
B81013,3,0.0373216738390448,0.8109980501074134,1.0,True
B81015,3,0.1888023206006834,0.9884524197238448,1.0,False
B81016,3,0.182756582390983,0.949628987077194,1.0,False
B81017,1,-0.0262765057780141,0.701828670346233,1.0,True
B81018,3,0.1198440394128563,0.8453100175143853,1.0,False
B81020,2,0.0750177407623896,0.9781301275386444,1.0,False
B81022,3,0.1039554595839207,0.8103397149984182,1.0,False
B81024,2,0.1435378739181989,0.9968639510383848,1.0,False
B81025,3,0.0618510352260863,0.5343352932867319,0.6,False
B81026,3,0.0500898887269691,0.6361225519665549,1.0,True
B81027,1,0.0040727127617009,0.9080624303202692,1.0,True
B81029,2,0.2106570773145187,0.5045723630632227,0.5333333333333333,False
B81030,2,0.2044222211121314,0.9639770620675168,1.0,False
B81031,2,0.0580099671874422,0.9165342861391632,1.0,True
B81032,2,0.1264416128095665,0.5696930116070373,0.9,False
B81034,3,0.0169067456014988,0.7680382196106957,1.0,True
B81035,2,0.3151462965206857,0.987922855923571,1.0,False
B81036,3,0.2422071772266217,0.9997406560753048,1.0,False
B81037,2,0.1253243848916711,0.990060902729534,1.0,False
B81038,3,0.0113984682216277,0.7656477924245844,1.0,True
B81039,1,-0.0153368780952704,0.9998585153618724,1.0,False
B81040,2,0.2376277202487292,0.987207839057368,1.0,False
B81041,3,0.286313279566359,0.9999569644995974,1.0,False
B81042,3,0.0389198734848827,0.5080952918823527,0.5333333333333333,False
B81043,2,0.1799112365852067,0.9974716087219716,1.0,False
B81045,3,0.0463292270804892,0.5285537656124889,0.7,True
B81046,2,0.0175914129862282,0.6945247962208463,1.0,False
B81047,2,0.1993853170293554,0.5578184269480236,0.7666666666666667,False
B81048,1,0.0033432055111125,0.5444015986589472,1.0,True
B81051,2,0.2018846343907108,0.9946746703996798,1.0,False
B81054,2,0.1506606329111348,0.927417337826399,1.0,False
B81061,2,0.0110403431665662,0.8472031230284265,1.0,False
B81063,2,0.1330294386989702,0.9966091994186124,1.0,False
B81064,3,0.0733314248078687,0.5379730419464698,0.6666666666666666,False
B81068,2,0.0268114214782327,0.9229454936884396,1.0,False
B81069,3,0.1730930567935395,0.9517015146758586,1.0,False
B81074,2,0.1430231366296416,0.9839177079939274,1.0,False
B81075,3,0.1421006733455128,0.9836376554368784,1.0,False
B81082,2,0.2788009979522071,0.9584356648583888,1.0,False
B81085,2,0.0788977504139335,0.9909617084686806,1.0,True
B81087,2,0.1691132990902094,0.5545141564034817,0.7666666666666667,True
B81088,3,0.1535316930880363,0.9758351470015733,1.0,False
B81090,2,0.1217821232411391,0.9388120249290984,1.0,False
B81091,3,0.1227616017626583,0.8908988938797626,1.0,True
B81092,2,-0.0061087178688933,0.7917080257223323,1.0,False
B81097,1,0.0542617419127566,0.8557882666736182,1.0,False
B81099,3,0.0940677824230383,0.9008272908509022,1.0,False
B81100,2,0.1570169718205322,0.5968789171333008,0.9333333333333332,False
B81101,2,0.1024913330942979,0.990244797709686,1.0,False
B81104,2,0.1011015373331036,0.5498980567626683,0.8333333333333334,False
B81108,1,-0.0284123345915769,0.5235723129810047,0.5333333333333333,False
B81109,3,0.2046124640050393,0.9926763034512024,1.0,False
B81112,3,0.0766450101501615,0.4879369391576953,0.9,False
B81113,3,0.1240819566514489,0.9988718235813178,1.0,True
B81118,2,0.2359954968251365,0.9930005535788629,1.0,False
B81119,2,0.0709830629174039,0.8740443584520294,1.0,False
B81606,3,0.1124082138755351,0.8896201598807747,1.0,True
B81616,1,-0.0549990686703703,0.9457202079406372,1.0,False
B81617,2,0.0826697194578645,0.8006866979271475,1.0,False
B81619,1,-0.0100584467887216,0.9999999999729994,1.0,False
B81628,1,0.0900716277628277,0.9999999802256314,1.0,False
B81631,2,0.2837442284881243,0.992028564476516,1.0,False
B81635,2,0.2501987088406114,0.9969835970970924,1.0,False
B81642,3,0.1326731345839926,0.8614747919415215,1.0,False
B81647,2,0.1043912721539683,0.9804641482209652,1.0,False
B81648,2,0.0207987551090697,0.990628040608736,1.0,True
B81653,2,0.1510528500006019,0.9718060165064616,1.0,False
B81655,1,-0.0428571241855851,0.995904777995948,1.0,False
B81656,1,-0.0365570426555805,0.9995557358962636,1.0,False
B81663,1,0.0128244651091742,0.9999711040662494,1.0,False
B81665,3,0.0783060195972068,0.6057762898984081,1.0,True
B81666,1,0.0540361283784963,0.9999999987490824,1.0,False
B81697,1,-0.0435856873586848,0.5165835330140338,0.7333333333333333,True
B82002,3,0.225097946901777,0.9988531348479666,1.0,False
B82004,3,0.1834170110112173,0.981140752264954,1.0,False
B82005,1,-0.0367071817495612,0.8608011188351669,1.0,False
B82007,3,0.0523490930655671,0.5600323273713235,0.9333333333333332,True
B82008,3,0.1118652991363624,0.8801481913817149,1.0,False
B82010,3,0.1028984876000183,0.9837534834651036,1.0,True
B82011,2,0.0971892998714197,0.9867372966004384,1.0,False
B82012,2,0.1746447123333338,0.9980077360081872,1.0,False
B82013,1,0.0142585733616006,0.9366887578062862,1.0,False
B82014,3,0.0324697764231859,0.730673139975366,1.0,True
B82016,3,0.2866953645671365,0.999835454627074,1.0,False
B82017,2,0.2872666949177428,0.981482024369942,1.0,False
B82018,2,0.2951627949313552,0.9931829356748948,1.0,False
B82019,2,0.2233659477034762,0.7007569888185452,1.0,True
B82021,2,0.2556452318694234,0.7478029691123961,0.9666666666666668,False
B82022,3,0.0036410576607927,0.894062585630765,1.0,True
B82023,2,0.0571733933919276,0.9423026446884314,1.0,False
B82024,1,-0.0270109768459787,0.961415179156968,1.0,False
B82025,2,0.3010483697561351,0.9952024557022728,1.0,False
B82026,2,0.0863375402548848,0.7706010880586888,1.0,True
B82027,3,0.2459137934948546,0.9996880608573774,1.0,False
B82029,2,0.0488637305203872,0.964185691876767,1.0,False
B82030,2,0.2439411269689136,0.9987467630877284,1.0,False
B82031,3,0.1846050124813203,0.99727480623354,1.0,False
B82032,3,0.2497061140586609,0.99987856752252,1.0,False
B82033,2,0.2088038819418125,0.9825662088399136,1.0,False
B82034,2,0.11956146120618,0.9959206195600916,1.0,False
B82035,2,0.059048940716758,0.8939711623065684,1.0,False
B82036,2,-0.0002398715419989,0.6678921992900086,1.0,False
B82037,3,0.0103426976775976,0.8306122967741062,1.0,True
B82038,2,0.2191414962636908,0.8686579393882263,1.0,False
B82041,2,0.0491955230050577,0.9684797576954708,1.0,False
B82042,2,0.0512016647055473,0.955498714729512,1.0,False
B82044,2,0.0471506366290554,0.941915889835519,1.0,False
B82045,3,0.0625214425048785,0.5019677257618099,0.6333333333333333,False
B82046,2,0.1605165045429759,0.8309887844050228,1.0,False
B82047,2,0.0877093038517325,0.9915790022638096,1.0,True
B82049,3,0.1976005140507905,0.9917567161353584,1.0,False
B82050,2,0.2427415675384249,0.9629960501550636,1.0,False
B82053,2,0.1089011914461834,0.8773538702770564,1.0,False
B82054,2,0.1262516191346871,0.9954460934346177,1.0,False
B82057,3,0.0581346049009365,0.6012565422500684,0.9666666666666668,True
B82059,3,0.2296702560408809,0.9996669172962358,1.0,False
B82060,3,0.2512677594540108,0.9998417546296132,1.0,False
B82061,2,0.1062309302818724,0.9899452124729488,1.0,False
B82063,2,0.2997283986344724,0.9919103739518242,1.0,False
B82064,2,0.0750150776112481,0.9478890254909236,1.0,False
B82066,2,0.1792209523683449,0.991528924868237,1.0,False
B82067,2,0.0560806754976733,0.7875168644059883,1.0,False
B82068,2,0.1308375481979986,0.6279098666070791,1.0,True
B82069,3,0.1892273178515511,0.981582963143572,1.0,False
B82071,2,0.2679511396675864,0.9775265512260496,1.0,False
B82072,2,0.0992650046894763,0.6290987786716021,0.9666666666666668,False
B82073,2,0.2651766933913516,0.9899236413470154,1.0,False
B82074,2,0.2299573746715573,0.9338745176319512,1.0,False
B82075,2,0.1859439472971164,0.998140945749986,1.0,False
B82077,3,0.0693869749395067,0.9996556672482164,1.0,True
B82078,2,0.0644701976215026,0.9356182547746208,1.0,False
B82079,2,0.0558574919893037,0.9881583313037332,1.0,True
B82080,3,0.2852119725620336,0.99992030983889,1.0,False
B82081,3,0.2974149695290364,0.9996599863773508,1.0,False
B82083,3,0.1685803483331169,0.8364302589054972,1.0,False
B82086,1,-0.0420281023665678,0.9388011697374252,1.0,False
B82088,2,0.1221526461141218,0.9948481299054824,1.0,True
B82097,2,0.1478534767951227,0.7502817079326152,1.0,False
B82098,2,0.1236606949096877,0.8017594801197587,1.0,False
B82100,3,0.1871921853332639,0.9910124584398008,1.0,False
B82101,3,0.2633481244866509,0.999787232491788,1.0,False
B82104,3,0.1969656428710124,0.9863631862407588,1.0,False
B82105,3,0.0328898504769819,0.6032384850195046,0.9,True
B82106,2,0.2419278518193723,0.9989765399353422,1.0,False
B82609,2,0.2580104266261311,0.9975328534723304,1.0,False
B82619,1,-0.003043153511643,0.9988857968993744,1.0,False
B82622,1,-0.0038358435020163,0.9991311107019744,1.0,False
B82628,2,0.2946419763448705,0.9918238040147438,1.0,False
B83002,2,0.155236974025559,0.9982903758871132,1.0,False
B83005,3,-0.000379718038747,0.9980049338987396,1.0,True
B83008,1,0.0368913181564805,0.9950954245611138,1.0,False
B83009,1,-0.0336607463706864,0.5043997910792577,0.9333333333333332,True
B83010,3,0.0766693065628747,0.9999992076037691,1.0,True
B83012,3,0.0897372849951137,0.6769595087513806,1.0,False
B83014,2,0.0271763802921082,0.5809427417970175,1.0,True
B83015,2,0.0057192079892009,0.7211159463566722,1.0,False
B83016,2,0.162551197091607,0.9878912422069608,1.0,False
B83018,3,0.179695511747572,0.583191854871169,0.9,False
B83019,3,0.0634628038571746,0.3822732528422509,0.6666666666666666,False
B83020,3,0.164764877724629,0.9318060072693414,1.0,False
B83022,2,0.2287631489354735,0.9202609406908412,1.0,False
B83025,2,0.0841579013934243,0.9944848796701184,1.0,True
B83026,3,-0.0019411469786301,0.9987671689824592,1.0,True
B83028,2,0.0208658071410818,0.9284848664092826,1.0,False
B83029,2,0.2224768474798378,0.9935356417081648,1.0,False
B83031,3,0.0630750524427914,0.9999730653598652,1.0,True
B83032,3,0.1267307066141105,0.9629876868591668,1.0,True
B83033,3,0.1795053176781416,0.9891304728518574,1.0,False
B83034,3,0.1750082310721157,0.6965143117151722,1.0,True
B83035,2,0.0683478159923584,0.9728260390969332,1.0,False
B83037,3,0.116413458889583,0.9999952900287749,1.0,True
B83038,3,0.280011972023565,0.999580262614728,1.0,False
B83039,3,0.0989516361675018,0.7211062617654086,1.0,True
B83041,1,-0.0270889149440256,0.9999999980248796,1.0,False
B83042,3,0.078086517492663,0.7790795657603885,1.0,False
B83045,3,0.110189148318364,0.9992225625092428,1.0,True
B83051,3,0.0909358714381644,0.5541184586967868,1.0,False
B83052,2,0.0034330185926385,0.8843045750738473,1.0,False
B83054,3,0.2711086606575485,0.9989437156155574,1.0,False
B83055,3,0.0856305552987626,0.8168502744116233,1.0,False
B83056,2,0.0530900109616756,0.978863840889608,1.0,True
B83058,3,0.0860507276081162,0.7121936280166592,1.0,False
B83062,2,0.0746168933587,0.768160504303739,1.0,True
B83063,3,0.1708905873730946,0.922863265351248,1.0,False
B83064,3,0.3320218079498056,0.9999745891229264,1.0,False
B83067,2,0.0216457415282257,0.7659566940984106,1.0,True
B83604,1,-0.0360249227466097,0.7670370076760352,1.0,False
B83611,3,0.0331588584884068,0.9992813116907904,1.0,True
B83614,3,0.0754811458409156,0.9999936912502086,1.0,True
B83620,1,-0.0218035693603289,0.999962878371968,1.0,False
B83622,3,0.0348101362422349,0.8040438925036045,1.0,True
B83624,2,0.0663705835273474,0.9764791792288048,1.0,False
B83626,3,0.0897003074284011,0.9999985610542744,1.0,True
B83627,2,0.0782282074687886,0.9859541082138594,1.0,True
B83628,3,0.0994918562932279,0.9999950872592888,1.0,True
B83629,1,-0.0241321230815048,0.999956716091709,1.0,False
B83641,2,0.062482980526815,0.833044519948965,1.0,False
B83642,2,0.2089170684173274,0.9096116798016816,1.0,False
B83653,3,0.1079270974878159,0.5531462333728626,0.7,False
B83657,1,-0.0016558402148102,0.999999999997879,1.0,False
B83659,3,0.0248859734551563,0.9994384444408352,1.0,True
B83660,3,0.1018264516768728,0.9868191847556652,1.0,True
B83661,3,0.0796652777587655,0.9999846011853196,1.0,True
B84001,3,0.3267074701045441,0.9999704551221976,1.0,False
B84003,2,0.2092628314479785,0.7889620788645149,1.0,False
B84004,2,0.2899836252892696,0.9892213736934314,1.0,False
B84006,2,0.2325874609427481,0.9958790462079284,1.0,False
B84007,3,0.2260424607107375,0.9995126780147212,1.0,False
B84008,3,0.2575058067295797,0.9992377740895032,1.0,False
B84009,2,0.1231172113193661,0.928384821489552,1.0,False
B84010,3,0.2834050344962937,0.9988250880425564,1.0,False
B84011,2,0.1069638089561628,0.954379827128407,1.0,False
B84012,2,0.0455723173707689,0.9332649589136328,1.0,False
B84013,2,0.0851456218415737,0.777794452262413,1.0,True
B84014,2,0.2692830805470459,0.9983279024248078,1.0,False
B84016,2,0.0609585070050489,0.9391915813390586,1.0,False
B84019,2,0.1154180305270086,0.9722446559536976,1.0,False
B84021,2,0.1158927613558416,0.8719158003886723,1.0,False
B84612,3,0.0906102060325445,0.7209375411564521,1.0,True
B84613,2,0.2147840435452156,0.998358605774372,1.0,False
B84618,3,0.1618148127958128,0.7429895748326782,1.0,True
B84623,2,0.1503060806239486,0.9807833030395248,1.0,False
B85001,2,0.1038529134090173,0.8912711962346838,1.0,False
B85002,2,0.277230806459261,0.9983034705637988,1.0,False
B85004,2,0.0930307312169365,0.7279670202670987,1.0,True
B85005,3,0.055806513582685,0.6699763238495768,0.9666666666666668,False
B85006,2,0.1488340947750074,0.979544224598636,1.0,False
B85008,2,0.0967018137786593,0.8891298953426449,1.0,False
B85009,2,0.1808973828519363,0.9724993743500594,1.0,False
B85010,1,0.010615991087017,0.9627175407347928,1.0,False
B85012,2,0.0425527543267611,0.9569553849594148,1.0,False
B85014,3,0.0698075652078184,0.9998121015288324,1.0,True
B85015,3,0.0370104900009302,0.4712865199304021,0.9666666666666668,True
B85016,2,0.1959017099308342,0.9798483017433856,1.0,False
B85018,2,0.093180029892371,0.9901418377897372,1.0,True
B85019,2,0.1174498973705205,0.834655525670787,1.0,False
B85020,2,0.1523214819243945,0.8203817646509057,1.0,True
B85021,2,0.2056819945436237,0.9829036073316314,1.0,False
B85022,2,0.2136554807705676,0.9935898908198852,1.0,False
B85023,3,0.1890195964369333,0.9615864336102868,1.0,False
B85024,2,0.0666423386381633,0.9685211519525004,1.0,False
B85025,2,0.2248124593918428,0.9941446636062978,1.0,False
B85026,3,0.1025004813770754,0.9486926528434996,1.0,False
B85027,3,0.2731949582755446,0.9969875617036394,1.0,False
B85028,1,0.0047736861326378,0.9478289204794824,1.0,False
B85030,3,0.0994781731614619,0.503432465337593,0.8333333333333334,False
B85031,2,0.2580076110637501,0.9993504554031216,1.0,False
B85032,2,0.151294384607883,0.9887236126280332,1.0,False
B85033,3,0.1778086612954404,0.9825170281537006,1.0,False
B85036,3,0.0112081878220675,0.9999997938158456,1.0,True
B85037,2,0.2139133809619208,0.998816197984862,1.0,False
B85038,2,0.0220231647348361,0.9999372539709188,1.0,True
B85041,1,0.0518670028164297,0.9983517830537526,1.0,False
B85042,2,0.0809162486923267,0.958480958624063,1.0,False
B85044,1,0.003430153848459,0.9699967472475332,1.0,False
B85048,1,0.0999170094225871,0.9999998298488112,1.0,False
B85051,3,0.0750428149644488,0.8643750472529348,1.0,True
B85054,3,0.0269462123958422,0.4989556648407243,0.6,False
B85055,3,0.141958156437559,0.953507211343499,1.0,False
B85058,1,-0.0442466902379786,0.81720404356309,1.0,True
B85059,3,0.1520337330672375,0.9868871879325296,1.0,False
B85060,3,0.3063236597204867,0.9998232318887216,1.0,False
B85061,2,0.2681514455455231,0.9996730208921047,1.0,False
B85062,1,0.0578962010956804,0.9936960967429722,1.0,False
B85606,3,0.0318814772608311,0.9992116141433356,1.0,True
B85610,3,0.0654852046205244,0.5939341552714323,0.9666666666666668,True
B85611,1,0.1739127087232685,0.9848734576194288,1.0,False
B85612,2,0.1028509080797401,0.9999626041046656,1.0,True
B85614,1,0.0039086409541599,0.9999684746074562,1.0,False
B85619,1,0.0021883542906097,0.9999996532023444,1.0,False
B85620,1,-0.0228913955146185,0.9971089186980449,1.0,False
B85623,3,0.1184978692266296,0.893928310908945,1.0,True
B85634,3,0.0204275461373735,0.5162171190987833,0.9,True
B85636,2,0.0939111418493813,0.989536094896852,1.0,False
B85640,1,-0.0481038836571068,0.9818010090732756,1.0,False
B85641,2,-0.0018016215033416,0.5809619878659256,0.9666666666666668,True
B85645,1,0.0833802533248964,0.999962984128067,1.0,False
B85646,2,0.0861974287220868,0.995745298448206,1.0,True
B85650,2,0.204015527004579,0.9741958677251812,1.0,True
B85652,2,0.1129158239200363,0.9587124775304676,1.0,True
B85655,2,0.0548444632078808,0.9923931553557162,1.0,True
B85659,1,-0.008076068145068,0.9999813006521688,1.0,False
B85660,1,0.0483938851418717,0.8902845885125473,1.0,False
B86002,2,0.0827909735465926,0.9665364827763304,1.0,False
B86003,2,0.136858853133473,0.9849798613603497,1.0,True
B86004,2,0.1970705956493889,0.9956815630288336,1.0,False
B86005,2,0.2867035345263857,0.9992108295653148,1.0,False
B86006,3,0.1150917043767976,0.9594746483832948,1.0,False
B86007,2,-0.0104550179330401,0.7970790553668646,1.0,False
B86008,2,0.1190496485342992,0.9940414037896804,1.0,False
B86009,2,0.1059363084235348,0.9712263732542272,1.0,False
B86010,2,0.1227880769090887,0.969162076124132,1.0,False
B86011,2,0.1908849449234496,0.997780016732547,1.0,False
B86012,3,0.0318724534794106,0.9523549924799242,1.0,True
B86013,1,-0.0461848803206254,0.820987861714782,1.0,True
B86014,2,0.1956393171329712,0.9981157111076504,1.0,False
B86015,2,0.0471323920954235,0.8442895165054909,1.0,False
B86016,3,0.2987269315298501,0.999959059167064,1.0,False
B86017,3,0.1650512926572796,0.8233986256114372,1.0,False
B86018,2,0.0918544933473893,0.9865125051203106,1.0,False
B86019,2,0.1088932741541688,0.8877733536194358,1.0,False
B86020,2,0.2425454592531623,0.996999102394601,1.0,False
B86022,1,-0.0673546169392672,0.9212363800150856,1.0,True
B86024,2,0.1551704889965645,0.8564422720582441,1.0,False
B86025,2,0.1255504880293979,0.992299086279862,1.0,True
B86028,2,0.0606123538929729,0.9534865814661606,1.0,False
B86029,2,0.0296375479940745,0.8803184903653744,1.0,False
B86030,2,0.0822653362765692,0.983537791019148,1.0,False
B86032,3,0.1682969560413218,0.9674186616283312,1.0,False
B86033,3,0.1446457379549511,0.941611028553916,1.0,False
B86034,2,0.2232169451489352,0.9969342339546658,1.0,False
B86035,2,0.1243387004658845,0.9794605066865296,1.0,False
B86036,3,0.0912024434105112,0.8078160097446319,1.0,False
B86038,2,0.1331918969650702,0.9973485744332768,1.0,False
B86039,3,0.2976620806289791,0.9993771786220016,1.0,False
B86041,3,0.2964155843791937,0.9999274347003,1.0,False
B86042,2,0.1359221626332722,0.9837490220727908,1.0,False
B86043,2,0.2236124158746727,0.9980042064726544,1.0,False
B86044,3,0.2051598573492764,0.9942802930434668,1.0,False
B86048,2,0.148567418606086,0.9902186522414448,1.0,False
B86049,2,0.1515671489324512,0.7737715538810556,1.0,False
B86050,2,-0.0098052958941864,0.7589846704929207,1.0,False
B86051,2,0.117761859750352,0.993751399313255,1.0,False
B86052,2,0.2327173287631368,0.9993273178405832,1.0,False
B86054,3,0.281299387863252,0.998921742813821,1.0,False
B86055,1,0.1289106335105247,0.9229722751891132,1.0,False
B86057,2,0.0435331495701169,0.7582917361591668,1.0,True
B86059,2,0.1064473024905715,0.9826222224891846,1.0,False
B86060,3,0.1068919604508641,0.8523003712798012,1.0,False
B86061,1,-0.0193641063138018,0.999984271346749,1.0,False
B86062,3,0.3146611730161364,0.9998762486761844,1.0,False
B86064,2,0.2680654564941006,0.9537413775763296,1.0,False
B86066,3,0.2354188063217431,0.9877099811951764,1.0,False
B86067,2,0.0196231622719557,0.896770506469874,1.0,False
B86068,3,0.1675309137677756,0.9665069083882852,1.0,False
B86069,2,0.1484893308249563,0.8560768240190566,1.0,False
B86070,2,0.0075004078055397,0.8334220048504154,1.0,True
B86071,3,0.2333548029770638,0.9954230156581768,1.0,False
B86075,3,0.2645356203914511,0.999939483769872,1.0,False
B86081,2,0.0829105649655621,0.6643816865437897,0.9666666666666668,True
B86086,2,0.1745303112620869,0.9353075327044934,1.0,False
B86089,1,0.0151803405540199,0.9797475965406712,1.0,False
B86092,2,0.1898822518814571,0.9987711116771972,1.0,False
B86093,3,0.1853685640443989,0.946898855652,1.0,False
B86094,1,0.071433196934879,0.9997971630455982,1.0,False
B86096,2,0.1558042710410794,0.9654748244900622,1.0,False
B86100,3,0.1654406812170299,0.9729017886799048,1.0,False
B86101,2,0.2420399886552809,0.9961594042362336,1.0,False
B86103,1,-0.0836396004334221,0.9269032945743518,1.0,True
B86106,2,0.188340662300769,0.9980684726966514,1.0,False
B86108,2,0.2570503263459605,0.8987707456488477,1.0,False
B86109,2,0.1124983139419672,0.5916686130318536,0.8666666666666667,True
B86110,1,0.095523592200278,0.9996280221430232,1.0,False
B86623,1,0.13018931290908,0.999999950665772,1.0,False
B86642,2,0.1620343354725896,0.8130893470256328,0.9666666666666668,False
B86643,1,-0.0078779377768789,0.8746623459258225,1.0,False
B86648,3,0.2332352421683408,0.9816260775310804,1.0,False
B86655,2,0.1518776478699829,0.5601247341850969,0.8666666666666667,False
B86658,2,0.2395931761451369,0.9983654420421374,1.0,False
B86666,3,0.0678957196136106,0.9857012412424504,1.0,True
B86667,2,0.3045252792214847,0.9987474720482464,1.0,False
B86669,1,0.0108441316806548,0.9999999788513708,1.0,False
B86672,3,0.0067853241837129,0.7950263806322551,1.0,True
B86673,2,0.1988853947096925,0.9222893763216676,1.0,False
B86675,1,0.1473501319479112,0.9999992192211798,1.0,False
B86678,2,0.0796402160206188,0.5126974471130907,0.7333333333333333,False
B87001,3,0.0943108257664254,0.9019814832298656,1.0,False
B87002,3,0.0864349087220944,0.955751784261454,1.0,True
B87003,2,0.1196928863965287,0.8822408434270661,1.0,True
B87004,3,0.009788159753444,0.7749920944562948,1.0,True
B87005,2,0.1821650726173027,0.9990506590387394,1.0,False
B87006,2,0.2044130602495192,0.9865054950100672,1.0,False
B87007,3,0.1913860128079069,0.9986707559682712,1.0,False
B87008,2,0.1046049918649976,0.9697605475616558,1.0,False
B87009,3,0.0965772027937882,0.5563569640439979,1.0,True
B87011,3,0.1229406696001552,0.8589692873880453,1.0,False
B87012,3,0.0262457557383027,0.7955777471953975,1.0,True
B87013,2,0.1787103490722486,0.5119572288142087,0.4666666666666667,False
B87015,3,0.0181196948016424,0.6445481617216176,1.0,True
B87016,2,0.1551335389903662,0.8656903127914526,1.0,False
B87017,3,0.1031560760763271,0.5315548159649014,1.0,False
B87018,3,0.0307852429904577,0.5648548129595002,0.9666666666666668,False
B87019,2,0.2371969513037002,0.9749159026776107,1.0,False
B87020,2,0.0432360024540542,0.97671908950568,1.0,True
B87021,2,0.2178032234057187,0.9989427011025688,1.0,False
B87022,2,0.1123973788604823,0.991068217021238,1.0,True
B87025,2,0.0425023549732756,0.9997750980093412,1.0,True
B87026,2,0.2323932721944721,0.998703145049336,1.0,False
B87027,2,0.2429383919539099,0.995681914860638,1.0,False
B87028,2,0.110703456058227,0.9860359371819764,1.0,False
B87030,3,0.2687782087969392,0.9957304709766224,1.0,False
B87031,2,0.1253038833683525,0.9943111193422088,1.0,False
B87032,2,0.2131664504271777,0.5292420644918545,0.6,True
B87033,2,0.324756354343607,0.998938185430259,1.0,False
B87036,2,0.1121369878022003,0.5727151207566197,0.9666666666666668,True
B87039,3,0.0697789900793889,0.4914769896448372,0.7,True
B87042,2,0.0757841263957941,0.96899959113595,1.0,False
B87044,1,-0.032618934402571,0.9994006670566384,1.0,False
B87602,2,0.0232172575629962,0.999989129475622,1.0,True
B87604,1,-0.0455077380166053,0.8781987297526856,1.0,True
C81001,3,0.3096739307380657,0.999966580785377,1.0,False
C81002,3,0.1830765396223897,0.9913400645533528,1.0,False
C81003,2,0.1988561862057548,0.8227673108397455,1.0,True
C81004,3,0.035729304009655,0.6817507719139998,1.0,True
C81005,3,0.1155858200233568,0.7645542212137667,1.0,False
C81006,1,-0.0232069035126035,0.9994009659129776,1.0,False
C81007,2,0.1560388512523239,0.9256724639887196,1.0,False
C81008,2,0.0480787203159564,0.9496844960064488,1.0,False
C81009,1,-0.020793275112373,0.9998084817375386,1.0,False
C81010,1,0.0463332287798142,0.8476013138953854,1.0,False
C81012,3,0.0704565300094059,0.8437695077031003,1.0,False
C81013,2,0.0177704925230508,0.563608752147713,0.6666666666666666,False
C81014,2,0.0831805785081161,0.9845202522823788,1.0,False
C81015,2,0.2587282997264131,0.7753264303673418,0.9666666666666668,False
C81016,3,0.0234102890694703,0.7900924445426597,1.0,True
C81017,2,0.1893537060151854,0.9542555653071162,1.0,False
C81018,2,0.1575040773901679,0.997263509276915,1.0,False
C81020,2,0.1053874705202676,0.9398376248775296,1.0,False
C81021,2,0.2397520713161788,0.9882126163563276,1.0,False
C81022,2,0.1775675157137138,0.9965973625675704,1.0,True
C81023,2,0.2812976656400656,0.9987640919375276,1.0,False
C81025,2,0.0661333040968549,0.9699068562953944,1.0,False
C81026,2,0.1271556122959307,0.99486891828388,1.0,False
C81027,2,0.1563053482470998,0.6948556982350818,1.0,True
C81029,2,0.1388295644991619,0.996202732305121,1.0,False
C81030,3,0.105452809220273,0.8868402685850776,1.0,False
C81031,2,0.0680438925883782,0.9550812946009324,1.0,False
C81032,3,0.027354934957212,0.6359115840049282,1.0,True
C81034,3,0.1761230275628821,0.960480424972192,1.0,False
C81035,2,0.1443673449667835,0.9827777808535472,1.0,False
C81036,3,0.2328314233022034,0.903591472959682,1.0,False
C81037,2,0.26250018451736,0.9841760318220724,1.0,False
C81038,2,0.1392836585110609,0.9974814177849716,1.0,False
C81039,2,0.0866812598259396,0.9992281537895784,1.0,True
C81040,2,0.1168248149900728,0.5148208769105268,0.6666666666666666,False
C81041,3,0.2560274377309027,0.9998095876285008,1.0,False
C81042,3,0.0310197174941563,0.9027792910794205,1.0,True
C81044,3,0.0345923563156364,0.7364357627533328,1.0,True
C81045,2,0.1629534421967405,0.9967186084955496,1.0,False
C81046,2,0.1452099394166146,0.9560242013653472,1.0,True
C81047,3,0.0624512983834806,0.5470633927752026,0.8333333333333334,True
C81048,3,0.0964796816249941,0.8092870510112067,1.0,False
C81049,3,0.1104229724153803,0.880449080748146,1.0,False
C81050,2,0.2842673403185802,0.9993295545093832,1.0,False
C81051,3,0.1828110043335424,0.9554799110138088,1.0,False
C81052,2,0.0388845386711423,0.945245837953241,1.0,False
C81053,2,0.1012500026971693,0.9826173943596836,1.0,False
C81054,1,0.0346300482723432,0.8122231179381049,1.0,False
C81055,2,0.0872065009703907,0.9830166882324236,1.0,False
C81056,2,0.2463564229495605,0.9988370903595456,1.0,False
C81057,2,0.1988644164992329,0.6049995178489319,0.9333333333333332,True
C81058,2,0.0898164162262397,0.8763271074281652,1.0,True
C81059,2,0.1137802797166429,0.9944330860929054,1.0,False
C81060,2,0.1981836529017385,0.9797134157721932,1.0,False
C81061,2,0.0715908238353778,0.9671669481612052,1.0,False
C81062,2,0.1486344847376134,0.8027216289769592,1.0,False
C81063,3,0.0803326387770112,0.4802216817319347,0.3666666666666666,False
C81064,2,0.1103900800228841,0.7114107343895871,1.0,False
C81065,2,0.0227722893152325,0.9912443936930524,1.0,True
C81066,3,0.0870180368764823,0.7728419341559016,1.0,False
C81067,2,0.2100846885369927,0.8455050229510644,1.0,False
C81068,3,0.0674591066770629,0.6422892615239009,1.0,True
C81069,2,0.1687324011408967,0.9982193338530848,1.0,False
C81070,3,0.1204807329418951,0.9382873106911503,1.0,False
C81071,1,0.1019523400781455,0.9999999454489036,1.0,False
C81072,3,0.3223627486354813,0.999974579050374,1.0,False
C81073,2,0.1814657740722345,0.6656837202617262,1.0,True
C81075,2,0.2539928857287609,0.9846926322610698,1.0,False
C81080,2,0.1235284168219267,0.9886957170465548,1.0,False
C81081,3,0.2907290040852749,0.9993448085011948,1.0,False
C81082,2,0.1843466616299601,0.7430479125661646,0.9666666666666668,False
C81083,2,0.1517370135769208,0.9942500950486798,1.0,False
C81084,3,0.1655640980973146,0.938039321275465,1.0,False
C81086,2,0.0907279038803172,0.8069825230115386,1.0,False
C81089,2,0.1845547901093843,0.9953917950326198,1.0,False
C81091,3,0.062705080463856,0.6860036245542688,0.9666666666666668,False
C81092,2,0.1782713730677021,0.988604147658428,1.0,False
C81094,2,0.1396457737501332,0.9943167424191066,1.0,False
C81095,2,0.0861071767543597,0.9663635389602788,1.0,True
C81096,2,0.1731350201723979,0.655643214570683,0.9666666666666668,False
C81097,2,0.250144675829838,0.9986699815541208,1.0,False
C81099,2,0.1708387252463166,0.9981943038082968,1.0,False
C81101,2,0.2693014335844621,0.9990688888379318,1.0,False
C81106,3,0.2691672763952045,0.9243641381339722,1.0,False
C81108,2,0.0899818161871659,0.960788724095592,1.0,False
C81110,2,0.1928391159224015,0.9963032634515654,1.0,False
C81113,3,0.2589124641937885,0.9975434159830856,1.0,False
C81114,2,0.2043260292436556,0.5694650749941612,0.7333333333333333,False
C81115,3,0.0400740022406501,0.6853954316454199,1.0,True
C81118,3,0.0517364345825088,0.5868131858663658,0.9666666666666668,True
C81604,2,0.1732881267302249,0.9613524126940114,1.0,False
C81611,3,0.1350056663783845,0.9136376040060658,1.0,False
C81615,3,0.1007821224320463,0.6888135067317475,1.0,True
C81616,3,0.0206543459709601,0.552561050833781,1.0,True
C81634,2,0.1817106896161964,0.9619966908583112,1.0,True
C81638,2,0.0988844922062828,0.999785916420067,1.0,True
C81640,1,-0.0294342618029814,0.9999970449908556,1.0,False
C81647,2,0.1526517111103275,0.9984970087077444,1.0,False
C81649,2,0.109373883303592,0.98127333028503,1.0,False
C81652,2,0.1029143456889652,0.9977049790896688,1.0,True
C81653,2,0.113515644848664,0.9474331225100427,1.0,True
C81655,2,0.1421378287726837,0.970201346341702,1.0,True
C81658,3,0.0996990142054937,0.9431583754978838,1.0,False
C81662,2,0.034384782703635,0.9020684581743222,1.0,False
C82001,2,0.1307619473429502,0.9563794555927044,1.0,False
C82002,3,0.2379619438802707,0.9989870261490162,1.0,False
C82003,2,0.2524761307992033,0.990777703575306,1.0,False
C82005,1,-0.0372304734061734,0.953201830009992,1.0,False
C82007,2,0.2400344262565922,0.9989298065306624,1.0,False
C82008,3,0.1994257424564694,0.9975425899009096,1.0,False
C82009,2,0.0238933725522316,0.8714371361693893,1.0,False
C82010,2,0.0299513918904659,0.8481458093414143,1.0,False
C82011,2,0.2266302048261418,0.643572132184038,0.9333333333333332,False
C82012,2,0.1031005961218217,0.9892986739911442,1.0,False
C82013,3,0.0909916860058615,0.7163807320841413,1.0,False
C82014,2,0.1712000664228117,0.996933790887022,1.0,False
C82016,3,0.1877498137972977,0.9847654864431816,1.0,False
C82017,3,0.0554487507202763,0.6672287295778793,1.0,True
C82018,1,0.0556855376662204,0.998370087162328,1.0,False
C82019,2,0.1221040486580046,0.6615168840650831,1.0,True
C82020,1,-0.0034367102457318,0.9999999966194436,1.0,False
C82021,3,0.1978565903343094,0.9792836601613824,1.0,False
C82022,2,0.0943678675091506,0.9871019555234364,1.0,False
C82024,3,0.0615297856828625,0.7220864778737823,1.0,False
C82025,2,0.0251377952072815,0.9031146405380112,1.0,False
C82026,2,0.214420368743523,0.99703769754532,1.0,False
C82027,2,0.0298378987577244,0.9215917102495124,1.0,False
C82028,2,0.2154157607002495,0.9982834323957746,1.0,False
C82030,3,0.0358937516470656,0.6334115498537638,0.9666666666666668,True
C82031,3,0.2004298947317649,0.9940671579970816,1.0,False
C82032,2,0.1651815621078277,0.99551528879743,1.0,False
C82033,1,-0.0111488473772941,0.5908453848984649,1.0,True
C82034,3,0.0033123535505344,0.5225920130927254,0.8333333333333334,True
C82035,2,0.2124013229941129,0.9980219544862196,1.0,False
C82037,1,-0.0579343865520897,0.8579745429327563,1.0,True
C82038,3,0.0238899980763999,0.6498545786119807,0.9666666666666668,True
C82039,3,0.0402987918938931,0.700983564716628,1.0,True
C82040,2,0.2671935477591963,0.9969740207559192,1.0,False
C82041,2,0.1798413523174545,0.9956177173963088,1.0,False
C82042,2,0.0573275273847279,0.8102128284484752,1.0,False
C82043,2,0.2695676911336248,0.9955034517749234,1.0,False
C82044,3,0.1327344329190693,0.951779972354172,1.0,False
C82045,2,0.1151953951452307,0.9890034323582814,1.0,True
C82046,3,0.0328694938832092,0.765934278679401,1.0,True
C82047,2,0.1801630337343231,0.8764531930809553,1.0,False
C82048,3,0.0248174267953404,0.9974606130943304,1.0,True
C82050,2,0.2401906230050098,0.9917985431095048,1.0,False
C82051,2,0.1151196078601663,0.9943463374450652,1.0,False
C82052,2,0.2527729465325645,0.9991990053998312,1.0,False
C82053,2,0.1405302830280039,0.935114288517431,1.0,False
C82054,3,0.1200766973292231,0.8767395547937961,1.0,False
C82055,2,0.2796381633821365,0.999390256335182,1.0,False
C82056,1,0.0186638589340467,0.9773209758291056,1.0,False
C82059,1,0.0150680399560394,0.9995962197168492,1.0,False
C82060,2,0.1861353814872516,0.97866256337247,1.0,True
C82061,2,0.1489000690192411,0.9932884463595054,1.0,False
C82062,2,0.0539728208538731,0.9427129214990952,1.0,False
C82063,2,0.1070754369578391,0.9725580314142922,1.0,False
C82064,3,0.0240413045426472,0.83761270386641,1.0,True
C82066,2,0.1264013859817583,0.9872351505037458,1.0,False
C82067,2,0.0243888493253075,0.9989543571069004,1.0,True
C82068,2,0.1637926124571311,0.984793230831533,1.0,False
C82070,2,0.1911595917359528,0.970733404778847,1.0,False
C82071,3,0.0242348327503459,0.3859737496915731,0.6333333333333333,True
C82072,2,0.0639251005249955,0.9338234406295884,1.0,False
C82073,2,0.1252874892665346,0.9972000696084182,1.0,True
C82075,2,0.0519706103821613,0.5745456602212109,0.7333333333333333,False
C82076,2,0.1331854675176584,0.9809452366088592,1.0,True
C82077,3,0.0833809044668416,0.998344592301583,1.0,True
C82078,2,0.2398364579591668,0.995669911918493,1.0,False
C82079,3,0.0919720090709378,0.827439655173821,1.0,False
C82080,1,0.011263787582307,0.999843444740536,1.0,False
C82082,2,0.3297851754753892,0.9987863622798004,1.0,False
C82084,2,0.0714071324923239,0.9199832005810474,1.0,True
C82086,2,0.2074070149799906,0.99862111484643,1.0,True
C82088,3,0.1800423300571374,0.7809643213197793,1.0,False
C82091,2,0.1527149174886516,0.6631364235619165,0.9666666666666668,True
C82092,1,0.1266122548039328,1.0,1.0,False
C82093,2,0.283667757247495,0.9963806362458488,1.0,False
C82094,2,0.0592832129055049,0.9999803611410096,1.0,True
C82095,2,0.2685012421644278,0.9947603496837752,1.0,False
C82096,2,0.1464545653714002,0.995965178687056,1.0,False
C82097,2,0.1955853277590133,0.9104331949779456,1.0,False
C82098,2,0.1483317864944755,0.9351718193531774,1.0,True
C82099,3,0.0474666673841495,0.460362614263431,0.8666666666666667,True
C82100,3,0.2030635425436304,0.9813203557577784,1.0,False
C82102,1,-0.0770439492170822,0.8466212796687315,1.0,True
C82103,2,0.1629655489861547,0.9996102050549688,1.0,True
C82107,2,0.2214272585359028,0.9443311829913557,1.0,False
C82109,2,0.289981926331474,0.9976683110907651,1.0,False
C82111,1,0.1604755060262047,0.9999980839338628,1.0,False
C82112,1,0.0911415590117908,0.9765013209622164,1.0,False
C82114,1,0.0576787200214783,0.9999964762609306,1.0,False
C82116,1,-0.0070687665907202,0.977351628297716,1.0,False
C82119,3,0.1240056991810476,0.531968165872199,0.7666666666666667,False
C82120,2,0.1601364348113348,0.998004082827467,1.0,False
C82121,2,0.2251896971230053,0.9949953551717224,1.0,False
C82124,3,0.1056370826394798,0.5906955682590767,0.8666666666666667,False
C82600,3,0.0372792914925271,0.9999231870965628,1.0,True
C82610,1,0.0882712083565647,0.999662448342604,1.0,False
C82611,2,0.2604957513080425,0.9927624600741116,1.0,False
C82614,3,0.2976514076847904,0.999824948836764,1.0,False
C82620,1,0.0188726153246675,0.9999999246840432,1.0,False
C82624,3,0.3520887368980923,0.9999750756049514,1.0,False
C82627,1,-0.0112018565155568,0.7827176361652256,1.0,True
C82628,1,-0.0631987883176766,0.5357505944850066,0.7333333333333333,True
C82631,2,0.0886481089482597,0.9203563236209924,1.0,False
C82634,3,0.2231732004289784,0.9996823423045512,1.0,False
C82639,2,0.2260677484630152,0.9531549376349508,1.0,False
C82642,2,0.212356718646597,0.9636523242214562,1.0,False
C82643,2,0.0829621153909579,0.8724856322639861,1.0,True
C82644,2,0.0563570622718575,0.770199925948319,1.0,True
C82649,2,0.0803828116039087,0.9002352943290535,1.0,False
C82650,2,0.1258730701514527,0.9586220178019988,1.0,True
C82651,1,0.0610522469713073,0.9954232826754394,1.0,False
C82653,2,0.0392316633073191,0.9710964674265148,1.0,True
C82656,2,0.2207197534597006,0.7024558901139815,0.9333333333333332,False
C82659,3,0.1356533055020649,0.8418417987087224,1.0,False
C82660,3,0.2103651650287219,0.946128413463124,1.0,False
C82662,2,0.0559479387228332,0.999105118018465,1.0,True
C82667,1,-0.0119450522713092,0.5397040588772701,1.0,False
C82669,3,0.0177140346892847,0.8048874890278771,1.0,True
C82670,1,0.0513148061206381,1.0,1.0,False
C82671,1,-0.0356506873053317,0.7340647694041131,1.0,False
C82676,3,0.172771054304011,0.9695794116994848,1.0,False
C82678,2,0.020701744781016,0.9062661690063978,1.0,False
C82680,3,0.2611748008268492,0.9994646288341158,1.0,False
C83001,3,0.1468234840127497,0.9445596969860997,1.0,False
C83002,3,0.1137708169230619,0.755258307304682,1.0,False
C83003,2,0.0428297340362012,0.9280527037556988,1.0,False
C83004,2,0.1277718589338372,0.9935121499939938,1.0,False
C83005,1,0.0102011308032648,0.916302212074477,1.0,False
C83007,3,0.2993646792231162,0.9998454419029468,1.0,False
C83008,2,0.1149800967007716,0.991928500957994,1.0,True
C83009,3,0.1252921921150282,0.9070718433300548,1.0,False
C83010,2,0.1952153077597977,0.9988801936891286,1.0,False
C83011,2,0.0101475176874286,0.968500432364198,1.0,True
C83013,2,0.0624705731220952,0.967448735874702,1.0,False
C83014,2,0.1697607583476025,0.996812644444048,1.0,False
C83015,2,0.0631404458700566,0.9679631409015804,1.0,False
C83018,2,0.1163090967986257,0.9992410123726134,1.0,True
C83019,2,0.1564278523884552,0.9781182134367812,1.0,False
C83020,2,0.066577213318396,0.9393620211479508,1.0,True
C83022,2,0.2571384564804004,0.9972902470288608,1.0,False
C83023,3,0.1963917181583496,0.9942323382654028,1.0,False
C83024,3,0.0481291390930555,0.994547745807913,1.0,True
C83025,2,0.2114150372049387,0.9986696410796596,1.0,False
C83026,2,0.0426450609308278,0.9026340795154592,1.0,False
C83027,2,0.0743721940656094,0.9762035878184552,1.0,False
C83028,3,0.2035881672256952,0.9985805613570238,1.0,False
C83029,2,0.149374601487469,0.9935961732656208,1.0,False
C83030,3,0.1146786201900701,0.982370035316593,1.0,True
C83031,3,0.2255572450542189,0.9994643764293276,1.0,False
C83032,3,0.0939440020765982,0.9473681476569272,1.0,False
C83033,2,0.2735257019417847,0.9960125627301776,1.0,False
C83035,3,0.3030686340079125,0.9974819778447318,1.0,False
C83036,3,0.2439854403429884,0.9985744146939722,1.0,False
C83037,2,0.0614941290009455,0.970140619406208,1.0,False
C83038,2,0.139547384858651,0.9956453404447612,1.0,False
C83039,3,0.3141257451429852,0.9984501879789128,1.0,False
C83040,3,0.1338776724796759,0.9961923714446396,1.0,True
C83041,3,0.0687254849363748,0.5662721048500118,0.9,False
C83042,3,0.0316241886367421,0.7427024718148252,1.0,True
C83043,3,0.0895715847336311,0.99925178795092,1.0,True
C83044,3,0.27218786755022,0.9994529029078691,1.0,False
C83045,3,0.0746740386489175,0.7077724337513882,1.0,True
C83046,2,0.1245799547221847,0.9999607643549346,1.0,True
C83048,3,0.1917129999867279,0.9925235653324525,1.0,True
C83049,2,0.2445973543249556,0.8548996231085186,1.0,False
C83051,3,0.0252953545983154,0.769735037518076,1.0,True
C83052,3,0.006974610827652,0.9997334660851364,1.0,True
C83053,2,0.1696319762500346,0.9940880642227822,1.0,False
C83054,2,0.0225294321766001,0.9364284343123176,1.0,False
C83055,2,0.2528854098464797,0.9984467426060216,1.0,False
C83056,3,0.2806807338113956,0.999873266489797,1.0,False
C83057,3,0.2138995338860581,0.998397921225739,1.0,False
C83058,2,0.247886535395184,0.9982626814847146,1.0,False
C83059,3,0.1073313744515687,0.9675443854253686,1.0,False
C83060,2,0.1328429913155034,0.99716363506621,1.0,True
C83061,2,0.1865352915426671,0.991785117626182,1.0,False
C83062,3,0.1411325086827611,0.9638671466366272,1.0,False
C83063,2,0.2262259293509886,0.9956512491556953,1.0,False
C83064,2,0.128319220055536,0.996315083505575,1.0,False
C83065,2,0.0030110226346708,0.8984368221748891,1.0,False
C83067,3,0.3078652595571686,0.9999801078007966,1.0,False
C83072,3,0.3013453699666265,0.9998445652154836,1.0,False
C83073,3,0.2974659773228781,0.999833929013063,1.0,False
C83074,2,0.1090907849459367,0.9992723617343636,1.0,True
C83075,3,0.1346756509957414,0.9629975958057816,1.0,True
C83078,2,0.0256998619553195,0.994829845509158,1.0,True
C83079,3,0.1986903508220474,0.9943843632718952,1.0,True
C83080,3,0.1296330304573641,0.9272222935422126,1.0,False
C83082,2,0.1390743989949645,0.990462370647411,1.0,False
C83083,2,0.1077536553051369,0.9440812419401804,1.0,True
C83085,3,0.1010097272397715,0.8946522640094456,1.0,False
C83611,3,0.0039146303997934,0.7256096318051742,1.0,True
C83613,2,0.2167143258811978,0.9948620844485602,1.0,False
C83614,3,0.1597184640774433,0.9846694420942552,1.0,False
C83617,2,0.1437051076468428,0.9613842014305432,1.0,False
C83626,1,0.0521100293520323,0.999978605603354,1.0,False
C83634,2,0.1263451139474294,0.9921379396241262,1.0,False
C83635,2,0.061896560544182,0.9819182247892376,1.0,True
C83641,3,0.1003692525191709,0.9512422623271366,1.0,False
C83643,2,0.1986883183597483,0.9219903627683445,1.0,False
C83649,3,0.2615992608481233,0.9997572479633562,1.0,False
C83650,2,0.1683864267332702,0.9818723991184082,1.0,False
C84001,3,0.2828144422221545,0.9992186157810008,1.0,False
C84004,1,-0.0315500333630455,0.9996158267855996,1.0,False
C84005,3,0.3166660559346602,0.9999737943886654,1.0,False
C84008,3,0.2590607537550882,0.9501201624079498,1.0,False
C84009,2,0.3168313451474496,0.99302339486371,1.0,False
C84010,2,0.0723704073316371,0.9669278171835024,1.0,False
C84011,2,0.2748478459249803,0.9632141985704477,1.0,False
C84012,2,0.2032772369341783,0.9893011443166054,1.0,False
C84013,2,0.1337957006281993,0.9508754812024628,1.0,False
C84014,2,0.2188866144618097,0.9965620291052522,1.0,False
C84016,2,0.1575292110354924,0.9958859449655596,1.0,False
C84017,2,0.0921901665706803,0.984912628421311,1.0,False
C84018,2,0.0136526085577648,0.8935759458954314,1.0,False
C84019,2,0.1985181758582353,0.5716995435358798,0.8333333333333334,False
C84020,2,0.203382817359281,0.9869559835002591,1.0,False
C84021,3,0.1443665853131216,0.9414758098807564,1.0,False
C84023,1,-0.0070533352325073,0.9996677490721952,1.0,False
C84024,3,0.2842078147650108,0.999427953580158,1.0,False
C84025,2,0.1432718707776513,0.9956998601404154,1.0,False
C84026,2,0.0165696413435287,0.8052058487143509,1.0,False
C84028,3,0.2500383491629483,0.9991269691833768,1.0,False
C84029,3,0.040941532671802,0.6120588183220714,0.9666666666666668,True
C84030,2,0.0012211737004019,0.7572608772322815,1.0,False
C84032,3,0.3101962326759396,0.9999547664038534,1.0,False
C84033,3,0.0735545575435343,0.771141857979267,1.0,True
C84034,2,0.1940929057017639,0.7420266970322877,1.0,True
C84035,2,0.0322575401049378,0.976514718247054,1.0,True
C84036,2,0.252800763213092,0.966139818756333,1.0,False
C84037,3,0.0931053898949955,0.9146588076857436,1.0,False
C84039,2,0.0809571178747054,0.963071015462398,1.0,False
C84042,3,0.0458810564806877,0.7406826073151156,1.0,True
C84043,1,0.0904559103806078,0.9946644615385306,1.0,False
C84044,2,0.2340137098951163,0.5140692538806773,0.5333333333333333,True
C84045,2,0.2630601216546939,0.9949145685341512,1.0,False
C84046,3,0.2895559396786462,0.999970690328023,1.0,False
C84047,3,0.1007723061227232,0.9002291556633566,1.0,False
C84049,3,0.1150160491775195,0.8878023706124922,1.0,False
C84051,3,0.1579734432161797,0.9802291908968284,1.0,False
C84053,2,0.0219583306124357,0.9084339880927372,1.0,False
C84055,3,0.2181976599177525,0.9796243341704384,1.0,False
C84057,2,0.2652697700651296,0.9811354197657332,1.0,False
C84059,2,0.1878876884087978,0.9965854363585016,1.0,False
C84060,2,0.1055611973285894,0.9128241644228264,1.0,False
C84061,2,0.2474994830257112,0.9856686813841472,1.0,False
C84063,3,0.2184281694538016,0.999053811130082,1.0,False
C84064,2,0.1709975014806849,0.9782068487439324,1.0,False
C84065,2,0.1692550756662569,0.9945289308566372,1.0,False
C84066,2,0.1793198306600774,0.9990738629106846,1.0,False
C84067,2,0.1979897326955737,0.9977537079240664,1.0,False
C84069,2,0.3465639914100746,0.9991651573533672,1.0,False
C84072,3,0.3028716240085003,0.9992178577506676,1.0,False
C84074,2,0.2391030733489373,0.9030139873580284,1.0,True
C84076,2,0.2859595363635099,0.6558122584390553,0.8666666666666667,False
C84077,2,0.0089677277500189,0.8969427829641332,1.0,False
C84078,2,0.0130084955518112,0.8019554379414829,1.0,False
C84080,2,0.0967438143202171,0.7769937728925207,1.0,True
C84081,2,0.2149889772838475,0.9952570621106348,1.0,False
C84084,2,0.0355769231149451,0.7401312544836934,1.0,False
C84085,2,0.1801894991648238,0.986382352026956,1.0,False
C84086,3,0.2357330871721503,0.9993179963443068,1.0,False
C84087,2,0.1711377605186629,0.9948142773366428,1.0,False
C84090,3,0.1127095416747295,0.7889445990099291,1.0,False
C84091,2,0.2120996385875967,0.9836167177329188,1.0,False
C84092,1,0.0472742234481815,0.9979741861143768,1.0,False
C84094,3,0.2434156412609489,0.9998423892897887,1.0,False
C84095,2,0.1239096779026381,0.9652619240363058,1.0,False
C84101,2,0.247771503966048,0.9978196554841832,1.0,False
C84105,1,0.1432756055695252,0.9998947014571792,1.0,False
C84106,2,0.2115906037717531,0.9940522742593296,1.0,False
C84107,3,0.1771164991249385,0.9778717873018512,1.0,False
C84112,2,0.2602267652903278,0.9897145333464584,1.0,False
C84113,2,0.1057904851780568,0.7894855985160449,1.0,True
C84115,3,0.0080290373960778,0.599259544348735,1.0,True
C84116,2,0.1140972459885662,0.8016038570465297,1.0,False
C84117,1,0.1370361696679609,0.9999791577098603,1.0,False
C84120,3,0.0028610419454352,0.7551405915041053,1.0,True
C84122,2,0.2245616152525161,0.7169543020842356,1.0,True
C84123,2,0.0707267952439027,0.8326662733962834,1.0,False
C84129,3,0.0361447969422267,0.5020272614650954,0.5333333333333333,True
C84131,3,0.0862589107186386,0.6949279213383586,1.0,False
C84136,1,-0.0005770093663081,0.9927422118582638,1.0,False
C84140,2,0.2335840720672599,0.5098937725909829,0.5,True
C84142,2,0.1870582749368461,0.5585598683596736,0.5333333333333333,False
C84144,2,0.2114135861805097,0.9671623407278708,1.0,False
C84150,2,0.2310776879894199,0.7941040910036767,0.9666666666666668,False
C84151,2,0.1150645086160783,0.5371029969382163,0.7,True
C84605,3,-0.0027324972425535,0.8230111075357524,1.0,True
C84613,3,0.1939538758736143,0.9970726585837344,1.0,False
C84619,3,0.0112454594001582,0.999072138381184,1.0,True
C84621,3,0.0163661878657678,0.6017834137029234,1.0,True
C84624,2,0.1322390607845103,0.9933787121876886,1.0,False
C84628,1,0.1034207254273604,0.9999999845536182,1.0,False
C84629,2,0.1988553861362626,0.993433401359401,1.0,True
C84637,2,0.2069105932851936,0.9766363027943716,1.0,False
C84646,3,0.1082514363701476,0.8419912429180846,1.0,False
C84654,2,0.1251659372862527,0.9949549541352164,1.0,False
C84656,2,0.050370316838005,0.967934654199784,1.0,False
C84658,2,0.1908963989853389,0.9396922869001396,1.0,False
C84660,2,0.259698297386209,0.9993401695378212,1.0,False
C84664,2,0.1662766305188786,0.8036402748253466,1.0,False
C84667,2,0.0346552272504416,0.8965659356757255,1.0,False
C84676,1,0.1343538337974972,0.9998593279907236,1.0,False
C84679,1,0.0502301702343635,0.9999994680214104,1.0,False
C84682,2,0.1991565934564242,0.8576474746323078,1.0,False
C84683,2,0.0815390127851302,0.8656056411997018,1.0,True
C84691,3,0.1231342603826911,0.9957268271074374,1.0,True
C84692,2,0.2279692427715183,0.9726712387493084,1.0,False
C84693,1,0.1842290452434482,0.9999968553546088,1.0,False
C84694,2,0.0962019224206889,0.8025617404876515,1.0,True
C84695,2,0.1603038950744161,0.9944059615419982,1.0,False
C84696,2,0.1241646026521326,0.5229221840540952,0.7666666666666667,False
C84703,2,0.2149492156776571,0.9727187781827368,1.0,False
C84704,1,0.0599083100035499,0.9949534953152636,1.0,False
C84705,2,0.0198046526761973,0.998469873195692,1.0,True
C84714,1,0.2237705593310223,0.9999999999996056,1.0,False
C85001,2,0.2788435682126911,0.9964804993526258,1.0,False
C85003,3,0.0998658988247362,0.7706723480408293,1.0,False
C85004,3,0.2264174203668012,0.9990512080928968,1.0,False
C85005,2,0.2223910313690207,0.9976375741543554,1.0,False
C85006,2,0.0158667922525447,0.782221405470991,1.0,False
C85007,2,0.0316311510375859,0.9089883894138058,1.0,True
C85008,2,0.2837333093807689,0.998469758453776,1.0,False
C85009,2,0.0955192107883307,0.9947559352964824,1.0,True
C85010,3,0.161273464499779,0.9945879984045272,1.0,False
C85013,3,0.2326210263145119,0.9979881404796076,1.0,False
C85014,2,0.1396087866830452,0.5654965991230797,0.8,False
C85016,2,0.1155805863177041,0.8620965598703677,1.0,False
C85017,2,0.0368620688335146,0.7337658501168569,1.0,True
C85018,3,0.156727946166614,0.986945185327244,1.0,False
C85019,2,0.1318847898956297,0.9843838206617128,1.0,False
C85020,3,0.0249654013901621,0.6758197554850811,1.0,True
C85022,2,0.1366994616957969,0.9870031543772884,1.0,False
C85023,2,0.1221653516339872,0.7513905727418924,1.0,False
C85024,2,0.1299499883358689,0.9836390404239066,1.0,False
C85028,1,0.0466641362534603,0.9999987886752226,1.0,False
C85030,3,0.0419570351312238,0.515528396038608,0.6666666666666666,True
C85033,3,0.0540094331321272,0.5007704461531818,0.5,True
C85614,1,0.033250188691199,0.9862312173439532,1.0,False
C85619,2,0.2820283466757167,0.9990161856857191,1.0,False
C85622,1,0.0639354613705793,0.9999999350709018,1.0,False
C85623,2,0.2600433980306186,0.9065849968095936,1.0,False
C86001,3,0.2402812629296294,0.9974687448061328,1.0,False
C86002,1,0.0897114976234247,0.8045854136853651,1.0,False
C86003,2,0.2830881312022353,0.9971271180147202,1.0,False
C86005,1,-0.0563625716230251,0.5145470367286912,0.7,True
C86006,2,0.1310327191213067,0.8926637569097656,1.0,True
C86007,2,0.1692334806171498,0.7802551122251357,1.0,False
C86009,2,0.0507111493432296,0.8995204366478644,1.0,False
C86011,3,0.1185793516830855,0.9798849801428569,1.0,True
C86012,2,0.0676424768927075,0.9639238267389544,1.0,False
C86013,2,0.2708883968144586,0.994619869922978,1.0,False
C86015,2,0.2041663326341854,0.7992681378891799,1.0,True
C86016,3,0.2032278799438185,0.992795943415994,1.0,False
C86017,2,0.1225794203445728,0.9762522713953604,1.0,False
C86018,2,0.0097821298885517,0.6040527943216386,0.9666666666666668,False
C86019,1,0.1448658336193526,0.9996874940479156,1.0,False
C86020,1,-0.0373264734316278,0.976454476513032,1.0,False
C86021,2,0.058713719180914,0.6719907176016371,0.9666666666666668,False
C86023,3,0.0526130175454047,0.498600913838933,1.0,True
C86024,3,0.2607312715683323,0.9996330136390084,1.0,False
C86025,2,0.1713085594832877,0.854769044399413,1.0,False
C86026,2,0.2399443100932006,0.8866394353306639,1.0,False
C86029,2,0.0670211855983576,0.8879119977958949,1.0,False
C86032,3,0.0404870863934849,0.4332949840355666,0.7333333333333333,True
C86033,1,0.0255300794559718,0.926537259643342,1.0,False
C86034,1,-0.0641145526211807,0.5894469626021034,1.0,True
C86037,2,0.0304746822002385,0.5127626673744796,0.5666666666666667,True
C86038,2,0.0472620070041918,0.7590707780996258,1.0,False
C86605,2,0.1190319374715916,0.7231805575860996,1.0,False
C86609,2,0.2096474705559916,0.9880377212492892,1.0,False
C86611,3,0.0022484786542402,0.5767075004382268,0.9666666666666668,True
C86614,2,0.2732531344028245,0.9975776147022378,1.0,False
C86616,2,0.2198867666460302,0.9239364889071988,1.0,False
C86621,2,0.2567164298310195,0.9683255253595172,1.0,False
C86625,2,0.2589672272559499,0.994856505225328,1.0,False
C86626,1,0.0542227175752033,0.9894870784059444,1.0,False
C87002,2,0.0527452534364662,0.964725553512767,1.0,False
C87003,3,0.1649875260223832,0.9911829200757734,1.0,False
C87004,2,0.239260331125595,0.9615650481936606,1.0,False
C87005,2,0.2312550849048205,0.9810905535763464,1.0,False
C87006,2,0.1302891263672896,0.510000154233804,0.5,True
C87007,2,0.0239946254565415,0.8024651615783259,1.0,False
C87008,2,0.2775938486364677,0.9868574055428028,1.0,False
C87009,3,0.0730655190845267,0.7563160156442797,1.0,False
C87010,3,0.0118332998003713,0.7600977714236483,1.0,True
C87012,2,0.0319784892915326,0.8184818510535069,1.0,False
C87013,2,0.2708231055262386,0.9967069729083612,1.0,False
C87014,3,0.3084590194780039,0.9999685418509628,1.0,False
C87016,3,0.2494784447800711,0.9992471622242672,1.0,False
C87017,3,0.2117035140408474,0.9877884717458488,1.0,False
C87018,2,0.2679805614231677,0.9820186038943062,1.0,False
C87020,2,0.2087096792894833,0.9956878758704631,1.0,False
C87022,3,0.0341349504979485,0.4854070818615411,0.5333333333333333,True
C87024,2,0.2304567903927616,0.9837787239993486,1.0,False
C87029,2,0.1726925402133341,0.9947811307810794,1.0,False
C87030,2,0.0614115199083938,0.958888890566326,1.0,False
C87031,3,0.2103913393773521,0.9946106380585548,1.0,False
C87603,2,0.1131039975318529,0.8207300411620799,1.0,False
C87604,2,0.1292623524201788,0.8450458497590496,1.0,False
C87608,1,0.0556802959745186,0.564141090075839,0.9333333333333332,True
C87616,3,0.1873533204193702,0.9989122216415202,1.0,False
C87620,3,0.1613032161928978,0.9885209620958902,1.0,False
C87622,2,0.0823968422559197,0.7405146084927509,1.0,False
C88005,3,0.2213793863497197,0.9998458963051908,1.0,False
C88006,3,0.1463578225910998,0.6691353872471628,1.0,False
C88007,3,0.0107200042967456,0.8728163698760348,1.0,True
C88008,2,0.0862149473968595,0.9533508027802344,1.0,False
C88009,3,0.1651389524159782,0.9947623004115628,1.0,True
C88010,3,0.2256347665075201,0.9994752618085044,1.0,False
C88011,3,0.2351102344053013,0.999807479623246,1.0,False
C88014,3,0.2574693700438861,0.9985109158921354,1.0,False
C88015,3,0.2507741010178247,0.998303229782726,1.0,False
C88016,3,0.1049294271566169,0.9362171644958864,1.0,False
C88018,2,0.10638001685017,0.7776999932771699,1.0,False
C88019,3,0.0071973596577375,0.8262845964650921,1.0,True
C88020,2,0.012231140131953,0.8083986584974322,1.0,False
C88021,2,0.2227833781416276,0.9243566531068544,1.0,False
C88022,2,0.13368122806999,0.9951771253380391,1.0,False
C88023,3,0.1850340670151078,0.9973496948377152,1.0,False
C88025,2,0.1465007921352724,0.9976295218726452,1.0,False
C88026,3,0.1582561560485772,0.9700801700954792,1.0,False
C88027,3,0.296758380587549,0.9988546549689484,1.0,False
C88028,2,0.13870060222143,0.993640855424202,1.0,False
C88030,3,0.1776633087132534,0.9674583396305728,1.0,False
C88031,3,0.0361496565426964,0.8076487499999359,1.0,True
C88032,2,0.1570007213065822,0.9972741902089324,1.0,False
C88034,2,0.2025414636978546,0.8014647472976628,0.9666666666666668,False
C88035,1,-0.0551129245521681,0.7944760902737877,1.0,True
C88036,3,0.2548594116353241,0.9979968575460486,1.0,False
C88037,2,0.0656898268272271,0.9534010000636596,1.0,False
C88038,3,0.0780210325943168,0.973396063515997,1.0,True
C88039,3,0.0201218900117482,0.607835865278179,0.8666666666666667,True
C88040,2,0.176318796580038,0.998822671461686,1.0,False
C88041,3,0.2609297686224937,0.9999211069879614,1.0,False
C88043,3,0.1147663823804441,0.9690194812622778,1.0,True
C88044,3,0.1582234468189094,0.993118005353102,1.0,False
C88045,2,0.0172817162963967,0.7878577977220638,1.0,False
C88046,3,0.1770561591455148,0.994010081798777,1.0,False
C88047,2,0.1866981191488616,0.9940763162809032,1.0,False
C88048,3,0.0608570532683305,0.5796638645563822,1.0,True
C88049,2,0.0281875411750553,0.9223710861190868,1.0,False
C88050,2,0.1550124444376392,0.9844711462581126,1.0,False
C88051,2,0.1348521266557767,0.8196590461291776,1.0,False
C88052,3,0.2540307380057768,0.9979507060863696,1.0,False
C88053,3,0.0791091162920396,0.4730925118428478,0.9,False
C88054,1,0.0004416334502752,0.9980272367469072,1.0,False
C88059,1,-0.0051828191747505,0.9998765237230934,1.0,False
C88060,2,0.1968252715920719,0.5693185277884698,0.8666666666666667,True
C88062,2,0.1751212530003636,0.8574422590943548,1.0,False
C88069,3,0.0112928951507452,0.999141722795446,1.0,True
C88070,3,0.0955009031554015,0.7316697440806456,1.0,False
C88072,1,-0.030942848464349,0.9997202324781944,1.0,False
C88073,3,0.1571751451392932,0.9797039814093668,1.0,False
C88074,2,0.2405422274642781,0.96339392650601,1.0,False
C88076,3,0.1042779467284711,0.788600611210432,1.0,False
C88077,3,0.190626803192787,0.9942874411344726,1.0,False
C88078,3,0.294208460150055,0.9999463788384428,1.0,False
C88079,2,0.2358618246403015,0.9532297576448192,1.0,False
C88083,3,0.1296338259654387,0.8542341873103747,1.0,False
C88084,3,0.0826101355403018,0.8388675781714695,1.0,False
C88085,3,0.1172641655693351,0.9455333022054055,1.0,False
C88087,2,0.1076636045365144,0.9850264993448584,1.0,False
C88088,3,0.265291844270675,0.999860407485838,1.0,False
C88090,3,0.3303149651919563,0.9999741828772049,1.0,False
C88091,1,0.0018127569749899,0.97478057310339,1.0,False
C88092,2,0.2181751677255941,0.5626822872076341,0.5333333333333333,False
C88095,3,0.1881274777267435,0.9878070952849952,1.0,False
C88622,1,0.1359942148184534,0.9999952269875124,1.0,False
C88627,1,-0.0091701140489569,0.9867335933130996,1.0,False
C88631,3,0.1370581426685358,0.9995726518727532,1.0,True
C88647,3,0.2653686945247783,0.9998250978995232,1.0,False
C88648,2,0.1005755795993811,0.9627543927643524,1.0,False
C88652,3,0.2573109713032251,0.99967678530008,1.0,False
C88655,3,0.0597401177790277,0.9999998456290604,1.0,True
D81001,2,0.1188934249925603,0.9887846038521192,1.0,False
D81002,2,0.1267758780027136,0.9100223272974736,1.0,False
D81003,3,0.0803750232905096,0.973636843113794,1.0,True
D81004,2,0.2479923844097036,0.9966293509074696,1.0,False
D81005,2,0.1708894188457294,0.8350426003411605,1.0,False
D81008,3,0.2675007566085637,0.9997668475660692,1.0,False
D81010,2,0.1741958068725481,0.977764523884504,1.0,True
D81011,3,0.1800476863873394,0.98221435145851,1.0,False
D81012,3,0.1035869945061292,0.4630928127733764,0.8333333333333334,False
D81013,2,0.2026322801820739,0.9916737172369754,1.0,False
D81014,3,0.0210944535398353,0.9995820155323518,1.0,True
D81015,3,0.0331844513041572,0.4615510626176025,0.9,True
D81016,2,0.2393167348331044,0.9942652416379564,1.0,False
D81017,3,0.1604068689608619,0.9811302449474848,1.0,False
D81018,3,0.3028784161476853,0.9998696817668742,1.0,False
D81021,3,0.1670379140917531,0.9998836384927028,1.0,True
D81022,3,0.078755859866147,0.691173589950257,1.0,False
D81025,2,0.1356459028203109,0.9937620589358565,1.0,False
D81026,2,0.1164412376552238,0.989641849859522,1.0,False
D81027,2,0.0469454814350418,0.970953061899692,1.0,False
D81028,3,0.0461532795812814,0.6757961233824854,1.0,False
D81029,3,0.283826214985555,0.9903045505066002,1.0,False
D81030,3,0.1936147041036461,0.9931886627588072,1.0,False
D81031,3,0.3229951312568963,0.998960633047074,1.0,False
D81033,2,0.302152083468987,0.9991894234417364,1.0,False
D81034,2,0.1204611884083274,0.9559931801755018,1.0,True
D81035,2,0.0050584526286756,0.7183316065870284,1.0,False
D81036,2,0.0951551898152843,0.9793525364858616,1.0,True
D81037,2,0.1662555311782663,0.9642252298972184,1.0,False
D81038,2,0.0821062286494603,0.7047582062173612,1.0,False
D81041,2,0.325397930592128,0.9991759419942876,1.0,False
D81042,2,0.0972641461619925,0.956900241022194,1.0,False
D81043,3,0.0808914220628879,0.6955177847705151,1.0,False
D81044,1,-0.01575092706536,0.7927203402412152,1.0,True
D81045,3,0.1092331216847744,0.8956683063801375,1.0,False
D81046,3,0.3182100482936175,0.999963328880756,1.0,False
D81047,3,0.237191980151083,0.9988800503921964,1.0,False
D81049,3,0.2114894210183852,0.9983639188217188,1.0,False
D81050,3,0.1601993712607644,0.9296329232705928,1.0,False
D81051,2,0.0345783105559829,0.9991439451793536,1.0,True
D81052,3,0.0994601125781272,0.893347094538718,1.0,False
D81054,3,0.0516396591908933,0.9866281907156264,1.0,True
D81055,3,0.2863091767798175,0.9999214193229864,1.0,False
D81056,3,0.0389356466180506,0.5437303802870539,1.0,True
D81057,3,0.2878628488334763,0.999903658440541,1.0,False
D81058,2,0.2311834800190446,0.8700112371508678,1.0,False
D81059,2,0.121401256524247,0.8349880781362465,1.0,False
D81060,3,0.124609389072099,0.9700165052334144,1.0,False
D81061,2,0.1403190910237667,0.9950571787963997,1.0,False
D81062,3,0.0311768420026178,0.9979502726437598,1.0,True
D81064,2,0.0036617308150204,0.7858698051103871,1.0,False
D81065,3,0.1762856990660545,0.8702044256596502,1.0,False
D81066,2,0.098360406345052,0.776841714673496,1.0,False
D81070,3,0.1163368996019721,0.6672313500244237,1.0,True
D81073,3,0.2287732972711444,0.9945943095128332,1.0,False
D81078,2,0.1736657129045743,0.9797285865558024,1.0,False
D81081,2,0.0899892460065314,0.9845438852067372,1.0,False
D81082,2,0.2235139253050282,0.998950577722566,1.0,False
D81084,2,0.1996003942048697,0.9973371804140364,1.0,False
D81085,3,0.1565628601627865,0.9923472174180628,1.0,False
D81086,2,0.1833528630751227,0.9839681092250904,1.0,False
D81603,3,0.0722699488288745,0.677136374950324,1.0,False
D81606,3,0.1395629062553908,0.9330387840566642,1.0,False
D81607,2,0.2200475579982588,0.9833837261458536,1.0,False
D81611,3,0.1969820147726214,0.9982459722847824,1.0,False
D81612,2,0.2008925034141175,0.9861079113714324,1.0,False
D81615,2,0.1003361015470868,0.8517009775397464,1.0,True
D81618,2,0.1174410964224179,0.9880981515595691,1.0,False
D81622,3,0.1809048290784914,0.9186479763593264,1.0,False
D81625,1,0.117246422221641,0.9967550350657908,1.0,False
D81629,1,0.0090990731803047,0.7613685865538423,1.0,True
D81630,1,0.1168168560906384,0.9240438745596552,1.0,False
D81631,3,0.2316067419248759,0.9700826461152756,1.0,False
D81633,3,0.1347039700514738,0.935198835446201,1.0,False
D81637,2,0.0318684762620326,0.850787568320818,1.0,False
D81645,1,-0.0250511939552045,0.982636983705176,1.0,False
D82001,2,0.2212746718881004,0.993742590418199,1.0,False
D82002,3,0.1456744942592076,0.9863642363356564,1.0,True
D82003,2,0.1664372889179617,0.9194483473120468,1.0,True
D82004,3,0.0797964556303254,0.8116301194264549,1.0,False
D82005,3,0.2293626473500592,0.9994379612188916,1.0,False
D82006,2,0.0306011684299647,0.9307529119231416,1.0,False
D82007,2,0.2167148004800567,0.9972386555145686,1.0,False
D82008,2,0.0475451660805172,0.9421336448608898,1.0,True
D82009,3,0.1315848700351524,0.9194921486027308,1.0,False
D82010,2,0.1712857666302702,0.9973074003918554,1.0,False
D82011,2,0.1314907555287005,0.7721105841451418,1.0,True
D82012,2,0.1531414075470058,0.8828074759476404,1.0,True
D82013,2,0.0058499324327342,0.990048561819876,1.0,True
D82015,3,0.2667126826522749,0.9997281949541132,1.0,False
D82016,2,0.0210961206699245,0.9272821978915348,1.0,False
D82017,2,0.1160237281966488,0.9687967721225942,1.0,True
D82018,2,0.1537009112659139,0.767446448366601,1.0,True
D82019,3,0.0066038693758947,0.9809636527851834,1.0,True
D82020,3,0.1429758091759118,0.8297436477144453,1.0,False
D82022,2,0.1599271934370398,0.9990932552037556,1.0,False
D82023,2,0.1059437892984665,0.989293152143116,1.0,False
D82024,2,0.0747828227180952,0.982729706943058,1.0,False
D82025,2,0.1873382454596084,0.9985746236349592,1.0,False
D82026,2,0.0438326931380845,0.9778309613673276,1.0,True
D82027,3,0.1010031626121266,0.6906788855751932,1.0,True
D82028,2,-0.0057889446182271,0.805746079723884,1.0,False
D82029,2,0.2399742671769473,0.99628805012417,1.0,False
D82030,3,0.1351256304396749,0.9725284675189576,1.0,False
D82031,3,0.1277675865058032,0.8461516465888202,1.0,True
D82032,2,0.147540390061589,0.9944597387611706,1.0,False
D82034,2,0.0370478281828913,0.9318394758911566,1.0,False
D82035,2,0.0734615205290923,0.9792708551894636,1.0,False
D82036,2,0.1124725026967613,0.7634529003019658,1.0,True
D82037,3,0.0154813355473984,0.7571850288897832,1.0,True
D82038,2,0.2355364477429877,0.9976649846600084,1.0,False
D82039,2,0.1433968942862481,0.9974542549332588,1.0,False
D82040,2,0.2268784967323021,0.780613698074478,1.0,True
D82041,3,0.0903544161043192,0.9893811100591072,1.0,True
D82042,2,0.1899775154785346,0.7589476676765253,1.0,True
D82043,3,0.0195920303856498,0.855693160030653,1.0,True
D82044,2,0.208445851537982,0.9924230656987784,1.0,False
D82045,2,0.1243559314545129,0.8624757122087607,1.0,False
D82046,2,0.0933990097000557,0.9374453754565416,1.0,False
D82047,2,0.0473109185784503,0.998789424516252,1.0,True
D82048,2,0.0539938749407097,0.9468924309363312,1.0,False
D82049,3,0.0854757270904421,0.9999527281579672,1.0,True
D82050,2,0.1064042927398214,0.8890042563736199,1.0,True
D82051,2,0.1820660569940589,0.7307635156160042,1.0,True
D82053,2,0.1787010714171048,0.8862357811109406,1.0,True
D82054,3,0.030963937042916,0.5925345327861457,0.8666666666666667,True
D82056,3,0.2669652904311633,0.9997203189090104,1.0,False
D82057,3,0.006257597727243,0.959197570016612,1.0,True
D82058,2,0.1621579210138484,0.9986038646784348,1.0,False
D82059,2,0.1119816608738016,0.9784679830081404,1.0,False
D82062,2,0.1788364482346028,0.8193124642687445,1.0,True
D82063,3,0.0431313059502678,0.9424889661866116,1.0,True
D82064,2,0.0324001907888002,0.8626548669313476,1.0,False
D82065,3,0.1055948499569154,0.9480980708755152,1.0,False
D82066,2,0.2237518988579532,0.7766405431005592,1.0,True
D82067,1,-0.022215714914181,0.866857645483604,1.0,False
D82068,2,0.0172353984731794,0.791753543843132,1.0,False
D82070,2,0.1390427688586367,0.9923936253456388,1.0,True
D82071,2,0.2123861344795945,0.632104444084401,1.0,True
D82072,2,0.1519066258260708,0.960335738394966,1.0,False
D82073,3,0.1721669534256876,0.9873974087769004,1.0,False
D82076,3,0.053850534360929,0.9763123257614124,1.0,True
D82078,2,0.1930879158857084,0.9975712011426416,1.0,False
D82079,2,0.162823636453933,0.9766944167530236,1.0,True
D82080,2,0.1768284581285439,0.9980754908647116,1.0,False
D82084,3,0.0499940521968077,0.9999999670274888,1.0,True
D82085,2,0.1629114252128634,0.9935154719682164,1.0,True
D82087,2,0.0672794467652056,0.9486605063365164,1.0,True
D82088,2,0.1751397191583138,0.6525078022072625,0.9333333333333332,False
D82096,3,0.0557629256178952,0.6633129266371552,0.9666666666666668,False
D82099,3,0.2778517969636612,0.9999364499814428,1.0,False
D82100,2,0.068852908988181,0.9457091295657076,1.0,True
D82104,3,0.2589830523556391,0.9999140392201666,1.0,False
D82105,2,0.194341793549709,0.91086829533138,1.0,False
D82106,2,0.1219476786374933,0.9640265160464316,1.0,True
D82600,2,0.1042328042860422,0.9998654389929772,1.0,True
D82604,2,0.0841925128529172,0.8225250417876907,1.0,True
D82618,2,0.0478009805233903,0.941914315436201,1.0,False
D82621,2,0.0501289138177334,0.9516937617103404,1.0,True
D82624,2,0.197789543830697,0.9995326987587076,1.0,False
D82628,2,0.1562571816095238,0.7780253003724898,1.0,True
D83001,3,0.1545257205440468,0.9022128708197424,1.0,False
D83002,2,0.2334976789408633,0.997907721511832,1.0,False
D83003,2,0.1555611340793112,0.8621487225056841,1.0,True
D83004,3,0.1513353144172911,0.9361906203881822,1.0,False
D83005,3,0.033544095127751,0.5743046049137648,0.9666666666666668,True
D83006,2,0.0401622917254371,0.6368903619603409,1.0,True
D83007,2,0.1484522605650006,0.9911337513586058,1.0,False
D83008,3,0.2794065101095791,0.9937509844194996,1.0,False
D83009,3,0.0325368721562461,0.6327474722897183,0.9333333333333332,True
D83010,2,0.2425475937832174,0.996719483394818,1.0,False
D83011,2,0.2087702486856585,0.9980637962110668,1.0,False
D83012,1,-0.0208431413093726,0.9919573104254444,1.0,False
D83013,2,0.2562906877520377,0.99859619601959,1.0,False
D83015,3,0.087262557644984,0.9999921867416348,1.0,True
D83016,2,0.1953602252396656,0.9974496349195608,1.0,False
D83017,3,0.2425912806319717,0.9994614179395148,1.0,False
D83018,3,0.311407114629145,0.9999857786700442,1.0,False
D83019,2,0.1532714095049462,0.9923785586982032,1.0,False
D83020,2,0.1528062752819965,0.9837641879930236,1.0,False
D83021,3,0.164421292576063,0.9380208597319972,1.0,False
D83023,2,0.2125855493668911,0.9985828996620316,1.0,False
D83024,2,0.0193592630891539,0.9160272784765776,1.0,False
D83026,3,0.1974755646514248,0.99935795408442,1.0,False
D83027,2,0.0691784528573319,0.9150877664818786,1.0,False
D83028,2,0.0311459434628312,0.8928529235634914,1.0,False
D83029,3,0.0549415714666072,0.7852611877467859,1.0,True
D83030,3,0.1071640237726686,0.8703185072869615,1.0,False
D83033,3,0.3192902462762089,0.9999072755029368,1.0,False
D83034,2,0.0973947659286632,0.9649228495192134,1.0,True
D83035,3,0.0501377201184391,0.9850323162573876,1.0,True
D83037,3,0.2977111838671135,0.9999643615349106,1.0,False
D83038,3,0.1628629042693266,0.9852731056172732,1.0,False
D83040,2,0.2870890470210536,0.9700974992413772,1.0,False
D83041,3,0.0332862719195582,0.9958739377842472,1.0,True
D83043,2,0.0691941612514474,0.6496540994610406,0.9666666666666668,False
D83044,3,0.0236933309547104,0.9912342776877836,1.0,True
D83045,3,0.3123130069312643,0.9998635039837044,1.0,False
D83046,3,0.1392476563770986,0.9757640151497544,1.0,False
D83047,3,0.1900003849384786,0.9963892722476528,1.0,False
D83048,3,0.2399360737470424,0.9989570209507498,1.0,False
D83049,2,0.2013708120161345,0.9988668041210624,1.0,False
D83050,2,0.1217254772803939,0.9808434466140038,1.0,True
D83051,3,0.1043742123332877,0.9998669146051408,1.0,True
D83053,2,0.0660397641265214,0.9325468996913936,1.0,False
D83054,2,0.0256747065147495,0.8772949019965226,1.0,False
D83055,3,0.2805208211230861,0.9853577598398324,1.0,False
D83056,1,0.0068273279665368,0.8741891811116059,1.0,True
D83057,2,0.1258993850070027,0.98724838515671,1.0,False
D83059,1,-0.0112882163950835,0.9038282490988312,1.0,False
D83060,2,0.1669012427295765,0.9916520532119086,1.0,False
D83061,2,0.2931807251378041,0.9898960878307208,1.0,False
D83062,3,0.2397418132217328,0.9996889255471078,1.0,False
D83067,3,0.0063658093916052,0.9931529097070738,1.0,True
D83069,2,0.0998935340221208,0.9949434980894104,1.0,True
D83070,2,0.2069329928541434,0.9938393670103466,1.0,True
D83073,1,0.0287433887229576,0.9993927415864716,1.0,False
D83074,3,0.0137854470170594,0.741887742527579,1.0,True
D83075,2,0.2050368955747301,0.9832383522975312,1.0,False
D83076,2,0.1164764179811552,0.9307792831899224,1.0,False
D83078,3,0.1984894577423514,0.9764970817397184,1.0,False
D83079,3,0.0329583161342749,0.9974009802856376,1.0,True
D83080,3,0.1008786874638011,0.5777338111264062,0.9333333333333332,False
D83081,3,0.0711351529120369,0.999998434598346,1.0,True
D83084,3,0.0543964055641375,0.5976715549645868,1.0,True
D83608,2,0.2644444767350581,0.9974415926600234,1.0,False
D83610,3,0.2455328629550152,0.9990618930720352,1.0,False
E81002,3,0.1989301701091043,0.9946897224547376,1.0,False
E81003,3,0.1873287112619844,0.998095626456701,1.0,False
E81004,2,0.1815758485594056,0.9812843396072018,1.0,False
E81005,1,-0.025023504817408,0.9954785649213616,1.0,False
E81006,3,0.2652392636772692,0.9994953764622044,1.0,False
E81007,2,0.1095039320803281,0.5294328381266578,0.5666666666666667,False
E81008,2,0.1417751421279469,0.993987124190804,1.0,False
E81009,2,0.0122098545569395,0.620612009783711,1.0,True
E81010,3,0.2555193484065179,0.9992461368212476,1.0,False
E81012,2,0.0957718087414782,0.982623133939622,1.0,False
E81013,1,-0.0518350324968424,0.629995879135614,1.0,True
E81014,3,0.1795800502067945,0.9867503497790064,1.0,False
E81015,2,0.0874165876725496,0.9684249460354784,1.0,False
E81016,1,0.1801247203970001,0.9972129991146922,1.0,False
E81018,1,-0.0371524044363998,0.5852791825501412,0.9,False
E81019,3,0.1320970014860449,0.9985042347025052,1.0,True
E81021,3,0.3499239278789317,0.9999578081455072,1.0,False
E81022,2,0.1747388681331645,0.9891497455889824,1.0,False
E81024,2,0.119727971889396,0.9805569375159274,1.0,False
E81025,1,0.0244953925095773,0.5262912384179754,0.6,False
E81026,3,0.2698644857475058,0.9995339349018256,1.0,False
E81027,3,0.0685419743135721,0.6378182562541422,1.0,True
E81028,1,0.0603463771833979,0.917388022989411,1.0,False
E81029,1,0.006649176380748,0.9245499203114166,1.0,False
E81030,1,0.114612238147079,0.9588322221156104,1.0,False
E81031,3,0.2276947445477743,0.9982664759158923,1.0,False
E81032,1,0.044971392623978,0.9938360876149556,1.0,False
E81033,2,0.163355524091707,0.9759066266710044,1.0,False
E81034,3,0.089993805455424,0.4441979660634105,0.5333333333333333,False
E81035,3,0.0859633148909542,0.5100079554384844,1.0,False
E81036,3,0.2939251505702154,0.9997139532506508,1.0,False
E81037,3,0.3295234890872294,0.9997223516528804,1.0,False
E81038,3,0.1983423771465658,0.9748738292300512,1.0,False
E81040,3,0.3181299245075675,0.9999440459161136,1.0,False
E81041,1,-0.0341378498232159,0.9098564456953292,1.0,False
E81043,3,0.3369341155168014,0.9999742940542682,1.0,False
E81044,2,0.101387113972957,0.8831275552705005,1.0,False
E81045,1,0.0119851803942975,0.8746595258374528,1.0,False
E81046,2,0.062559550859316,0.92433122024279,1.0,False
E81047,3,0.2687811849464421,0.9999090478558204,1.0,False
E81048,3,0.1800570134428223,0.6654918865734398,1.0,False
E81049,2,0.1112151012630657,0.7065047657529769,1.0,False
E81050,2,0.1017785455193652,0.9894799529637668,1.0,False
E81052,2,0.1548471511317642,0.9687266144468112,1.0,False
E81057,2,0.1740368201818874,0.9804075844019796,1.0,False
E81060,1,0.0399359358236012,0.9392915403738044,1.0,False
E81061,1,-0.0686778943347981,0.6737815120761323,1.0,True
E81063,3,0.2763146376095687,0.9957239980256084,1.0,False
E81069,2,0.0099509463196906,0.9110341994396696,1.0,False
E81073,2,0.1365421457535274,0.970009383573832,1.0,False
E81074,3,0.1644097590784745,0.9475417673493404,1.0,False
E81076,3,0.2721688326243227,0.9242498190230582,1.0,False
E81612,3,0.1128507950710912,0.7846659452251574,1.0,False
E81615,1,0.1323091568677309,0.9999999998671923,1.0,False
E81617,3,0.2355750839887896,0.8956746547796728,1.0,False
E81631,3,0.2040939296821736,0.8366858245856393,1.0,True
E81632,2,0.0923215605367611,0.9665396640384684,1.0,False
E81633,1,0.0898419784303376,0.9999665409578896,1.0,False
E81635,1,0.0173481468762151,0.9188267017908244,1.0,False
E82001,2,0.1317786210398737,0.9963485061644782,1.0,False
E82002,1,-0.0393122187078892,0.8935751670540898,1.0,False
E82004,1,0.1075124347390191,0.9999991969556908,1.0,False
E82005,3,0.0613734106679654,0.4596424539465413,0.8666666666666667,False
E82006,3,0.1460676187525504,0.9886555618495876,1.0,False
E82007,3,0.1148948717821201,0.950844514891553,1.0,False
E82008,2,0.1396251469104003,0.7996916381176604,1.0,False
E82009,1,0.0566793966566139,0.986920474300562,1.0,False
E82012,3,0.2347446034090123,0.9985837730212256,1.0,False
E82013,3,0.2925560594672526,0.9997872253508442,1.0,False
E82014,2,0.0592638645795503,0.9674382517994649,1.0,False
E82015,1,-0.0285779730474606,0.8607112616152393,1.0,True
E82017,3,0.0994948109994297,0.9152324848443684,1.0,True
E82018,2,0.1679515474387125,0.8839908936740593,1.0,True
E82019,1,0.0021183744642748,0.875867237972143,1.0,False
E82020,1,-0.0522614530268514,0.5694582924972852,0.9,False
E82021,1,0.0022758967275022,0.717601201433264,0.9666666666666668,True
E82022,2,0.0719488331565584,0.8695998523407013,1.0,False
E82023,1,-0.0544596193272036,0.9442046408280634,1.0,False
E82024,3,0.3057691435620127,0.999908152842377,1.0,False
E82027,1,0.1349795308815284,0.8151414923137963,1.0,False
E82031,1,0.1262333941583602,0.999533298262386,1.0,False
E82032,1,0.0397489410585584,0.9996435189313572,1.0,False
E82035,2,0.1622446874730378,0.9084493051533632,1.0,False
E82037,2,0.204272934009758,0.9912176620741868,1.0,False
E82038,2,0.1291490351053559,0.983476816955484,1.0,True
E82040,2,0.0587554427057606,0.9222472216587918,1.0,False
E82041,1,-0.0497917010667036,0.8068225249729503,1.0,True
E82042,3,0.2995726211777311,0.9972684526158088,1.0,False
E82043,3,0.3306896636054367,0.999968452618179,1.0,False
E82044,3,0.0806956292244818,0.6805673379050735,0.9666666666666668,False
E82045,3,0.2314813232163201,0.9882105770403622,1.0,False
E82046,3,0.1320353472205087,0.7919253026831861,1.0,False
E82050,2,0.1555089787909669,0.9729269372903852,1.0,False
E82051,3,0.2142559362508771,0.9951260257104976,1.0,False
E82053,2,0.0773563345657044,0.9748395967185882,1.0,False
E82055,3,0.1342507028893725,0.8434188084075833,1.0,False
E82056,2,0.1571432639953442,0.9800993526435868,1.0,False
E82058,1,0.069474322547484,0.9384209685271724,1.0,False
E82059,2,0.182363295226558,0.5682271712090153,0.7666666666666667,True
E82060,1,-0.0129745784274512,0.8516866259332784,1.0,False
E82061,2,0.0430314158946149,0.8953113535981083,1.0,False
E82062,3,0.1873565639469861,0.9889979107197028,1.0,False
E82063,3,0.2511470387822519,0.9953632683660436,1.0,False
E82066,2,0.0683570025189777,0.9997956499741752,1.0,True
E82067,1,0.034263130376163,0.9992475349832948,1.0,False
E82068,2,0.0751017693557794,0.9677741618368776,1.0,False
E82069,1,0.0694135574585217,0.999271076558591,1.0,False
E82070,1,0.0572241346815521,0.9999960420021904,1.0,False
E82071,2,0.1437777624304772,0.9795679808376536,1.0,False
E82073,3,0.2238375655792449,0.9911544117091587,1.0,False
E82074,3,0.0834878607074177,0.4269808131347495,0.5,True
E82075,3,0.2558106947507906,0.9997173062103822,1.0,False
E82077,1,0.0745135765404307,0.9484018408417428,1.0,False
E82078,2,0.0755833669780461,0.9434270489018316,1.0,False
E82079,1,-0.0032859137043292,0.5686125238391871,0.7666666666666667,False
E82081,2,0.0793992564023814,0.9677989759150502,1.0,False
E82082,2,0.0129214528008467,0.8733784122215571,1.0,False
E82083,3,0.1817641418548934,0.9502265197105704,1.0,False
E82084,1,-0.0298605318986246,0.8806753731917486,1.0,False
E82085,2,0.1186206929409815,0.809694647053121,1.0,True
E82086,3,0.030574695314015,0.5120887482180345,0.6,True
E82088,3,0.288563727705335,0.9996833610013892,1.0,False
E82090,3,0.0589302274984748,0.632111590573948,0.9666666666666668,False
E82091,1,0.178988981779077,0.9960363762371072,1.0,False
E82092,2,0.1076879675358768,0.9490281873876186,1.0,True
E82093,3,0.0812272821891524,0.6730245747164824,0.9666666666666668,False
E82094,2,0.248613639975051,0.6632907325060945,0.9666666666666668,True
E82096,1,0.0405799481754314,0.5513737620053145,0.6666666666666666,False
E82098,3,0.0898286317843269,0.546290255059262,0.9666666666666668,False
E82099,3,0.0167135403001778,0.8205461510496532,1.0,True
E82100,3,0.0957798716592013,0.5244342286830771,1.0,False
E82102,2,0.1931975175568349,0.99645301729903,1.0,False
E82106,3,0.2204627781413694,0.9956451524041282,1.0,False
E82107,3,0.189188147929079,0.9927989608562718,1.0,False
E82111,2,0.1918103514652912,0.9964293588113105,1.0,False
E82113,2,0.0765519197679217,0.9999430339633572,1.0,True
E82115,3,0.1245411786206777,0.7888301186881661,1.0,False
E82117,3,0.2647241725963071,0.9985856959624164,1.0,False
E82121,2,0.0242520007378994,0.7482409816973463,1.0,True
E82123,1,0.077704722557169,0.921381401548321,1.0,False
E82124,2,0.2294530357189182,0.995466387771394,1.0,False
E82129,3,0.0361261822580374,0.7287373432764946,1.0,True
E82132,2,0.112070351343463,0.6717035943491597,0.9666666666666668,False
E82133,1,-0.0570556218039672,0.6118072717969348,1.0,True
E82626,1,0.0375562315164862,0.5642782446079312,0.6666666666666666,False
E82638,2,0.1042968147637686,0.9435545007771702,1.0,False
E82643,2,0.1437378124025017,0.9770268898708,1.0,False
E82652,1,0.0480283945751885,0.9998345853692068,1.0,False
E82654,2,0.1799654024806463,0.9777503814608828,1.0,False
E82655,3,0.1976580245801952,0.9705966020522062,1.0,False
E82657,1,-0.0501772949399621,0.9987606520080672,1.0,False
E82661,1,0.0758485558445335,0.9999979655348402,1.0,False
E83003,2,0.1183868610797408,0.9734601183793696,1.0,False
E83005,3,0.2497822904851191,0.997954371926693,1.0,False
E83006,3,0.2622294883247092,0.998658526873269,1.0,False
E83007,3,0.259302162682295,0.995419977614716,1.0,False
E83008,1,-0.0106859372361382,0.9970330716981568,1.0,False
E83009,3,0.2412216012631881,0.9898829076925538,1.0,False
E83010,3,0.2307062296197087,0.8887859286842293,1.0,False
E83011,3,0.0911107723143667,0.7493010598072115,1.0,True
E83012,3,0.1261525793452061,0.9764638789690246,1.0,True
E83013,3,0.3161178574392044,0.9965671414486176,1.0,False
E83016,3,0.2523091506902294,0.9814144001232264,1.0,False
E83017,3,0.2119750566375301,0.9886526447165774,1.0,False
E83018,3,0.2704954710410434,0.9980452034744836,1.0,False
E83020,3,0.1150445913222805,0.7091927678254236,1.0,False
E83021,3,0.3158024382637301,0.9997517275194304,1.0,False
E83024,3,0.1799983820304291,0.92162757682425,1.0,False
E83025,2,0.1211099754139451,0.6261788927682683,0.9333333333333332,False
E83026,1,0.0104667103286125,0.9961124871208584,1.0,False
E83027,3,0.1996626246178293,0.939285200635568,1.0,False
E83028,1,0.0543651222077277,0.9001080617644934,1.0,False
E83030,2,0.0674358394400776,0.5847843318326222,0.8666666666666667,True
E83031,3,0.1853194475139315,0.9917102173427942,1.0,False
E83032,1,0.1269206963006789,0.9999807401021042,1.0,False
E83034,1,0.037150852777287,0.9910463997298746,1.0,False
E83035,3,0.2876597722763929,0.998876572479623,1.0,False
E83038,3,0.0450759248915489,0.9999976039822726,1.0,True
E83039,2,0.1218041538742174,0.9884817417466992,1.0,False
E83041,1,0.0837602470523794,0.959190536007852,1.0,False
E83044,1,-0.0492718841120352,0.6990617834434478,1.0,True
E83045,3,0.2850250586734426,0.9993874877162456,1.0,False
E83046,1,0.0417240684432742,0.9988522976461264,1.0,False
E83050,3,0.1530092853770013,0.9978940028639676,1.0,True
E83053,3,0.2730252207391661,0.9903476752348004,1.0,False
E83600,3,0.1246949901929114,0.9999999479575918,1.0,True
E83613,3,0.1524824889284507,0.9997098725169772,1.0,True
E83621,1,-0.0246956930505686,0.5764170153400562,1.0,False
E83622,1,0.0281532518994341,0.6708647683359178,1.0,True
E83637,2,0.0475398830614273,0.5761953500202287,0.9,True
E83638,1,0.2044434669307986,0.9998475622331312,1.0,False
E83639,3,0.2520638688458178,0.9911016500749168,1.0,False
E83649,2,0.1349724868457709,0.7471677372177693,1.0,False
E83653,1,0.1130784945906786,0.9999972930953804,1.0,False
E83668,1,0.0776929874980813,0.9626029239756626,1.0,False
E84002,1,0.124910196362483,0.7475146640546615,1.0,False
E84003,3,0.1351055038940723,0.9952529170236702,1.0,True
E84004,2,0.0864571798670708,0.9619128825074812,1.0,False
E84005,2,0.1116593189933282,0.982206499144208,1.0,False
E84006,1,-0.0645795253100653,0.956173542446369,1.0,False
E84007,1,-0.0375655796546206,0.8484761616872574,1.0,True
E84008,1,0.114573261030943,1.0,1.0,False
E84009,3,0.2433533778083964,0.9920416841676744,1.0,False
E84011,1,0.1160205419258152,0.9996049630016804,1.0,False
E84012,2,0.1075663495616346,0.9493640439657032,1.0,True
E84013,3,0.2823853070111424,0.9995517021969126,1.0,False
E84014,3,0.0717751133304904,0.5889205179208205,0.9,True
E84015,3,0.3151005632923486,0.9991866679653384,1.0,False
E84017,1,-0.0051549401806029,0.8034670350392067,1.0,False
E84018,1,0.1358567347102404,0.9994970532318423,1.0,False
E84020,3,0.1456309877508879,0.9724758673543444,1.0,True
E84021,1,0.1076654683309741,0.9999999890391962,1.0,False
E84022,1,0.2165680190733647,0.9999988976920946,1.0,False
E84024,3,0.2594170950023414,0.9996829002505572,1.0,False
E84025,3,0.07275389540578,0.493465252591827,0.7333333333333333,False
E84028,1,0.1627440866675074,0.9998743868805112,1.0,False
E84030,1,0.0634407614790033,0.968037839561904,1.0,False
E84031,3,0.2419302555423382,0.9973467809600202,1.0,False
E84032,1,0.0082321652927856,0.939291369953177,1.0,False
E84033,1,0.1008533918605767,0.9997369294147584,1.0,False
E84036,1,-0.0268473492441917,0.8531137354139778,1.0,False
E84039,1,-0.0151473360602672,0.5084166989561029,0.7333333333333333,False
E84040,1,0.2044310825225845,0.99983783564882,1.0,False
E84042,1,0.1768327544426099,0.999628562914007,1.0,False
E84044,2,0.1521535285421498,0.87076676454219,1.0,False
E84048,2,0.1163790757725867,0.95950111879832,1.0,False
E84049,3,0.0864058393267882,0.780609663438043,1.0,False
E84051,1,0.039403670773977,0.6363135784033399,1.0,True
E84053,1,0.0482423378599573,0.9999902332438636,1.0,False
E84057,2,0.1354834602847348,0.6244162339923326,1.0,True
E84058,1,0.0147801069908316,0.6993833768475041,1.0,False
E84059,1,0.107679828373336,0.970939919345971,1.0,False
E84061,3,0.2253057873135663,0.9978915227286786,1.0,False
E84062,3,0.1726493069299227,0.9594326607534612,1.0,False
E84063,1,-0.0168024970775728,0.981383007737921,1.0,False
E84066,1,0.1268014542366704,0.999999861913852,1.0,False
E84067,1,-0.041799151866487,0.867322309676577,1.0,False
E84068,3,0.1279970535239887,0.9781318023195352,1.0,False
E84069,3,0.2493107143392814,0.9936816819296728,1.0,False
E84070,1,-0.0093872995666778,0.9716600455527454,1.0,False
E84074,1,0.2569929004067612,0.9999999885243476,1.0,False
E84075,3,0.1904925369655956,0.9992831754480482,1.0,True
E84076,1,0.0951912461447938,0.9999817891649732,1.0,False
E84078,3,0.2916245991410332,0.9944736352729596,1.0,False
E84080,2,0.1144354248593911,0.8429584431151229,1.0,False
E84083,1,-0.0162080575147575,0.999722629083637,1.0,False
E84086,1,-0.01231012887222,0.9997897091777306,1.0,False
E84601,1,-0.0475074823813071,0.8184830146918474,1.0,False
E84617,1,0.2329295935440095,0.9999999983265262,1.0,False
E84620,1,0.0345044073192,0.9999998897140604,1.0,False
E84626,1,0.0640079318831221,0.9989939843710473,1.0,False
E84635,1,0.1940727986914183,0.9758862371794232,1.0,False
E84637,2,0.045401541991961,0.9999999704761257,1.0,True
E84638,3,0.0137223181140721,0.6916168245439176,1.0,True
E84645,3,0.0930905803294663,0.7593156696623565,1.0,False
E84646,1,0.1269892994839919,0.9999919290047564,1.0,False
E84647,1,0.0694391614621138,0.9878627918236372,1.0,False
E84653,1,0.1338095683501523,0.9999999982098656,1.0,False
E84656,1,0.1164011842422386,0.9631458520098878,1.0,False
E84658,1,0.0313885718891034,0.9999748460662018,1.0,False
E84663,3,0.1813822052545005,0.742041819609665,1.0,False
E84665,1,0.1549697954056088,0.999999584679718,1.0,False
E84674,1,0.17960440084612,0.9999999999998366,1.0,False
E84676,1,0.161078771719338,0.9999999974110524,1.0,False
E84678,1,0.1397770955823615,0.9999998221392852,1.0,False
E84680,1,0.239591221498163,0.9999959085281808,1.0,False
E84684,1,0.1566699780752008,0.9999997499714396,1.0,False
E84685,3,0.1617840342711212,0.9160772450166748,1.0,False
E84693,3,0.2889524993162358,0.9979365316188172,1.0,False
E84699,1,-0.0548175974111466,0.9523829225224312,1.0,True
E84701,2,0.1458008932430895,0.7644857884041188,0.9666666666666668,False
E84702,1,-0.0190108914963787,0.9999879218153762,1.0,False
E84704,1,0.091009675136042,0.99929839427502,1.0,False
E84709,1,0.1397604365401979,0.9407786780041384,1.0,False
E85001,2,0.0780748526771225,0.7407609382890801,1.0,True
E85003,3,0.1217970158797222,0.7647675596162468,1.0,False
E85004,1,0.011540553202457,0.8789848607583278,1.0,False
E85005,1,0.0494052292633736,0.9998056199359,1.0,False
E85006,3,0.2211885850268579,0.992711109144662,1.0,False
E85007,3,0.2667472760803079,0.9995919615400228,1.0,False
E85008,3,0.2166652925329581,0.9503919271039432,1.0,False
E85012,1,-0.0891963054786069,0.9686293512363244,1.0,True
E85013,2,0.2333425123468642,0.9910670607353912,1.0,False
E85014,3,0.0878378132445866,0.7784479735112152,1.0,False
E85015,3,0.0204989352758878,0.7913405791424559,1.0,True
E85016,3,0.0971263328375241,0.5852561410607992,0.9,False
E85019,3,0.3186167702265141,0.9999588796672148,1.0,False
E85020,1,0.0392638964674464,0.814428168497912,1.0,True
E85021,1,0.0762165059176299,0.999068817050368,1.0,False
E85023,3,0.1325001583461207,0.616734777443683,1.0,False
E85024,2,0.1762729739121057,0.60669876727254,0.9,False
E85025,3,0.1229007132407599,0.9994415251327912,1.0,True
E85026,2,0.2628304627438258,0.9972199418256272,1.0,False
E85028,1,0.1123738931264082,0.9948790303403044,1.0,False
E85029,1,0.1847139389401316,0.9998103759252908,1.0,False
E85030,2,0.1826527849336622,0.9964513723852112,1.0,False
E85032,1,0.0116879654306549,0.5207075185761479,0.7666666666666667,True
E85033,1,0.0190028877169664,0.9513199571597212,1.0,False
E85034,1,-0.0511563582011405,0.5255400593690583,0.4666666666666667,False
E85035,1,0.1620609972002296,0.9999999999969305,1.0,False
E85038,1,0.0651913632378956,0.8722578156034617,1.0,False
E85040,3,0.2195625307698637,0.998859320378946,1.0,False
E85041,1,-0.0272305135174977,0.7067004950519767,1.0,False
E85042,2,0.2586016964989469,0.9967740115582604,1.0,False
E85045,2,0.0705670589424817,0.6212161936894592,1.0,True
E85046,2,0.1018588693941768,0.9782115221885036,1.0,False
E85048,3,0.108375790852874,0.8930242781391972,1.0,True
E85049,1,-0.0314343284750636,0.5591369552129039,1.0,False
E85050,1,-0.0389233663243743,0.8699763482641114,1.0,True
E85051,2,0.2272853977168133,0.987207498197192,1.0,False
E85052,3,0.1187513825751114,0.788819994107383,1.0,False
E85053,3,0.1465879010852009,0.5079130543247233,0.7,True
E85054,1,0.064157536541663,0.9883482146568532,1.0,False
E85055,3,0.0049735484030712,0.8901506396038288,1.0,True
E85056,1,0.1077600963560058,0.999774193038021,1.0,False
E85057,2,0.1633110279068665,0.9955173666780152,1.0,False
E85058,2,0.1310445287312721,0.6945097822222579,0.9666666666666668,False
E85059,2,0.0903963054504687,0.5920858926665973,0.9,False
E85060,2,0.1662880909782601,0.7930161539306015,0.9666666666666668,False
E85061,1,-0.0726200635636335,0.9792658334107648,1.0,True
E85062,3,0.2092548322076092,0.7454106196056337,1.0,False
E85064,2,0.1330764015794054,0.8760157412799596,1.0,False
E85066,2,0.1762789231574349,0.526966059065706,0.5666666666666667,True
E85069,2,0.1055461948692614,0.6580250241495543,0.9333333333333332,True
E85071,1,0.0620918912891019,0.9993533020355776,1.0,False
E85074,1,0.1043478746727618,0.9999653743881528,1.0,False
E85075,3,0.1437135786801716,0.7883866482275556,1.0,False
E85077,2,0.1655778681302251,0.7535142638079693,0.9666666666666668,False
E85083,2,0.1015153177681402,0.5485523874926846,0.8,True
E85088,2,0.2180818638902751,0.9747862321624046,1.0,False
E85090,2,0.0716651358691358,0.8179544181596153,1.0,True
E85091,1,0.0370626715775496,0.9987048364322456,1.0,False
E85096,1,0.007534815968336,0.9921604860368484,1.0,False
E85098,1,-0.0627421359016607,0.7543837382161974,1.0,True
E85099,2,0.1871614599320356,0.9892335504043572,1.0,False
E85103,1,-0.0433595228130197,0.999960867177918,1.0,False
E85107,3,0.1177152692962519,0.8210037483208861,1.0,False
E85108,2,0.1048681853518401,0.9734485362624632,1.0,False
E85109,2,0.1320835663761003,0.8732948571443802,1.0,False
E85111,1,0.1412434143674594,0.9999998652171612,1.0,False
E85112,1,0.0969916848618613,0.5525764150653226,0.6333333333333333,False
E85113,2,0.135372906330214,0.5171716431235066,0.5333333333333333,True
E85114,3,0.312725911182988,0.9999015060299152,1.0,False
E85115,2,0.2316283746349658,0.990663739462872,1.0,False
E85116,1,-0.0089541005125484,0.7386976818710976,1.0,False
E85118,1,-0.0082074804886096,0.8877645495520781,1.0,True
E85119,2,0.0911837642756471,0.9246936050333172,1.0,False
E85120,3,0.2459967205114436,0.999676816589986,1.0,False
E85121,1,-0.022113039027914,0.7773209596347703,1.0,True
E85122,1,0.1166628985112238,0.9999999978650784,1.0,False
E85123,3,0.3196304096317803,0.9998523406007696,1.0,False
E85124,1,0.1933373240317882,1.0,1.0,False
E85125,3,0.112557468402312,0.7372519933000671,1.0,False
E85126,1,-0.0350028621155591,0.9858394581945682,1.0,False
E85127,3,0.25307988291434,0.9955756444583572,1.0,False
E85128,3,0.1691126159786852,0.9857564630511032,1.0,True
E85129,1,0.1822320704622548,0.998419577944016,1.0,False
E85130,1,-0.0430641620752024,0.636768074672919,1.0,False
E85600,3,0.2950574718161149,0.9999207754429672,1.0,False
E85605,3,0.2067414518836125,0.9804927623222404,1.0,False
E85623,1,-0.0095866967839498,0.6610328110804736,1.0,False
E85624,2,0.0811643917005013,0.8716743214462028,1.0,True
E85628,1,0.0407662146659119,0.5944143697885812,0.9666666666666668,True
E85633,1,0.0938933868423634,1.0,1.0,False
E85635,2,0.2297861901990013,0.988372069391005,1.0,False
E85636,2,0.0766752679508969,0.9867558552760868,1.0,False
E85640,1,0.1868137720493544,1.0,1.0,False
E85643,1,0.0400370564206531,0.923804014024766,1.0,False
E85649,1,-0.0444486431144562,0.6657665258379918,0.9666666666666668,True
E85656,1,-0.0540136581860808,0.9318362842705352,1.0,False
E85657,2,0.0711396774536561,0.9498637647941652,1.0,False
E85658,1,0.0069893161936061,0.9944835833376608,1.0,False
E85659,2,0.1291772461296089,0.9571651348336092,1.0,True
E85663,1,0.1283879798439434,0.999491038336319,1.0,False
E85677,1,0.0579595526007308,0.7912588374249971,1.0,False
E85680,3,0.2488518860352413,0.9964094531058076,1.0,False
E85681,3,0.268326312917088,0.9468961843241234,1.0,False
E85682,1,0.0595297789478739,0.9997919359399604,1.0,False
E85683,1,-0.0384208139591538,0.8082188820613295,1.0,True
E85685,3,0.2707648584229017,0.9998508479083458,1.0,False
E85687,1,0.0611476028346782,0.9954502684232336,1.0,False
E85693,3,0.1018505908576186,0.9025837102368331,1.0,False
E85694,2,0.1214142798426119,0.8907358184388062,1.0,False
E85696,3,0.179955713888352,0.6689739278580548,1.0,False
E85697,2,0.2755972556471391,0.993136389763678,1.0,False
E85699,3,0.0536209505021004,0.9543379515340256,1.0,True
E85707,2,0.1479751546502519,0.5638744449092592,0.7666666666666667,True
E85708,2,0.1700547570943817,0.9238228301442802,1.0,False
E85712,2,0.1098775192851441,0.9646709915408748,1.0,False
E85713,1,0.0899447860831853,0.9999966076796752,1.0,False
E85715,2,0.0956967220425549,0.6235009795113441,0.9333333333333332,False
E85716,1,-0.0523549645993569,0.9893008442749186,1.0,False
E85718,2,0.0849253312781649,0.9744612524632544,1.0,True
E85719,1,0.0205086970581549,0.9999329207245674,1.0,False
E85721,1,0.0551207074386267,0.984896209488764,1.0,False
E85725,1,0.0862017384950501,0.9999999569536238,1.0,False
E85726,2,0.0982772260177081,0.8985788412459748,1.0,False
E85734,1,0.0908967775729875,0.8545064794551913,1.0,False
E85735,1,0.110052909906533,0.7447589945730061,1.0,False
E85736,3,0.0185137429137065,0.7022175188047276,1.0,True
E85739,2,0.080268171756136,0.94972171467051,1.0,True
E85743,1,-0.0548568967051197,0.826570993600292,1.0,False
E85744,3,0.0268821828072381,0.6630809949408972,1.0,True
E85745,1,-0.0528244073595955,0.8864393789082633,1.0,False
E85746,2,0.1862720026378719,0.7583965973214776,1.0,True
E85748,2,0.1676183396023532,0.8815556511424082,1.0,False
E85750,1,0.063334492859267,1.0,1.0,False
E86001,3,0.2433701615439252,0.9881018155898922,1.0,False
E86004,1,-1.5962021099399135e-05,0.7690090851734671,1.0,False
E86005,2,0.0106890396706011,0.4960047697705675,0.5666666666666667,True
E86006,1,0.1232298892441045,0.953182115203725,1.0,False
E86007,1,-0.0145226988460482,0.9991374174862186,1.0,False
E86009,2,0.1295530371364092,0.95747349274449,1.0,True
E86010,1,0.174453161777685,0.9999919199355334,1.0,False
E86011,2,0.1233948735560673,0.7207417382637173,0.9666666666666668,False
E86012,3,0.1272063708644975,0.9855308603699788,1.0,True
E86014,3,0.1883336072030954,0.9908050526006648,1.0,True
E86015,2,0.1581423978975435,0.9765790647834506,1.0,False
E86016,2,0.1511377400563094,0.9484569120578256,1.0,False
E86017,1,0.1622019774101912,0.98246303842287,1.0,False
E86018,1,0.1447531954088265,0.9986062524704772,1.0,False
E86019,1,-0.0359828507103536,0.9999502938592312,1.0,False
E86020,1,0.1289493143785181,0.9999999914967468,1.0,False
E86022,1,-0.056267977413499,0.9664127069328072,1.0,False
E86024,3,0.2735249639753542,0.9930798028964736,1.0,False
E86026,1,0.232434282571679,0.9999999990483772,1.0,False
E86027,1,0.0509730515563146,0.8609555536398261,1.0,False
E86028,3,0.2310377699983149,0.9970755896261344,1.0,False
E86029,1,-0.069996788718603,0.524711828861071,0.9333333333333332,True
E86030,1,0.0903113689147007,0.9999980623720126,1.0,False
E86033,1,0.1767900076714035,0.9904499789177716,1.0,False
E86036,3,0.138857372013694,0.7243560248156685,1.0,False
E86038,1,0.0473336280935382,0.9998712966345312,1.0,False
E86041,3,0.106654942413214,0.7805156644043171,1.0,False
E86042,1,-0.0458558363787421,0.8829662766582871,1.0,True
E86605,1,-0.026617402270125,0.95266684874757,1.0,True
E86609,1,0.126226023025466,0.9990765313943232,1.0,False
E86610,1,0.1423827833945656,0.9939036769200044,1.0,False
E86612,3,0.1573043890481301,0.9601907833292488,1.0,True
E86615,3,0.1526364334918415,0.9609290636548982,1.0,False
E86618,3,0.1449733681546891,0.9978380721638114,1.0,True
E86619,3,0.1742247348849165,0.9999591709229269,1.0,True
E86625,1,0.128613820335173,0.9992127902202916,1.0,False
E86626,1,-0.045720260348652,0.855565363717077,1.0,False
E86629,1,0.0248228572610073,0.8281173290011814,1.0,True
E86632,1,0.0127547011497646,0.9910870242890392,1.0,False
E86637,3,0.174742324302351,0.9998783138114946,1.0,True
E86640,2,0.0211848121889988,0.8368296652344994,1.0,False
E87002,2,0.1283294373858035,0.6345403407502264,0.9333333333333332,False
E87003,1,-0.0319624212368632,0.9973826848502932,1.0,False
E87004,3,0.0987058956165918,0.6533753525382108,1.0,False
E87005,3,0.206154711645353,0.9167167637997948,1.0,False
E87006,1,-0.0109561186671383,0.553197451793175,0.6666666666666666,False
E87008,1,-0.0060182225476486,0.8902885326943201,1.0,False
E87009,1,0.0190541331497161,0.9953242986217689,1.0,False
E87010,2,0.231649802098048,0.9692686688998474,1.0,False
E87011,1,0.0462575488321808,0.9999999994474996,1.0,False
E87013,2,0.1113896327992842,0.8704584873971323,1.0,False
E87016,3,0.0138850884580829,0.5213440065575825,0.8,True
E87021,3,0.0937557900114449,0.6627787230118427,1.0,False
E87024,2,0.1212249464161953,0.8190194859019965,1.0,True
E87026,1,0.1080064112309269,0.9999999942555712,1.0,False
E87029,1,-0.0648939499286784,0.6795308388149728,1.0,True
E87034,3,0.1047800002728956,0.7003418406966946,1.0,False
E87037,1,-0.0277468841546865,0.9281780211003936,1.0,False
E87038,3,0.0030193552621941,0.9831425640775542,1.0,True
E87043,1,0.0498989281949191,0.649016231168739,1.0,True
E87045,2,0.1531678465863675,0.9708458736947558,1.0,False
E87046,2,0.0430257427127447,0.9996292950153683,1.0,True
E87047,3,0.0736892932449859,0.9362715376190016,1.0,True
E87048,1,-0.0393527456260173,0.6906884368160393,0.9666666666666668,True
E87052,1,0.0124073886775532,0.9957686205964316,1.0,False
E87061,1,-0.0135496094161046,0.5101929692598931,0.7,True
E87063,2,0.0111954650029972,0.9999804553548958,1.0,True
E87065,3,0.0343865409952656,0.5191841448486383,0.8333333333333334,True
E87066,1,-0.0341687976332414,0.8107955022602865,1.0,False
E87067,3,0.0869023590344499,0.9983609259442924,1.0,True
E87069,2,0.0676696632445766,0.9999999609710252,1.0,True
E87070,1,0.0406561895667926,0.5632334856113755,0.6333333333333333,False
E87609,3,0.0812067513222035,0.5557467791210133,1.0,True
E87637,1,-0.024829980177016,0.7090315880810563,1.0,False
E87648,3,0.1121014065756247,0.9865362425699412,1.0,True
E87663,1,-0.0594145949935193,0.9946081294136124,1.0,False
E87665,2,0.0646591358709183,0.5821310359151022,0.8666666666666667,False
E87677,1,0.099996600181557,0.9998098033712784,1.0,False
E87681,1,-0.0488415126569952,0.9951874222242536,1.0,False
E87701,1,-0.0094131252140737,0.9613842596592964,1.0,False
E87702,1,0.1016480622232275,0.9993086721619936,1.0,False
E87706,1,0.1302806998161365,0.9973838154072052,1.0,False
E87714,1,0.0027517885841388,0.9999986685762516,1.0,False
E87715,1,0.0826497010433705,0.876160206588471,1.0,False
E87720,3,0.1013202645632564,0.5270020979178223,0.6666666666666666,False
E87722,2,0.079885783211854,0.7899713417954146,1.0,False
E87733,1,0.0170639329335744,0.9999999043915908,1.0,False
E87737,2,0.0795791272956511,0.8525837454122432,1.0,False
E87738,3,0.1612225946478468,0.8030356088390818,1.0,False
E87739,3,0.0547639590352156,0.6784079787072761,1.0,True
E87741,1,0.0220021410228207,0.8748765183163569,1.0,False
E87742,3,0.1245000352006526,0.9593489029056068,1.0,True
E87745,1,-0.0461727326347324,0.5953346303837024,1.0,False
E87746,1,0.056205749667943,0.9967639976866962,1.0,False
E87750,1,0.0907324314092034,0.9999999985475228,1.0,False
E87751,3,0.0777321069257022,0.996640745837704,1.0,True
E87753,1,0.057546587709156,0.9999553246366364,1.0,False
E87754,1,0.104636038336397,0.999997697731416,1.0,False
E87755,3,0.2020849945636582,0.6838882320525075,1.0,False
E87762,1,0.0003335269440005,0.9996041029866156,1.0,False
E87768,1,0.0047166662484512,0.9549415524630126,1.0,False
E87772,2,0.0807271363432277,0.99999898711974,1.0,True
F81001,2,0.1999571439864842,0.9040786285498442,1.0,False
F81003,2,0.1444200755177762,0.6358466295822918,0.9666666666666668,False
F81004,2,0.2485313688297507,0.6248892891596088,0.9,False
F81006,1,0.0884586692978576,0.7071397312798599,1.0,False
F81007,2,0.0904256523291273,0.8517978511382858,1.0,True
F81009,2,0.1594819737305536,0.9956662713459048,1.0,False
F81010,1,-0.0524716307375654,0.6576212126566157,1.0,False
F81011,3,0.1931769405666212,0.9923852381362284,1.0,False
F81012,2,0.1803139792569589,0.992565342032284,1.0,False
F81013,2,0.0641305136606837,0.8264043580153054,1.0,True
F81014,2,0.0251905960256696,0.9744064501172998,1.0,True
F81015,3,0.2346100865011625,0.9997499922256312,1.0,False
F81017,3,0.1087080492658097,0.8438043018746811,1.0,False
F81019,3,0.0744080487061855,0.9999941076475466,1.0,True
F81020,2,0.2117227944237473,0.9955371276261404,1.0,False
F81021,2,0.0523799665578901,0.9760703702888934,1.0,True
F81022,2,0.0931730079877899,0.9911589072912752,1.0,False
F81023,3,0.2210271055480777,0.9949611561705136,1.0,False
F81025,3,0.158469014257125,0.861340922556397,1.0,False
F81026,2,0.0249062318620199,0.9367489216873052,1.0,True
F81027,2,0.0096540597301489,0.9327875230587588,1.0,True
F81028,2,0.1805669808205203,0.9945200445543724,1.0,False
F81029,3,0.2965928188339671,0.9944634549226936,1.0,False
F81030,2,0.2404531188773066,0.9994855179700768,1.0,False
F81031,1,0.0817516324158406,0.999999930817906,1.0,False
F81032,2,0.2216557510574233,0.8249958741729041,1.0,False
F81034,2,0.3191865039121118,0.999221475874469,1.0,False
F81036,3,0.2215110113787801,0.9788902940411468,1.0,False
F81037,1,0.0966201429674339,0.99995751346452,1.0,False
F81038,2,0.1831682655949611,0.9935947835249096,1.0,True
F81040,2,0.1701620241234112,0.9998473342380132,1.0,True
F81041,2,0.1256594503657411,0.9607122800185286,1.0,False
F81042,2,0.1009135092563968,0.997442962761118,1.0,True
F81043,3,0.1184124551513788,0.9686777049861356,1.0,False
F81044,3,0.2752388440312652,0.9996282363408616,1.0,False
F81045,3,0.2328692547423397,0.9716746509007396,1.0,False
F81046,3,0.0632515730323071,0.4639940690358625,0.8666666666666667,True
F81047,3,0.1373079977621902,0.9876059386046384,1.0,False
F81048,2,0.0253062062673389,0.8971576040868239,1.0,False
F81049,3,0.0709817839865814,0.5968671193289783,0.9,False
F81051,1,-0.0417556564381607,0.9566627352835332,1.0,False
F81052,2,0.0179381380791159,0.997417242501351,1.0,True
F81053,2,0.0486138950287423,0.6221837978293314,1.0,True
F81055,2,0.2575853873361237,0.941042289413823,1.0,False
F81056,2,0.1793941543123515,0.9894599730024892,1.0,False
F81057,3,0.1594432455410571,0.9781404757756312,1.0,False
F81060,3,0.2998765858241367,0.9977431201952576,1.0,False
F81061,2,0.2161348492898414,0.6229371083616129,0.9,True
F81062,2,0.126892940831938,0.9525322999057192,1.0,True
F81065,3,0.1358916902911984,0.9248253183717056,1.0,False
F81066,2,0.2184856065136114,0.9992661390170272,1.0,False
F81067,2,0.1793060819587186,0.9983280565450732,1.0,True
F81068,2,0.0969177595377308,0.9918338876277696,1.0,False
F81069,2,0.2023502860752138,0.9921915889148564,1.0,False
F81071,1,0.0156952058828852,0.6756953185601388,1.0,False
F81072,3,0.1342868265330336,0.86496824346699,1.0,False
F81075,2,0.13596890024295,0.8670042843694755,1.0,False
F81076,2,0.2128782091434846,0.9955951798505884,1.0,False
F81078,1,-0.0245224573636818,0.9975046268649316,1.0,False
F81080,3,0.2479554913000494,0.9967315291565646,1.0,False
F81081,3,0.1124146158239656,0.5676572921786512,0.9666666666666668,False
F81082,3,0.1940841818644434,0.9999999902884796,1.0,True
F81083,3,0.1568865121573095,0.9307040913903792,1.0,False
F81085,2,0.0295648511391529,0.9034336829372606,1.0,False
F81086,1,0.0118968984670964,0.998694591114568,1.0,False
F81087,1,-0.0816037026383157,0.8522478499122624,1.0,True
F81088,1,0.0301920900189633,0.9999966292956302,1.0,False
F81089,2,0.2997095156366081,0.994744966085543,1.0,False
F81090,2,0.2941102979409634,0.9972922913178284,1.0,False
F81091,2,0.1238364586039846,0.9998593628909525,1.0,True
F81092,3,0.081336126795502,0.8842252977046388,1.0,True
F81095,2,0.2023365809451454,0.9959663172106727,1.0,False
F81096,2,0.0367512889298418,0.9159820876328116,1.0,False
F81097,3,0.2500201196693145,0.9968112271390932,1.0,False
F81098,2,0.3349564407824274,0.9980598578704496,1.0,False
F81099,2,0.1716746795623592,0.9977458743999954,1.0,False
F81100,3,0.0451478191295197,0.5490498359225047,0.6666666666666666,False
F81101,2,0.1933904186159459,0.634402115331837,0.9333333333333332,False
F81102,2,0.2105782691962184,0.9670143424291168,1.0,False
F81104,3,0.1902879431846564,0.9999999999099244,1.0,True
F81105,3,0.070710306385202,0.5487090259475359,0.8333333333333334,True
F81106,3,0.2971588207445966,0.9995636574432024,1.0,False
F81108,1,0.0404092934498974,0.6094895554955692,0.9,False
F81110,1,-0.036375065444939,0.4831139588253413,0.5,False
F81112,2,0.111798411783466,0.931022645775486,1.0,False
F81113,1,-0.0272187100592479,0.6392388763081226,1.0,True
F81114,2,0.1603744620817327,0.8154768653030167,1.0,False
F81115,2,0.1551016938944385,0.9870489699381336,1.0,False
F81116,3,0.0792079765967947,0.6438654769883341,0.9666666666666668,False
F81117,1,-0.0512368838704898,0.9931583452796438,1.0,False
F81118,2,0.1186832040554246,0.9845701376786348,1.0,False
F81119,3,0.0949029779124652,0.821913453985593,1.0,False
F81120,2,0.0263395891336247,0.9336870577130916,1.0,False
F81121,1,-0.0247707627425855,0.9758642868837968,1.0,False
F81122,2,0.1467122170060191,0.9898612034498088,1.0,False
F81123,3,0.055895058873572,0.5514051451743445,0.8,True
F81125,2,0.0898226177249458,0.5959374087379071,0.9333333333333332,False
F81126,2,0.2470854772612859,0.9965908614219222,1.0,False
F81128,3,0.2307451540191365,0.9848935161294788,1.0,False
F81130,2,0.2409727201584929,0.8409786311088003,1.0,True
F81131,2,0.2756104886606469,0.9902357968440474,1.0,False
F81132,3,0.0277250258717199,0.7568294475260275,1.0,True
F81133,2,0.1082959978163976,0.9918126591938622,1.0,False
F81134,3,0.013130073191755,0.8458437351196293,1.0,True
F81136,2,0.0669267917348824,0.9999861725382256,1.0,True
F81137,3,0.1639205453334653,0.9734866602880712,1.0,False
F81141,1,-0.0535570353828445,0.7387077623173854,1.0,False
F81142,2,0.2138733579588954,0.9661961690144472,1.0,False
F81144,3,0.2712983097359819,0.997339189326003,1.0,False
F81147,2,0.188720033168433,0.991228341028459,1.0,False
F81149,2,0.040475603189334,0.972893811610413,1.0,False
F81150,3,0.1752106844812746,0.942172741588228,1.0,False
F81152,3,0.1889611244532867,0.9610645903712252,1.0,False
F81153,3,0.2060045711952295,0.9953263132443372,1.0,False
F81155,3,0.2318801925744784,0.6171104009026287,0.9333333333333332,False
F81156,3,0.0521893648977715,0.997933410572764,1.0,True
F81158,3,0.0405100388503166,0.5956854168130042,1.0,True
F81159,1,-0.0381213962653623,0.7332050435529713,1.0,False
F81163,3,0.05396492929836,0.6398981534439963,1.0,True
F81164,1,0.0606081571009549,0.7149143657497998,1.0,False
F81165,2,0.2404782338920179,0.9148275303803198,1.0,False
F81169,2,0.1764115283724087,0.8900657662101067,1.0,False
F81170,2,0.2226799227923776,0.916142652336076,1.0,False
F81173,2,0.2497788621081085,0.938939922020027,1.0,False
F81176,3,0.0975610864842189,0.9484388177672296,1.0,True
F81177,1,0.0300203842794928,0.997628044953316,1.0,False
F81181,1,0.030944083929825,0.9321658292702176,1.0,False
F81183,3,0.0681700170359136,0.6071536718878213,0.8666666666666667,False
F81184,2,0.1633223148533872,0.9956615426320504,1.0,False
F81186,1,-0.0665896588326027,0.9363090730045902,1.0,True
F81192,1,-0.0262021961283206,0.7123249292140246,1.0,False
F81193,2,0.1720018130940669,0.9652468963897904,1.0,False
F81197,3,0.1486760791667749,0.968776896709854,1.0,True
F81198,3,0.1405373351401004,0.6940093031133925,1.0,False
F81205,2,0.1001323900825205,0.9643026065075976,1.0,True
F81206,1,-0.0493282884192073,0.8894571060226781,1.0,False
F81207,1,0.0949587446649994,0.9998583607549332,1.0,False
F81211,3,0.0915318384960889,0.7146929234571404,1.0,False
F81212,2,0.185232540258864,0.7290993517270954,1.0,False
F81213,3,0.1677439597624072,0.9719963931289995,1.0,False
F81215,2,0.3076712561641512,0.999319744279033,1.0,False
F81216,2,0.108789915287219,0.550835234489687,0.8333333333333334,False
F81219,3,0.1560234585246492,0.9640035369808904,1.0,False
F81221,3,0.1464721966426503,0.9822905763057036,1.0,False
F81222,3,0.2195529893005644,0.860032441789723,1.0,False
F81223,1,0.1141111240955295,0.970644746143202,1.0,False
F81606,2,0.0257861315556265,0.9149191318715048,1.0,False
F81613,2,0.0722577031723122,0.686888455915048,1.0,True
F81618,2,0.309848183650155,0.996949719278207,1.0,False
F81619,1,0.0965822370110964,0.9994006575340596,1.0,False
F81623,1,0.0488401331970027,0.9999012307884736,1.0,False
F81632,2,0.0830844281620393,0.8877369729404544,1.0,False
F81633,1,0.0823304391203328,0.9985744473310716,1.0,False
F81635,3,0.2005669502689026,0.9999999894358212,1.0,True
F81636,2,0.096230141389565,0.9832781397073244,1.0,False
F81640,3,0.2868765512845243,0.999031232338921,1.0,False
F81641,1,-0.0107605065358238,0.9102434678174284,1.0,False
F81645,1,-0.0539513897783131,0.8277936409740001,1.0,True
F81649,2,0.0515515663781254,0.7094121102735058,1.0,True
F81652,3,0.0484107850769964,0.999980047878184,1.0,True
F81656,1,0.1006304082118601,0.9999956922615056,1.0,False
F81665,2,0.1379332607176468,0.992973801700282,1.0,False
F81666,1,0.0678203638055696,0.9852178352117922,1.0,False
F81669,1,0.1926458500246301,0.9999972409080348,1.0,False
F81674,3,0.2064299604510097,0.9985228770985988,1.0,False
F81675,2,0.1194390619291211,0.9688051078752482,1.0,True
F81679,1,-0.0638576549022137,0.961742391745259,1.0,True
F81681,3,0.0990681555322516,0.941456539640972,1.0,True
F81683,1,-0.0582639653459545,0.7477061178372524,1.0,True
F81690,3,0.2255855666123153,0.997605228470594,1.0,False
F81696,3,0.1697432826273424,0.9662349603497576,1.0,False
F81697,1,0.1396865838136832,0.9999999993170654,1.0,False
F81700,2,0.0987023762593801,0.964789181780923,1.0,False
F81704,1,-0.0602086517006615,0.5699425804478894,0.9333333333333332,True
F81707,3,0.2234496754404024,0.9970884130528808,1.0,False
F81708,1,0.1636395677308614,0.9989957749448232,1.0,False
F81711,3,0.2232344681919844,0.99457999129451,1.0,False
F81713,2,0.1620240018815524,0.7265656700340741,0.9666666666666668,False
F81716,2,0.083392397990357,0.9788066688064292,1.0,False
F81725,2,0.1819369875874826,0.9752234418267736,1.0,False
F81729,3,0.0570237423081961,0.6326544809373594,0.9666666666666668,True
F81730,3,0.2659711614525908,0.9998984531756964,1.0,False
F81732,3,0.0623662983209588,0.999962638972668,1.0,True
F81737,1,0.0861246744539811,0.9984282069535698,1.0,False
F81739,3,0.2122315958423057,0.999056719262966,1.0,False
F81740,3,0.0939600291884912,0.7221933153677818,1.0,True
F81741,2,0.0770106071693606,0.8794123583142804,1.0,False
F81744,1,-0.0513811851108007,0.6769298427788103,1.0,True
F81746,1,-0.0232326542340021,0.9877423245565404,1.0,False
F81749,3,0.0843236849436417,0.9379655799074174,1.0,True
F81751,1,0.0954244212564503,0.9999640898433592,1.0,False
F81757,2,0.180697030819027,0.9974503791900718,1.0,False
F82001,1,0.0637535766207614,0.9902867413491414,1.0,False
F82002,2,0.1883591381829628,0.6212606339672953,0.9333333333333332,False
F82003,1,0.1074628843723518,0.9999539924799132,1.0,False
F82005,1,0.1179972161259484,0.9959635486736156,1.0,False
F82006,2,0.2428051285402499,0.9969043471476228,1.0,False
F82007,2,0.137268292541607,0.9495503405347756,1.0,False
F82008,1,-0.0342788441199073,0.7315733195921766,1.0,True
F82009,3,0.1000038246929712,0.710488007440067,1.0,False
F82010,1,0.0314641287228729,0.763074618111588,1.0,False
F82011,1,0.0652676891202019,0.9111987772000574,1.0,False
F82013,2,0.0818377148486769,0.7448288400869598,1.0,False
F82014,2,0.1302449076519954,0.9447093634671933,1.0,True
F82015,1,-0.0626853637988304,0.7615718296402699,1.0,True
F82016,1,0.1749318919744024,0.999989852258767,1.0,False
F82017,1,0.1590457779224631,0.9999999763381848,1.0,False
F82018,1,-0.0484571875855742,0.442039783835212,0.6,True
F82019,2,0.1065663927926141,0.5649421446578055,0.8666666666666667,False
F82021,3,0.0052508514505632,0.8098132564136556,1.0,True
F82022,2,0.0149532887590559,0.852997748802389,1.0,False
F82023,1,-0.0390123179213274,0.9999597129066304,1.0,False
F82025,1,0.0280459063995764,0.9320720395965568,1.0,False
F82027,3,0.0992848649843141,0.6968204954361799,1.0,False
F82028,1,-0.0836274862372218,0.919696712555995,1.0,True
F82030,2,0.0886169915400407,0.9850479247731034,1.0,True
F82031,1,0.0343444672451268,0.9333075713566802,1.0,False
F82033,1,-0.0504140645957463,0.9576244376658742,1.0,False
F82034,1,0.0438852451202042,0.9999901151640728,1.0,False
F82038,1,0.038318064368901,0.9979319961275376,1.0,False
F82039,1,0.0329029967389701,0.9998406247205076,1.0,False
F82040,1,0.1333104679047007,0.9999999859401818,1.0,False
F82042,3,0.0217217310996834,0.6023636582375719,1.0,True
F82045,2,0.0651866277389538,0.9954859055082198,1.0,True
F82051,3,0.1764049818503902,0.7071416751194789,1.0,True
F82055,2,0.0924112719421615,0.7882688465733554,1.0,False
F82604,1,-0.0091928484138328,0.955635233025904,1.0,False
F82607,2,0.2209251987673731,0.98391305648654,1.0,False
F82609,2,0.210588334099649,0.6041226337094238,0.8333333333333334,False
F82610,2,0.1084490502102215,0.9279051992194658,1.0,True
F82612,1,0.0854285795079374,0.8726271270470582,1.0,False
F82619,1,0.1827021577321519,0.9999434458349692,1.0,False
F82624,1,0.0084216550708846,0.7710928667534113,1.0,False
F82625,2,0.1175959865713478,0.7124852693481656,1.0,True
F82627,1,0.2115391681802617,0.9999999999785594,1.0,False
F82630,2,0.0871927001730979,0.9836243824870998,1.0,True
F82634,1,0.1878237579618623,0.9999999998391012,1.0,False
F82638,1,0.1190074982067543,0.99024648143113,1.0,False
F82642,1,0.1549771807730829,0.999992155858872,1.0,False
F82647,1,0.1668410465155631,0.9998883557833438,1.0,False
F82648,1,-0.0410496332431161,0.890759085991222,1.0,False
F82649,2,0.064078528968454,0.9999915276264324,1.0,True
F82650,1,0.0135395989542499,0.7509510060015254,1.0,False
F82660,3,0.1881980697607182,0.9593893464377492,1.0,False
F82661,1,0.1457384649253654,0.9999059023772892,1.0,False
F82663,1,0.0208904857063794,0.9999957456697331,1.0,False
F82670,1,-0.0161443630437097,0.999999995311466,1.0,False
F82671,1,-0.0513758566147019,0.9268943481017918,1.0,False
F82674,1,-0.0422238890421019,0.8587887139447284,1.0,False
F82675,1,-0.0492833508731467,0.6169377980860314,0.9666666666666668,False
F82677,1,0.0965439039504207,0.9770763296311206,1.0,False
F82678,1,0.1923207309017566,0.9999999953911748,1.0,False
F82679,3,0.0613922808761702,0.5218381763657259,0.9666666666666668,True
F82680,1,-0.0223111320163627,0.9222152043217728,1.0,False
F82686,1,-0.0699341421985446,0.9082882314750964,1.0,True
F83002,3,0.0787267901006178,0.7132369471509736,1.0,True
F83003,3,0.2180455956409502,0.9379757924148384,1.0,False
F83005,1,0.001318072741107,0.9999978826966112,1.0,False
F83006,1,0.2040665261329641,0.99935052838169,1.0,False
F83007,3,0.175235750265657,0.9999998033851988,1.0,True
F83008,1,0.0976056134524053,0.9999909098907168,1.0,False
F83010,3,0.2562763934165668,0.5311520134844812,0.5666666666666667,True
F83011,1,0.1799822734069888,0.9890431896529616,1.0,False
F83012,3,0.1726152770373149,0.9894281398342056,1.0,False
F83015,3,0.2943921755784427,0.999080478190787,1.0,False
F83017,1,0.0498870350079725,0.974193271245728,1.0,False
F83018,2,0.0225391656948165,0.8816866689202766,1.0,True
F83019,3,0.2180372326106346,0.8475734872707903,1.0,False
F83020,1,-0.0258197004696286,0.9997901074178092,1.0,False
F83021,1,0.2165959539090669,0.9999938986708946,1.0,False
F83022,2,0.1124946605657929,0.6779635102086131,0.9666666666666668,False
F83023,1,0.0455325997787103,0.9966591694679632,1.0,False
F83032,1,-0.0027222569444288,0.945244267718168,1.0,False
F83033,3,0.0668551609182834,0.8673879122991415,1.0,True
F83034,1,0.1718999164080502,0.9999999996548894,1.0,False
F83039,1,-0.0391323931193173,0.9983470354152344,1.0,False
F83042,1,0.2078516998757873,0.9999999999999964,1.0,False
F83043,1,0.1464138811287973,0.9999980449956208,1.0,False
F83044,3,0.1520744285462881,0.7645809585241601,1.0,True
F83045,1,0.0083045583000457,0.9705996125855304,1.0,False
F83048,3,0.0848200317873756,0.9999999531870476,1.0,True
F83050,1,0.1989303154482935,0.9999984849107622,1.0,False
F83052,1,0.2144648999065003,0.9999995028899554,1.0,False
F83053,1,0.1365814618004654,0.954218354300527,1.0,False
F83055,1,0.119636733819508,0.9997052392694192,1.0,False
F83056,1,-0.0213344617382567,0.9999975603887052,1.0,False
F83057,1,0.0099132856998394,0.71735668153905,1.0,True
F83058,1,0.09888319554187,0.9426350044267504,1.0,False
F83059,3,0.100325416120914,0.6588673409088789,1.0,True
F83060,3,0.0674412668637091,0.953104913415279,1.0,True
F83061,1,0.1244150320812047,0.9999997482999272,1.0,False
F83063,1,0.1687709944753684,0.9766630355824364,1.0,False
F83064,1,0.0352642359195638,0.9865610459182648,1.0,False
F83615,3,0.1087216227979232,0.995569506873887,1.0,True
F83623,3,0.2147995537306705,0.9834948966795348,1.0,False
F83624,1,0.0429214178130445,0.882005940296878,1.0,False
F83632,3,0.168719577472014,0.8887712708070266,1.0,False
F83633,1,0.225603708917099,0.9999999978650038,1.0,False
F83635,1,0.0995817648549099,0.999999999327482,1.0,False
F83652,1,0.0594585293538423,0.9899014755665628,1.0,False
F83658,1,0.0296963419567586,0.9856316786283602,1.0,False
F83660,1,0.0944335484132729,0.9996898984109136,1.0,False
F83664,3,0.0931140233818253,0.544194867907107,0.8,False
F83665,1,0.065749398436587,0.9999238148907812,1.0,False
F83666,3,0.2245987779375747,0.9291689760321256,1.0,False
F83671,3,0.1026642234343021,0.905328095305593,1.0,True
F83672,1,0.1738649377495699,1.0,1.0,False
F83673,1,0.2030250262607628,0.9997839658026304,1.0,False
F83674,1,0.0864943542091343,0.7250552849191176,1.0,False
F83678,3,0.1937780648434043,0.6181226648815838,0.9,False
F83680,1,0.2413990982073209,0.9999999883250084,1.0,False
F83681,1,0.2131484132495041,0.9999999703038118,1.0,False
F83683,1,0.0341229151917765,0.9999999997740724,1.0,False
F83686,1,-0.0007304676053531,0.9765200424470636,1.0,False
F84003,3,0.1574821690243923,0.6991759711069835,1.0,False
F84004,3,0.2054264109661718,0.988461723038904,1.0,False
F84006,1,0.044937166814222,0.9977752773568972,1.0,False
F84008,1,0.0836509150122387,0.9949611145589892,1.0,False
F84009,1,0.0608152688853444,0.997075973725301,1.0,False
F84010,1,0.1898893143715906,0.9917586130205228,1.0,False
F84012,1,-0.013080822916808,0.9103202761803754,1.0,False
F84013,3,0.2504297264523548,0.989644990550046,1.0,False
F84014,1,0.2070052602918099,0.9999999999998472,1.0,False
F84015,2,0.0815778851325542,0.9903262942472908,1.0,True
F84016,3,0.096768447154058,0.5795793930365503,1.0,False
F84017,1,0.1748789169235481,0.9999255085997012,1.0,False
F84018,3,0.0964338661615543,0.9987951093315772,1.0,True
F84021,3,0.0326411909528389,0.9448724316736548,1.0,True
F84022,1,0.0617873949999979,0.9999999999999964,1.0,False
F84025,1,0.1412022234405201,0.9924470228474824,1.0,False
F84030,3,0.1075139531453447,0.7716063046227587,1.0,False
F84031,3,0.0788284036010276,0.7850900243806989,1.0,True
F84033,1,0.0500590106754943,0.6219625431489695,0.9333333333333332,False
F84034,3,0.3187434155657209,0.999821564015837,1.0,False
F84035,1,-0.0484570742824233,0.9993607450653276,1.0,False
F84036,1,0.03745871999502,0.6271009361453321,0.9666666666666668,False
F84038,1,0.2350973251206995,0.9999999975371168,1.0,False
F84039,1,0.1406435277912002,0.9999999023673188,1.0,False
F84044,1,0.1042002950324768,0.9999999996453716,1.0,False
F84047,1,0.0673260828337622,0.9928418865086952,1.0,False
F84050,1,0.2345065258419848,0.9999999999411172,1.0,False
F84051,3,0.1962017556222004,0.5716488084623581,0.7333333333333333,False
F84052,1,0.0206606950339359,0.9565993450078182,1.0,False
F84053,1,0.1078720640929647,0.9999999985363708,1.0,False
F84054,2,0.0966769898338453,0.7408652641207826,1.0,False
F84055,1,-0.0071482464590719,0.9998713472578704,1.0,False
F84060,2,0.1038915558701201,0.7308929784620236,0.9666666666666668,False
F84062,1,0.0538779398824721,0.6232208638687091,1.0,True
F84063,1,0.1148219420214667,0.999999375683735,1.0,False
F84069,1,-0.0032065702960219,0.7758478893217555,1.0,True
F84070,1,0.1089154735631935,0.8742129462188792,1.0,False
F84072,3,0.178001138329951,0.512143750133099,0.5333333333333333,True
F84074,1,0.0460589577400567,0.9787349226437092,1.0,False
F84077,1,0.1523279031174847,0.9999999999998116,1.0,False
F84079,1,0.0253838499787867,0.6282477663057211,1.0,False
F84080,1,0.0534641980929637,0.9999954211806378,1.0,False
F84081,1,0.1852870312085585,0.9978447973549356,1.0,False
F84083,1,0.2057790780474109,0.9999970432941522,1.0,False
F84086,1,0.0260777291965217,0.9999999998247232,1.0,False
F84087,1,0.0876736652422516,1.0,1.0,False
F84088,1,0.1746150655880135,0.9999930750802976,1.0,False
F84092,1,0.1152381746937618,0.9999857833893948,1.0,False
F84093,1,0.0280690080761903,0.9203199171915764,1.0,False
F84096,3,0.2583034344912223,0.992782826246842,1.0,False
F84097,1,0.1358068080032287,0.9998969793832956,1.0,False
F84105,1,0.1760642721475763,0.999999995088583,1.0,False
F84111,1,-0.0189109883613989,0.9864503061516195,1.0,False
F84114,1,0.152740209755941,0.9954884826383212,1.0,False
F84115,1,0.1634237458742602,0.7344797981320353,1.0,False
F84117,1,0.0768563273516323,0.994051202512076,1.0,False
F84118,3,0.2134522391358182,0.7905664388146086,1.0,False
F84119,1,0.1463960119106594,0.9997165703242894,1.0,False
F84121,1,0.0664190241214776,0.99277929444038,1.0,False
F84122,1,0.0172391100400044,0.5070607754508153,0.7,True
F84123,1,0.1070583503709329,0.9997420311586452,1.0,False
F84124,1,0.145739717871415,1.0,1.0,False
F84601,1,0.0429647962720961,0.8073773154685239,1.0,False
F84619,3,0.0952488266375729,0.962978928977384,1.0,True
F84620,3,0.1829502791070274,0.6570928153437325,1.0,True
F84621,1,-0.0188036012648263,0.999123485218497,1.0,False
F84632,1,0.0569745212536348,1.0,1.0,False
F84635,1,0.0237147770529273,0.9561373924982656,1.0,False
F84636,3,0.1083352987115386,0.8768613926062699,1.0,True
F84640,3,0.0547374078604846,0.4739676299427768,0.9666666666666668,True
F84641,1,0.197283626628297,0.9999999999996696,1.0,False
F84642,3,0.044237799440827,0.9999998188559354,1.0,True
F84647,1,0.1005682496630687,0.9682951703120468,1.0,False
F84656,1,0.1703876433459875,0.7495261039639121,1.0,False
F84658,1,0.0258610736016973,0.9999999850472108,1.0,False
F84660,1,-0.0463491684159462,0.9998595164535214,1.0,False
F84666,1,0.2123160993148269,1.0,1.0,False
F84668,1,0.0843063255171808,0.9993700312121614,1.0,False
F84669,1,0.2043539414363863,0.999981739581452,1.0,False
F84670,1,0.2370844640408601,0.9996791929068376,1.0,False
F84672,1,0.0601896238701588,0.9995526089437786,1.0,False
F84677,1,0.0213477424245037,0.9671029147036012,1.0,False
F84681,3,0.1882938613670934,0.9999067812673562,1.0,True
F84686,3,0.135966381941976,0.9999249662316212,1.0,True
F84692,1,0.1428303150101406,0.9999991717111618,1.0,False
F84694,3,0.1702419080105768,0.9452446784516452,1.0,False
F84696,1,0.0769510003779675,0.9999996449448104,1.0,False
F84698,3,0.1878969113374708,0.6136049469779284,0.9333333333333332,True
F84710,1,0.1865674663068405,0.9953842361284682,1.0,False
F84716,1,0.2170858464498158,0.9999998282212174,1.0,False
F84717,1,0.2432622188963923,0.9999999999892316,1.0,False
F84718,1,-0.0620483670573014,0.9383130876964166,1.0,True
F84719,1,0.2131239405985772,0.9999999632739154,1.0,False
F84720,3,0.235968568344411,0.9240236638448894,1.0,False
F84724,1,0.2407520313363373,0.999999931714824,1.0,False
F84729,1,0.10834296398599,0.9954097731880944,1.0,False
F84730,1,0.1658482883788475,0.9999173470170686,1.0,False
F84731,3,0.1006574272400938,0.7094364058432333,1.0,True
F84733,1,0.0862760806428907,1.0,1.0,False
F84735,1,0.140166122651999,0.9999999999962164,1.0,False
F84739,1,0.023195862521584,0.996880294474794,1.0,False
F84740,1,0.1528537150254824,1.0,1.0,False
F84741,3,0.2217054453689332,0.8660568949061175,1.0,False
F84747,1,0.057274616700414,0.9766188990412202,1.0,False
F84749,1,0.139567647519456,0.9999999985679509,1.0,False
F85002,3,0.2337533156678684,0.9851886408311952,1.0,False
F85004,3,0.187699515034522,0.8463604803889246,1.0,False
F85007,3,0.215160388650119,0.9655796751319836,1.0,False
F85008,1,0.1490847892224394,0.995795327231285,1.0,False
F85010,1,0.2256685417581248,0.9999999965966068,1.0,False
F85013,2,0.059828996219267,0.730621874646305,1.0,False
F85014,1,0.0318749540312656,0.9971970039402892,1.0,False
F85016,2,0.1014028872534323,0.974654384865802,1.0,False
F85017,3,0.2841515952202803,0.9986750839061496,1.0,False
F85019,1,0.0619854979384597,0.9977724548338822,1.0,False
F85020,3,0.2368626740408109,0.8569732968876054,1.0,True
F85023,1,0.1578952717628822,0.999982547498912,1.0,False
F85025,3,0.1265035566470376,0.5438833049008669,0.8,False
F85028,1,0.2102084635932972,0.999999985338608,1.0,False
F85029,1,0.1166862450500107,0.991774533970072,1.0,False
F85030,1,-0.0140909205023946,0.999999844193018,1.0,False
F85031,2,0.0816910832059883,0.6422114974974067,0.9333333333333332,True
F85032,2,0.0113638796221667,0.9836076217390464,1.0,True
F85033,2,0.1029995109446792,0.8839381258973913,1.0,True
F85034,3,0.1130009198288815,0.8859209480377905,1.0,True
F85035,2,0.1152665775432095,0.8871131125703284,1.0,False
F85039,2,0.1059984203138271,0.9904140222424168,1.0,True
F85044,1,0.1555908822370973,0.9999999772078108,1.0,False
F85046,1,-0.0342658824519132,0.9369083195571114,1.0,False
F85058,2,0.1110673258259921,0.5568137442089084,0.6666666666666666,True
F85060,2,0.019626159576985,0.5155074119680073,0.6666666666666666,False
F85061,2,0.0482928113897038,0.9986738161042432,1.0,True
F85063,1,-0.0372866226379913,0.975356683234252,1.0,False
F85064,1,0.2103215396183137,0.9999999999983408,1.0,False
F85065,1,0.0806987531061877,0.9945300546071908,1.0,False
F85066,3,0.1457431605302792,0.5760883532165889,0.9666666666666668,True
F85067,1,-0.0522782190989309,0.9761537194125696,1.0,False
F85069,3,0.2880919286772913,0.9975789892082068,1.0,False
F85071,3,0.1753361108559689,0.8663913692044871,1.0,False
F85072,1,0.1199437766771999,0.993269297723858,1.0,False
F85615,1,0.1420623010735838,0.999943461472601,1.0,False
F85623,1,0.0227954430878639,0.9643817152927318,1.0,False
F85625,1,0.0087183430669304,0.6285240255932448,1.0,True
F85628,3,0.1368975648978434,0.7656429028450089,1.0,False
F85634,1,0.2576780079074877,0.9999999858929448,1.0,False
F85640,1,0.067917717705375,0.9874465159319123,1.0,False
F85642,1,0.0898055967096267,0.9923545474181696,1.0,False
F85650,1,0.0841714489047917,0.9999999999999964,1.0,False
F85663,1,0.2004776423004732,0.999999999999833,1.0,False
F85666,1,0.0840099306450643,0.9999998391222557,1.0,False
F85669,1,-0.041665858144956,0.9901036275284728,1.0,False
F85675,1,-0.0047056573556838,0.9999999946856412,1.0,False
F85676,1,0.1945518548726209,0.999989963213386,1.0,False
F85678,2,0.2133729510479528,0.9917583580297056,1.0,False
F85682,1,0.0411075856852467,0.9420767105071294,1.0,False
F85687,2,0.1924973024732657,0.992444396947206,1.0,False
F85688,3,0.3010937773588101,0.9901963535524904,1.0,False
F85697,3,0.1802095086267784,0.999976953161599,1.0,True
F85700,1,0.2450017622667319,0.9999986934012536,1.0,False
F85701,1,0.0995610339726568,0.7732340126929036,1.0,False
F85705,3,0.0916970537520632,0.992271253385896,1.0,True
F86001,1,0.051239415577221,0.9999121556342312,1.0,False
F86004,1,0.0418114517478798,0.9851298476038434,1.0,False
F86005,1,0.0319656039756874,0.999907176863627,1.0,False
F86006,1,0.1352989469389886,0.9999999999900276,1.0,False
F86007,1,0.0396214910700908,0.5894787116249461,0.9,False
F86008,1,0.1621796051359693,0.9860394279954162,1.0,False
F86009,1,0.1179584314805191,0.7939170362022702,1.0,False
F86010,1,0.1621818736937202,0.9999999771245992,1.0,False
F86011,1,0.1917943857954291,0.9989144371059612,1.0,False
F86012,1,0.0221666745634296,0.990236038824776,1.0,False
F86013,1,0.1326225884192834,0.945969982723264,1.0,False
F86018,3,0.1216101464343285,0.9010800926671436,1.0,True
F86020,2,0.1482843322357698,0.9824920508736904,1.0,False
F86022,1,0.1232439388731859,1.0,1.0,False
F86023,3,0.2032509519552031,0.989143139931383,1.0,False
F86025,1,0.1361438697801172,0.9826416087938828,1.0,False
F86026,1,0.0779408368276284,0.9999634608479708,1.0,False
F86028,1,0.0983685135276396,0.6577184190189602,1.0,False
F86030,1,-0.0063962876325792,0.9999553144894842,1.0,False
F86032,2,0.1067214200197628,0.8277538563831079,1.0,False
F86034,1,0.1109922980236262,0.9550984743896432,1.0,False
F86036,1,0.0574000786404182,0.9989032535994098,1.0,False
F86038,1,0.1106440743961364,0.920337683827834,1.0,False
F86040,1,-0.0317916840096587,0.9521896643046546,1.0,False
F86042,3,0.1788787402616866,0.6819880019471783,1.0,True
F86044,1,0.1458074845115402,1.0,1.0,False
F86045,1,0.1658914119999821,0.9999999999996804,1.0,False
F86057,3,0.2678096216554944,0.8337700225555167,1.0,False
F86058,1,0.0902779276141163,0.9999844454758952,1.0,False
F86060,1,0.0364714636886119,0.998731295923068,1.0,False
F86062,1,0.0545111561624277,0.999997645848797,1.0,False
F86064,1,-0.0387616665044091,0.5328327742020597,0.6666666666666666,False
F86066,3,0.1458264007494153,0.7833729962587632,1.0,False
F86074,2,0.1031983919067859,0.944182727062886,1.0,False
F86078,3,0.2443083299637244,0.999422302007473,1.0,False
F86081,1,0.079895584274364,0.9999990969134834,1.0,False
F86082,1,0.076366618641121,0.8884092148011675,1.0,False
F86083,1,0.073678478831856,0.918828617618542,1.0,False
F86085,1,0.1648480201415908,0.9999999999935802,1.0,False
F86086,1,0.0668919101114682,0.9999995644293048,1.0,False
F86087,1,0.201400829698253,0.9999806386252243,1.0,False
F86088,1,0.0692207082558117,0.9994899763635038,1.0,False
F86607,3,0.1255084195294586,0.515531578771722,0.7666666666666667,True
F86612,1,0.2126338883195302,0.999942061490793,1.0,False
F86616,2,0.1600665006612003,0.9837493390341326,1.0,False
F86621,2,0.0546768061106966,0.9738565032489864,1.0,True
F86624,1,0.1758310956540161,0.9999998603226804,1.0,False
F86625,1,0.1441616411021055,0.9998096534011316,1.0,False
F86626,1,0.0926733575162734,0.999742014638466,1.0,False
F86627,1,0.1881889194256562,0.9966547617256862,1.0,False
F86637,1,-0.0038228027855881,0.5296245303095589,1.0,True
F86638,2,0.1612093484806577,0.9599829123587604,1.0,True
F86641,1,0.0995099803595498,0.9247198457856484,1.0,False
F86644,1,0.0923920465149292,0.9988041582177662,1.0,False
F86650,1,0.0545279216024365,0.9991992367654372,1.0,False
F86652,3,0.0598486588108924,0.9999978645397888,1.0,True
F86657,2,0.0708116266342217,0.986168350498754,1.0,True
F86658,1,0.0878406692715088,0.5361385733495384,0.8333333333333334,True
F86664,2,0.1897631198712557,0.8461061790936046,1.0,False
F86666,1,0.0761383396867669,0.9999999132273988,1.0,False
F86679,2,0.0916498668515933,0.999986542804085,1.0,True
F86689,1,0.0856391063627588,0.99991874204901,1.0,False
F86691,1,0.0112705638172638,0.999991525263482,1.0,False
F86692,1,0.0139743176181064,0.9999486392875466,1.0,False
F86696,1,0.0620198348680311,0.999729936788682,1.0,False
F86698,3,0.1785584326789703,0.953617039271466,1.0,False
F86700,1,0.0678650445561384,0.9997085577609764,1.0,False
F86701,1,0.1561709583531541,0.9999995115680688,1.0,False
F86702,1,0.0586498803615316,0.9999657827224636,1.0,False
F86705,1,0.1873309931889032,0.999999999952852,1.0,False
F86707,1,0.0539978174570402,0.9999744999773637,1.0,False
F86708,1,-0.0011473713173682,0.9999134571088548,1.0,False
F86712,1,0.0986330664471845,0.9999999848462268,1.0,False
F86731,1,0.0314112237439971,0.9924017563064644,1.0,False
G81001,3,0.170110755091247,0.9607673992131438,1.0,False
G81002,1,-0.0064563766038133,0.5959403394791603,0.9333333333333332,False
G81003,1,-0.0358556231174803,0.9999983325818684,1.0,False
G81004,2,0.1323723417897953,0.9957237505056872,1.0,False
G81006,2,0.1745239972286032,0.9876146192400218,1.0,False
G81008,3,0.1009444398881169,0.6517377955628176,1.0,True
G81011,3,0.255056863323676,0.9998951653663783,1.0,False
G81012,2,0.142897925353795,0.9941902892449236,1.0,False
G81014,2,0.2767263885186377,0.9948401817402668,1.0,False
G81016,2,0.1361137881585294,0.9628285705008724,1.0,False
G81017,2,0.0906124221145887,0.7959304782966314,1.0,False
G81018,2,0.1267028748813883,0.6924391293820664,1.0,False
G81019,3,0.1319180311748121,0.9584394419235214,1.0,False
G81021,2,0.07405734692193,0.954197315037941,1.0,False
G81022,3,0.1871407603190307,0.9965425398197416,1.0,False
G81023,2,0.1913340738391374,0.8597360852392462,1.0,False
G81024,2,0.0689492703403426,0.9803814462788178,1.0,False
G81028,3,0.0061011039902767,0.9859952955466804,1.0,True
G81029,3,0.1644910953685953,0.9563284587256772,1.0,False
G81030,3,0.097375708863095,0.6275868640710691,0.9333333333333332,False
G81031,3,0.0942528063843983,0.6299619125033247,1.0,True
G81032,2,0.0369380238130598,0.9331774430219976,1.0,False
G81034,2,0.1624792933384869,0.9455450331767964,1.0,False
G81036,2,0.2097071110450723,0.8839632453477603,1.0,False
G81037,2,0.2106849290793557,0.994402560154222,1.0,False
G81038,2,0.2098703704114772,0.6735084597086923,0.9333333333333332,False
G81039,2,0.1291167705778982,0.988634385909308,1.0,False
G81040,2,0.0710791165469014,0.9834459854666772,1.0,False
G81041,3,0.1535294169684445,0.9481668296278368,1.0,False
G81042,3,0.2284111624393355,0.999733037116249,1.0,False
G81043,3,0.0256750456518497,0.8069655344725576,1.0,True
G81044,2,0.1657923149269954,0.8927291029875958,1.0,False
G81046,2,0.004329910378999,0.9038924930171764,1.0,False
G81047,2,0.229970011331162,0.6570040698555868,0.9333333333333332,False
G81048,1,-0.0252518333977123,0.9257046378153984,1.0,False
G81049,3,0.059121217864577,0.5879845369492582,0.9333333333333332,True
G81050,2,0.0225469015177198,0.5097937713511155,0.7,True
G81051,2,0.1526861794013741,0.9988379085323256,1.0,False
G81052,3,-0.0023449245556919,0.8508546606278208,1.0,True
G81054,2,0.1989724877073049,0.7026646882504536,0.9666666666666668,False
G81055,2,0.0255575368725934,0.9422038687130352,1.0,False
G81057,2,0.1365696624691387,0.9711184015700036,1.0,False
G81059,3,0.0930263669357678,0.4512632976087892,0.4,False
G81061,3,0.1547618744832216,0.9608990198793878,1.0,False
G81065,3,0.1788401551196289,0.8995722556211241,1.0,False
G81070,2,0.1605169858191164,0.9875029094874328,1.0,False
G81071,1,0.1614621955551259,0.9999999826534954,1.0,False
G81073,3,0.114326959562889,0.6553332880469207,1.0,False
G81074,3,0.1281691584606133,0.6597444001926626,1.0,False
G81075,2,0.0723574788145937,0.9780684041695558,1.0,False
G81076,2,0.1673010247957615,0.99701791018188,1.0,False
G81077,3,0.2291064775266173,0.9942988467283668,1.0,False
G81082,2,0.224274242462482,0.830348158960155,1.0,False
G81083,3,0.1545968308166296,0.9266940289697362,1.0,False
G81085,3,0.0240532171859523,0.7688636900368421,1.0,True
G81086,2,0.1989994792672129,0.7180490313150387,1.0,True
G81087,2,0.1324624630197577,0.7175966028399816,0.9666666666666668,False
G81088,2,0.2141253062381986,0.9998569484812864,1.0,True
G81089,1,0.004774135991252,0.8620328299411381,1.0,False
G81095,3,0.0657001090319185,0.9974810732290282,1.0,True
G81096,1,-0.0202869152999033,0.9999962708490676,1.0,False
G81098,2,0.2452475148949451,0.9991703702939918,1.0,False
G81099,2,0.0496642600992353,0.9484814673654958,1.0,False
G81100,2,0.0950708677871329,0.993195158267013,1.0,False
G81102,3,0.2264002273203464,0.9995002801181176,1.0,False
G81104,2,0.0266025243623266,0.5368084450521203,0.7,False
G81613,2,0.1111221266644544,0.9336800907511006,1.0,False
G81614,2,0.0270401689153276,0.9157882490653336,1.0,False
G81634,3,0.1320901966271397,0.9551149712307738,1.0,False
G81638,1,-0.0259779727051435,0.9998176981431384,1.0,False
G81641,3,0.0532199956947749,0.9999564448028924,1.0,True
G81646,1,0.0069073184924097,0.990984376041388,1.0,False
G81656,1,-0.0323183694457765,0.999930368480048,1.0,False
G81658,2,0.1213918773454618,0.8520059994352407,1.0,False
G81663,3,0.1700641071079524,0.9536980311223496,1.0,False
G81669,1,0.0491939314919311,0.9675666229881756,1.0,False
G81689,2,0.0643079810388108,0.9999999996940012,1.0,True
G81694,1,-0.0454621587892854,0.9110090742757648,1.0,False
G82002,3,0.1423404214281181,0.9585896417781122,1.0,False
G82006,1,-0.0566529844670182,0.7955844336697239,1.0,True
G82007,3,0.0564528984111336,0.561383812564556,1.0,True
G82013,1,-0.0526675297253903,0.7567963780313556,1.0,False
G82014,1,-0.0027806083402975,0.6336366037934958,0.9666666666666668,False
G82015,3,0.2093560321284919,0.9671798706478476,1.0,False
G82016,2,0.0044401697164812,0.8974924907423064,1.0,False
G82018,3,0.1927665513066316,0.9860372344104588,1.0,False
G82019,3,0.2459162054971091,0.9928583414014648,1.0,False
G82020,3,0.1837342557915238,0.9618286532890032,1.0,False
G82021,3,0.1366361801469743,0.9746765678137852,1.0,True
G82022,3,0.076285071967227,0.6692244464571357,0.9666666666666668,False
G82023,1,0.1048836651303839,0.6620535960675346,0.9666666666666668,False
G82024,2,0.1697958764908864,0.9679377067111992,1.0,False
G82025,2,0.1806486618308142,0.983903425397621,1.0,False
G82026,2,0.0621698811295433,0.9793373263313856,1.0,False
G82027,2,0.2317548277015695,0.997989880438632,1.0,False
G82028,1,0.1395879435938552,0.9953225283793854,1.0,False
G82031,1,0.0478449207163354,0.6272165585843693,1.0,True
G82032,1,0.0773138082021474,0.9109404690211802,1.0,False
G82035,1,-0.023217717469281,0.7213370933616576,1.0,True
G82036,2,0.1423384766126722,0.995297557339667,1.0,False
G82037,2,0.0932977285799075,0.9886426141039738,1.0,False
G82038,2,0.1818071863818947,0.9924565903019742,1.0,False
G82039,3,0.0358843863789775,0.8112807720295299,1.0,True
G82041,2,0.1375465903329678,0.9799018183463304,1.0,False
G82042,2,0.1740776111033559,0.9984144329203866,1.0,False
G82044,1,-0.0433802623859097,0.8138207031869358,1.0,True
G82046,3,0.3184166004720379,0.999598430226459,1.0,False
G82048,1,-0.0657740783869837,0.5223377592791071,0.9,True
G82050,3,0.2565667771225984,0.9867678611194346,1.0,False
G82051,1,-0.0053539685737371,0.5892089202068049,1.0,False
G82052,3,0.2675709235670381,0.9979258429295272,1.0,False
G82053,2,0.1421129294334527,0.8924270468414195,1.0,False
G82055,2,0.2483101293155379,0.9984768200272214,1.0,False
G82056,3,0.2764521801755224,0.9991827899376768,1.0,False
G82057,2,0.1310412431633615,0.96801942507684,1.0,False
G82058,2,0.2167344336844579,0.997905729824246,1.0,False
G82059,2,0.0514030701501742,0.9775069854417664,1.0,False
G82060,1,-0.0548512276967161,0.9309281816456008,1.0,True
G82062,1,0.0351007218731961,0.9999885273847268,1.0,False
G82063,3,0.2251369487354958,0.9958896878120598,1.0,False
G82066,3,0.2869556657645496,0.9996557805788372,1.0,False
G82067,3,0.1484933413478164,0.542374874184666,0.7666666666666667,False
G82069,3,0.1721789090710522,0.8825413233131717,1.0,True
G82071,2,0.0786771543167812,0.8835145747927652,1.0,False
G82073,3,0.0520416714280836,0.6349328513694145,0.9666666666666668,True
G82074,2,0.1007502986720971,0.9568075837930772,1.0,False
G82076,2,0.3010707468296718,0.9975194199229116,1.0,False
G82077,1,0.1027353018844134,0.9694054485444928,1.0,False
G82079,2,0.2070317012125611,0.998584062610646,1.0,False
G82080,1,-0.0499718907854772,0.7323929822123502,1.0,True
G82082,2,0.1387670324284788,0.9920713814541464,1.0,False
G82083,2,0.1261685652918569,0.96000820777981,1.0,False
G82085,2,0.1878166265379002,0.9967798760900232,1.0,False
G82086,1,-0.0419753997736333,0.5424572361421596,0.8,True
G82087,1,0.0557804512424435,0.6716339315075139,1.0,False
G82089,2,0.1837324024650525,0.8923729425746104,1.0,True
G82090,2,0.0099378293573732,0.930914877497468,1.0,False
G82091,3,0.2002401238613382,0.9973827206342242,1.0,False
G82092,3,0.0320350998591388,0.8020335682254278,1.0,True
G82093,3,0.0344620152930605,0.7225903440181748,1.0,True
G82094,3,0.2175205666240424,0.9959586155159832,1.0,False
G82095,1,0.1465211585618313,0.9767129506297094,1.0,False
G82097,2,0.0655350510216264,0.9080383374416968,1.0,False
G82098,3,0.1926389760727131,0.9886112223446908,1.0,False
G82099,2,0.1256216779479463,0.958189318348477,1.0,False
G82100,3,0.1934589767804865,0.9850072060853784,1.0,False
G82105,2,0.1966140972161115,0.9977286826225464,1.0,False
G82106,2,0.16319538595802,0.9785839573113904,1.0,False
G82107,3,0.3010623563281541,0.999980206843673,1.0,False
G82108,2,0.0908360306235175,0.9832201199670748,1.0,False
G82110,2,0.1447665849669332,0.5693261663805904,0.9333333333333332,False
G82111,2,0.0226329799969799,0.927614807888952,1.0,False
G82113,1,0.0634491003884608,0.6882963844377208,1.0,False
G82114,3,0.21013140004917,0.9993367161719208,1.0,False
G82115,3,0.1846946956248459,0.9617781822466688,1.0,False
G82117,3,0.1126226455216266,0.859417735597525,1.0,False
G82118,3,0.0633959075184713,0.5387045976294814,0.8333333333333334,True
G82119,3,0.0759628413474255,0.5695506631946925,0.8333333333333334,False
G82120,3,0.0109042763963573,0.7309067960151915,1.0,True
G82121,3,0.2552857401341193,0.9927890812557544,1.0,False
G82122,1,0.1394369261113678,0.9998030568688138,1.0,False
G82125,3,0.2380006273116269,0.9993431894998605,1.0,False
G82126,3,0.1365306415122964,0.9251172590631224,1.0,False
G82129,1,-0.0321720421334483,0.9940233324850108,1.0,False
G82135,3,0.2477753380436976,0.9992633660835896,1.0,False
G82137,3,0.2923612823294138,0.9997992801990314,1.0,False
G82138,3,0.055610591400129,0.676601363522939,1.0,True
G82139,2,0.0840061389127076,0.8091170395722858,1.0,True
G82140,1,0.1677374031204593,0.988293622476644,1.0,False
G82141,2,0.2952865614942811,0.9991905144453516,1.0,False
G82142,3,0.0092405363923773,0.8658847403566186,1.0,True
G82143,1,0.0304906445687153,0.8388613691309472,1.0,False
G82147,3,0.0802570568446673,0.6475145048924354,1.0,False
G82150,1,0.1908566055998152,0.992536676205082,1.0,False
G82152,3,0.1561511543518909,0.9130783363316008,1.0,False
G82154,2,0.1263429143827445,0.8230898496400366,1.0,True
G82155,3,0.2886831950578453,0.9997286091217382,1.0,False
G82158,2,0.2018408116173405,0.9988101365299452,1.0,False
G82160,2,-0.0063987007591673,0.8538905327801469,1.0,False
G82161,1,-0.0429786344540912,0.7127693553429396,1.0,False
G82162,3,0.1869838853520569,0.9856943335099048,1.0,False
G82164,2,0.0098818371205498,0.9259729446918616,1.0,False
G82165,2,0.0208812908427996,0.9493292487541364,1.0,False
G82170,2,0.1434902757072073,0.9968993345561332,1.0,False
G82180,2,0.0651112969281994,0.6172694103345441,1.0,True
G82184,1,-0.0023621308330598,0.9999999999999788,1.0,False
G82185,2,0.0843640773956102,0.9215803124062713,1.0,False
G82186,2,0.1789743583845608,0.9681146194477228,1.0,False
G82200,2,0.0955883265046773,0.989764318654364,1.0,False
G82203,2,0.1018677891518097,0.6790090332010698,1.0,False
G82205,1,0.0009769163247259,0.7264641065786103,1.0,True
G82211,3,0.2754783928142668,0.999967666120488,1.0,False
G82212,1,0.0438940415028098,0.9008117855304922,1.0,False
G82215,2,0.0579714458172474,0.9661412355669518,1.0,False
G82217,1,0.06937715450357,0.991950112028764,1.0,False
G82218,3,0.1771753762190291,0.7825467901211715,1.0,False
G82219,2,0.0665446349478996,0.9571586790312469,1.0,False
G82224,2,0.2228937125403457,0.9994640711066918,1.0,False
G82226,2,0.1307380735068035,0.9595058899277288,1.0,False
G82227,3,0.2723194426951694,0.9998827634807084,1.0,False
G82228,1,-0.0641998145503663,0.8335584189008316,1.0,True
G82229,2,0.0324885983842217,0.9565463293835196,1.0,False
G82231,1,-0.0245139786265402,0.7832927251539982,1.0,True
G82232,1,0.0309503469813551,0.6878472264512824,1.0,True
G82233,1,0.0828928594576564,0.9532938385140716,1.0,False
G82234,2,0.1435314238172565,0.9604906991075932,1.0,False
G82235,2,0.1200771959100478,0.9869792335936912,1.0,False
G82600,3,0.0982773095529281,0.9400409900132408,1.0,True
G82604,1,-0.0043215720408793,0.5088310447852511,0.8666666666666667,True
G82631,1,0.1811455259321324,0.9999985092023096,1.0,False
G82634,2,0.162665616598239,0.9881380857777684,1.0,False
G82635,1,-0.0300629277186041,0.8463728618452376,1.0,False
G82641,2,0.0830112352844984,0.9906294527254093,1.0,True
G82647,3,0.1249561422476431,0.8894636149396012,1.0,True
G82648,1,0.149105148114629,0.9500249645232892,1.0,False
G82650,3,0.1296739567301135,0.9999912871569768,1.0,True
G82652,2,0.2218437276869654,0.9979613315596104,1.0,False
G82658,2,0.010636185611518,0.9400878234294328,1.0,False
G82665,3,0.0643170516409225,0.6378069994808979,1.0,True
G82666,3,0.1001084789629237,0.7684302660427295,1.0,False
G82679,1,0.1216487815488197,0.9974980058381075,1.0,False
G82682,1,-0.0450303145070084,0.954490356415072,1.0,True
G82684,2,0.0135030342498718,0.926318705502298,1.0,False
G82687,1,0.018780665347048,0.6998881834271761,1.0,True
G82691,2,0.0761835185022524,0.9527088899394128,1.0,False
G82693,3,0.1181096457431237,0.7011050013791119,1.0,False
G82696,2,0.1074546047746817,0.6511679585926908,0.9666666666666668,True
G82697,1,-0.043693303583898,0.7679790413492562,1.0,True
G82698,1,0.1189892933271013,0.7949419704092598,1.0,False
G82700,3,0.3101751260887577,0.99997501310147,1.0,False
G82702,1,0.0282300146533376,0.9677391271966322,1.0,False
G82708,1,0.0369570496007298,0.5436259747188262,0.5666666666666667,False
G82711,3,0.015464354076981,0.9720590992474484,1.0,True
G82719,3,0.2886273686329474,0.9880145291796736,1.0,False
G82721,1,0.0352118088178545,0.9999886646776284,1.0,False
G82729,2,0.1470372492932669,0.9964493418283716,1.0,False
G82730,2,0.0082385932551242,0.9130789493858372,1.0,False
G82733,2,0.1795029144710252,0.9976591504455724,1.0,False
G82737,3,0.2525984933418207,0.9765658614291788,1.0,False
G82741,1,-0.0518839912295841,0.8595820181825288,1.0,False
G82744,1,0.008157877268939,0.5426618538622333,0.5666666666666667,False
G82753,1,0.1956667129289041,0.9998736037732402,1.0,False
G82754,2,0.2791649026741586,0.998158449171706,1.0,False
G82763,2,0.0427335326419064,0.6623584615320292,1.0,False
G82768,2,0.1479472472806887,0.991478442921926,1.0,False
G82780,1,-0.0039801013595513,0.9023170071309377,1.0,False
G82790,3,0.1775828237023199,0.8492852022687347,1.0,False
G82796,2,0.1816489068380689,0.9961224527590896,1.0,False
G82799,3,0.2506591782360018,0.9694569035434948,1.0,False
G82802,2,0.2578192467281134,0.9943681614274164,1.0,False
G82808,2,0.1907499781961782,0.9932316379208286,1.0,False
G82888,2,0.1543773921989622,0.8290953563387458,1.0,False
G83001,1,-0.0504909452096416,0.3992430736735998,0.6,True
G83002,2,0.1153224260450848,0.5831726182702502,0.9,True
G83004,1,-0.0200255756489132,0.8998439646884004,1.0,True
G83006,1,0.0525811344702844,0.5910954688349557,0.9333333333333332,False
G83009,1,0.0273657519308986,0.6358494719209675,1.0,True
G83010,1,-0.0320325873218171,0.8534777524930721,1.0,True
G83012,1,0.0797777307879745,0.9604459019032594,1.0,False
G83013,1,0.0194536033189904,0.993839349086578,1.0,False
G83015,2,0.10129152936812,0.860192094049923,1.0,True
G83016,1,0.1984818567393562,0.9999999999937684,1.0,False
G83018,3,0.2011883879642935,0.9458288729748424,1.0,False
G83019,1,0.1944249241566098,0.9999999999999892,1.0,False
G83021,1,-0.0276243090322037,0.8025214721435057,1.0,False
G83025,1,-0.0459774729718077,0.9496743620154092,1.0,False
G83026,1,0.2128036320868374,0.9999875401322756,1.0,False
G83027,1,-0.0220742685915239,0.8437496412923439,1.0,False
G83028,1,0.1151141315593815,0.999749554771399,1.0,False
G83029,1,0.0240773254865451,0.993735345100408,1.0,False
G83030,1,0.1867558763759652,0.9941977247921148,1.0,False
G83031,3,0.0889612514983942,0.9991198580126872,1.0,True
G83033,2,0.0756092480652449,0.9600634448539356,1.0,True
G83039,1,0.0346000683189071,0.9998622992515548,1.0,False
G83044,3,0.2417265406993493,0.977051113779244,1.0,False
G83046,3,0.1621550758725282,0.9007300414643334,1.0,False
G83049,3,0.2543461967284424,0.99959305168719,1.0,False
G83052,1,-0.0068539481166412,0.9999959523291146,1.0,False
G83053,1,-0.0802929379989914,0.758134533451887,1.0,True
G83057,3,0.2812113376783439,0.9994349430398108,1.0,False
G83058,1,0.1774995305023645,0.9891871828515018,1.0,False
G83060,1,0.2549116711630911,0.99999999471045,1.0,False
G83062,1,-0.0431126865221578,0.802089517227323,1.0,True
G83065,3,0.0856130176849715,0.8305162551260905,1.0,True
G83066,1,0.0403677212819138,0.9927414641400178,1.0,False
G83067,1,0.2205469007475141,0.9949525369341808,1.0,False
G83628,3,0.2333990509294644,0.8073599682482687,1.0,False
G83630,1,0.1888041904121492,0.9942537124398608,1.0,False
G83631,1,0.187648592523748,0.9999999961491816,1.0,False
G83633,1,0.1308566866131357,0.9999853150809732,1.0,False
G83635,1,0.1185336578094798,0.9995987372396384,1.0,False
G83641,1,0.1225438910900188,0.9999923068840724,1.0,False
G83642,3,0.2568000914196932,0.9811703625477596,1.0,False
G83647,1,0.2284795763579171,0.9993928205038244,1.0,False
G83654,1,0.2182844606347621,0.9999428800206832,1.0,False
G83673,1,0.0811943518965073,0.8455574975037619,1.0,False
G83680,1,0.0602476856562901,0.7461389825238542,1.0,False
G84001,1,-0.0537339887566087,0.5407776753411625,0.7333333333333333,True
G84002,2,0.020732418769516,0.92498160174744,1.0,False
G84003,1,-0.0403266893717864,0.4773697186901026,0.8333333333333334,False
G84004,3,0.0106066558257125,0.5207816750027716,0.8333333333333334,True
G84005,3,0.2239450105878586,0.7376547154990536,1.0,True
G84006,1,-0.0250649397803661,0.6214512041664948,1.0,True
G84007,3,0.2956219487646755,0.9992298033608364,1.0,False
G84008,2,0.1274768770120713,0.9337791676333228,1.0,False
G84009,1,-0.0826919987706105,0.710206720371189,1.0,True
G84010,2,0.0857005454478891,0.9777304684758136,1.0,False
G84011,1,0.0552130621621971,0.5987635916606555,0.9,False
G84013,1,-0.0373600085860146,0.7363012716384231,1.0,True
G84015,3,0.2438458597021461,0.998328344970788,1.0,False
G84016,1,-0.0109465787179488,0.825483884135777,1.0,True
G84017,3,0.2663430790102104,0.996381091932817,1.0,False
G84018,1,-0.0603084372622416,0.7983392512299748,1.0,True
G84019,3,0.064711233523412,0.4646941896516547,1.0,True
G84020,2,0.0808723288852308,0.9282305678343924,1.0,False
G84023,1,0.1159545294697383,0.9997133757746984,1.0,False
G84024,1,0.1542120449037767,0.9625820216783064,1.0,False
G84025,1,-0.0104381233874396,0.8131711014960049,1.0,False
G84027,3,0.1586647782845725,0.994120740439446,1.0,False
G84028,1,-0.0133515778924417,0.7173755859819037,1.0,False
G84029,1,0.2143608976206066,0.9999794602276476,1.0,False
G84030,3,0.2126568344489849,0.9924396839017532,1.0,False
G84032,3,0.1269877679218905,0.9162805191651932,1.0,False
G84033,1,-0.0731967671508992,0.7673554360599554,1.0,True
G84035,1,0.064695623508592,0.8453029099012488,1.0,False
G84039,1,0.0576453002936778,0.9396056994978836,1.0,False
G84040,3,0.2416584588219595,0.9687574798354046,1.0,False
G84041,1,0.1533411088496967,0.9999883233193676,1.0,False
G84604,1,0.0719220631092699,0.901571888098818,1.0,False
G84607,1,-0.0850717518276357,0.5397468216276712,0.7333333333333333,True
G84609,3,0.1893598362949385,0.7803917470073167,1.0,True
G84621,3,0.1028428257703982,0.6169984504992546,1.0,False
G84624,1,0.132427573068814,0.9893546643301658,1.0,False
G84625,1,0.0986353813845783,0.9977187667052494,1.0,False
G84627,1,-0.0387177658917871,0.6786362059562666,1.0,True
G84629,1,0.0735232744629277,0.8296945520601968,1.0,False
G84630,1,0.0413455673436696,0.9858707902394006,1.0,False
G85001,3,0.0490600063142814,0.5803650884828554,1.0,True
G85002,3,0.0504971217601452,0.9999999364889034,1.0,True
G85004,1,0.1292350162942435,0.9924297378979706,1.0,False
G85006,1,-0.0169767175171144,0.9999992603637936,1.0,False
G85011,3,0.1701693229389078,0.96632789879522,1.0,False
G85013,1,0.0510903837278443,0.9996060899510514,1.0,False
G85014,3,0.1692002335563249,0.9720076849408156,1.0,False
G85015,1,0.0226928106929983,0.8635205333008952,1.0,False
G85016,1,0.1713830599614642,0.9995583140889754,1.0,False
G85019,1,0.1782648709209273,0.9996945895012256,1.0,False
G85021,1,0.1580150693714857,0.999806211146939,1.0,False
G85022,1,-0.0495915895098501,0.915136198651606,1.0,False
G85023,2,0.1259700739349109,0.5189269649660119,0.5666666666666667,True
G85024,1,0.0767236095133032,0.9994767660007716,1.0,False
G85025,1,0.1728303367943517,0.9999997266568474,1.0,False
G85026,1,0.0799591748181668,0.9999999112402488,1.0,False
G85028,1,0.0626463460893088,0.9982640560699684,1.0,False
G85029,1,0.1768733396798302,0.9999999999072636,1.0,False
G85030,1,0.1622211353772516,0.9999999999999928,1.0,False
G85031,3,0.2563536239768471,0.9737379893967236,1.0,False
G85032,1,0.1237132013998243,1.0,1.0,False
G85034,1,0.1180666485281294,0.9994383935449777,1.0,False
G85038,1,0.057614009694721,0.98320701420446,1.0,False
G85039,1,-0.018615476360467,0.9998903711041166,1.0,False
G85040,1,0.0578676298307733,0.9999999209466596,1.0,False
G85041,1,0.0109651712121257,0.7029077659348697,0.9666666666666668,True
G85042,1,0.0357197568146063,0.6516642425647196,1.0,True
G85044,1,0.0238436259784078,0.9999993941730192,1.0,False
G85045,1,-0.0276876678470867,0.4347963973914288,0.5333333333333333,False
G85046,2,0.2437693791155012,0.9783018101187436,1.0,False
G85051,1,-0.0279848819551899,0.9593106532786324,1.0,False
G85052,1,0.0377142400867131,0.9935415460528616,1.0,False
G85053,1,0.0508189820841396,0.9934274256692316,1.0,False
G85054,1,0.2415973073113941,0.9999999477591728,1.0,False
G85057,1,0.206687891856718,0.9995644344441248,1.0,False
G85061,1,0.0782826588695857,0.8320456511807062,1.0,False
G85073,1,0.18997071132584,0.9999992017306903,1.0,False
G85076,1,0.1982744531437294,0.9985775036326072,1.0,False
G85083,1,0.0188762530524258,0.99896844788879,1.0,False
G85085,1,0.1489802651687919,0.9999993567417044,1.0,False
G85086,1,0.1158559559390594,0.9999820995360322,1.0,False
G85087,1,0.1532476288105111,0.9999999898587256,1.0,False
G85091,1,0.1352746512939382,0.9974352420465952,1.0,False
G85096,1,0.0906739445201455,0.9999039736259672,1.0,False
G85100,3,0.1164771358149521,0.8393992459695309,1.0,False
G85102,1,0.2085741406468087,0.999999994054992,1.0,False
G85104,1,0.1396541143564331,0.9999997340944018,1.0,False
G85105,1,0.0132062468256331,0.7996010881271002,1.0,False
G85109,2,0.1495312500574689,0.9880058144338614,1.0,False
G85114,1,0.0827320219204244,0.9999999656598608,1.0,False
G85119,1,0.0073558517808449,0.5261337750854279,1.0,False
G85120,3,0.0702335456535557,0.9697876884495223,1.0,True
G85121,1,0.1451410248282144,0.9933339496611292,1.0,False
G85123,1,0.0927498204298964,0.5054228735500607,0.7,True
G85125,1,0.0755283404748629,0.8500031133407828,1.0,False
G85127,1,-0.012510287524914,0.9999996607683465,1.0,False
G85129,1,0.1983421404479033,0.9997902713891788,1.0,False
G85130,3,0.1014226177038339,0.8502016223567109,1.0,True
G85132,1,0.0686800208457078,0.999999984193366,1.0,False
G85134,1,0.0945757343069605,0.999971921834146,1.0,False
G85135,3,0.1258757766680895,0.7949261146675085,1.0,False
G85136,3,0.154850185464869,0.993567079907066,1.0,True
G85137,2,0.1235249092835046,0.9399949406715,1.0,True
G85138,2,0.0883072855514263,0.7370102418850416,1.0,False
G85623,1,0.1710375644935523,0.9994073907981093,1.0,False
G85632,1,0.1596692556890961,0.9999999995958966,1.0,False
G85633,1,0.1050361043227308,0.9999998542057148,1.0,False
G85642,3,0.0677107392771785,0.6062262261435809,1.0,True
G85644,3,0.0926876828334209,0.9830221303133004,1.0,True
G85647,1,-0.0704915540273727,0.5970409998693564,0.9666666666666668,True
G85651,1,-0.0196711727763536,0.9745208209328802,1.0,False
G85662,1,0.09347437270928,0.9999966865859596,1.0,False
G85673,1,0.2684215281232568,0.9999998843811038,1.0,False
G85674,1,-0.0560382582590494,0.8977254963758775,1.0,True
G85681,1,0.1390328857600052,0.9999958114728325,1.0,False
G85685,1,0.0011820506498724,0.9678877469223351,1.0,False
G85690,1,0.2205026889479373,0.9999175800597508,1.0,False
G85695,1,0.2267501953570438,0.999999999999538,1.0,False
G85696,1,0.0257025589767355,0.999998352078184,1.0,False
G85698,1,0.0514016514314626,0.9989966595526414,1.0,False
G85705,2,0.0301894617987668,0.9999638499229744,1.0,True
G85706,1,0.0318637961689502,0.9963531473408114,1.0,False
G85708,3,0.1348033050939868,0.6841213870802869,1.0,False
G85715,1,0.0454624680832156,0.9999999179870008,1.0,False
G85716,1,-0.0014588380235472,0.9403138578026236,1.0,False
G85721,1,0.0470323471467343,0.9117730736823176,1.0,False
G85722,1,0.1250427416478986,0.9999458384546306,1.0,False
G85724,3,0.1249258636489767,0.9999670620732192,1.0,True
G85726,2,0.0672035085598508,0.9838216268151492,1.0,True
G85727,2,0.1483147373893139,0.5207025784015529,0.6333333333333333,True
G85736,1,0.1974749106875012,0.9999589008879732,1.0,False
H81002,1,-0.0061608185594392,0.6818600609240068,1.0,False
H81003,3,0.0649138246512124,0.6708416983810347,1.0,False
H81004,3,0.0885494837775604,0.7433116821947319,1.0,False
H81005,2,0.1050957887585964,0.9400943841440612,1.0,False
H81006,2,0.2033140279737046,0.7105123983630665,0.9666666666666668,False
H81009,3,0.2996373187350347,0.9992592439750916,1.0,False
H81010,3,0.0918018144163908,0.7554152324807034,1.0,False
H81011,1,0.0236818737169192,0.9989736200821516,1.0,False
H81013,1,-0.0038885248072049,0.8581956173436899,1.0,True
H81015,3,0.1195697878435459,0.9327653973816596,1.0,False
H81016,2,0.0759441765468308,0.9959579226435958,1.0,True
H81017,2,0.189327300449654,0.5383334158033006,0.7333333333333333,True
H81019,3,0.2040049834456862,0.984283098422123,1.0,False
H81020,2,0.1251215523276809,0.9926131437834164,1.0,False
H81021,2,0.1619247741920007,0.929892355999552,1.0,False
H81022,2,0.1363772898426333,0.9219021643933938,1.0,True
H81023,2,0.0942822577349941,0.5400036170278124,0.7,True
H81024,3,0.245892134066775,0.9990563619934832,1.0,False
H81025,2,0.1718917418870596,0.9213998114516608,1.0,False
H81026,1,-0.0733359159659804,0.4813452167522935,0.8333333333333334,True
H81027,3,0.084305488356357,0.4780771488887732,0.6333333333333333,False
H81028,2,0.0360718244414079,0.9060429196041933,1.0,False
H81029,1,0.0705085828299103,0.99999999999946,1.0,False
H81030,3,0.077315069172978,0.7969092503314743,1.0,True
H81031,3,0.2695096797151607,0.9998752444655548,1.0,False
H81032,3,0.1713056128529207,0.9833129588463778,1.0,False
H81033,3,0.2035396590792155,0.5926578670924816,0.9,True
H81034,3,0.1374359475285791,0.9208264988503186,1.0,True
H81035,1,0.0672494259885612,0.9938003625939262,1.0,False
H81036,3,0.1921698929131211,0.8791499526033707,1.0,False
H81038,1,-0.024402901179823,0.7820719231704533,1.0,False
H81039,2,0.1311836532457513,0.9700755986391514,1.0,False
H81040,2,0.142932878498985,0.9868519623100056,1.0,False
H81041,3,0.1066425500539084,0.9200197865282894,1.0,False
H81042,3,0.3101262004699519,0.995636329925309,1.0,False
H81043,2,0.0652225652325298,0.964334165877463,1.0,False
H81044,1,0.0610460479028078,0.8559418746385574,1.0,False
H81045,3,0.2183052928915995,0.997325986974782,1.0,False
H81046,1,0.1155069393791705,0.996771835016112,1.0,False
H81047,2,0.2185149369882032,0.9989617113453916,1.0,False
H81048,3,0.1752873293310517,0.9972706526762568,1.0,False
H81050,3,0.297940335035146,0.9999625804439554,1.0,False
H81051,3,0.2699105607160832,0.9986257280067944,1.0,False
H81052,3,0.3025418863341759,0.9998388112834252,1.0,False
H81053,2,0.0790527554776969,0.9946546757574044,1.0,True
H81055,2,0.1742672038172878,0.9238573284195736,1.0,True
H81056,1,-0.0693466293004433,0.9200647761215462,1.0,True
H81057,3,0.1404355686516911,0.7974424585690449,1.0,True
H81058,2,0.1934075408381364,0.7697488377540048,1.0,True
H81061,3,0.2031950558503536,0.992585055807259,1.0,False
H81062,2,0.0534747862527491,0.5693981740797002,0.9333333333333332,False
H81064,3,0.2799489401830148,0.9999176420411698,1.0,False
H81065,3,0.041282769880199,0.5278956912843663,0.6,False
H81066,3,0.2442265783582655,0.999344230403932,1.0,False
H81067,2,0.1435391145372408,0.999749090196746,1.0,True
H81068,2,0.1924308479393564,0.9980750242703054,1.0,False
H81069,3,0.0992878680865805,0.500646657802811,0.8,True
H81070,3,0.1856452249741974,0.9754123730087032,1.0,False
H81071,3,0.1228950837416101,0.8508979398505486,1.0,False
H81072,2,0.0755252619842932,0.7601767168554787,1.0,False
H81073,3,0.0444830060651234,0.539681317236691,0.7333333333333333,False
H81074,2,0.0679311275881933,0.948044038664955,1.0,False
H81075,3,0.1536504691881404,0.942289066176833,1.0,False
H81076,2,0.2191192095071128,0.9974286150113169,1.0,False
H81077,2,0.0274563454016687,0.9304417317141808,1.0,False
H81078,3,0.0146377042444621,0.4524168435295336,0.5666666666666667,True
H81080,2,0.0129786303051764,0.6495006214353235,1.0,False
H81081,1,-0.0552737549066537,0.5218176361390426,1.0,True
H81082,3,0.1891116992564607,0.9910580622231676,1.0,False
H81084,2,0.1272918903443199,0.7926860091932164,1.0,True
H81085,2,0.1012098312001478,0.9466018793027138,1.0,False
H81086,1,0.0692946598023841,0.9143139437189444,1.0,False
H81087,2,0.1248916847455609,0.9806485029361924,1.0,True
H81088,3,0.1819304104059709,0.9906748188931712,1.0,False
H81089,3,0.1769053077506295,0.8564452809428886,1.0,False
H81090,3,0.2553286950199825,0.9759085415838044,1.0,False
H81091,2,0.055028838291147,0.870969716736578,1.0,True
H81094,3,0.2227450611243365,0.9910029459816576,1.0,False
H81095,1,-0.0179718619716159,0.5452767583791205,1.0,False
H81099,3,0.0211024445361891,0.5262891564546652,1.0,True
H81103,2,0.2395179221329065,0.9966729528553552,1.0,False
H81104,2,0.1038903230152687,0.5167824254818884,0.6,True
H81107,2,0.1754080099542308,0.9573635284832082,1.0,True
H81109,3,0.2247665939191419,0.998668886889506,1.0,False
H81110,1,0.115444053109523,0.9997523089746768,1.0,False
H81111,2,0.0883007471632791,0.9943687588510262,1.0,True
H81113,2,0.1482216778251824,0.655335251152191,0.9333333333333332,False
H81116,2,0.120868557141313,0.5339867510336662,0.6333333333333333,False
H81119,1,0.0110344616230293,0.7502842635692232,1.0,True
H81122,1,0.1711856073516544,0.9936067836588968,1.0,False
H81123,1,-0.0622677646989848,0.8818903152415477,1.0,True
H81126,3,0.2496145295860552,0.9745022326787472,1.0,False
H81128,3,0.3062629625158807,0.9998414874510572,1.0,False
H81129,2,0.1271829428944541,0.9866740802441096,1.0,False
H81130,2,0.1084523942238161,0.5496692804282067,0.8333333333333334,False
H81131,2,0.1347981630548659,0.9987580778130676,1.0,True
H81133,1,-0.0526168551642866,0.5611585048273939,0.7666666666666667,False
H81134,1,0.1075656188053271,0.996748331087296,1.0,False
H81615,1,0.0140593729911811,0.9985043958426688,1.0,False
H81618,2,0.1240140019979379,0.9415543665235864,1.0,False
H81632,2,0.0965358578928801,0.9771052635246884,1.0,False
H81638,3,0.1861328530748369,0.9271673849622276,1.0,False
H81641,1,-0.0353328524650095,0.9110418528384588,1.0,False
H81642,1,0.0101269468847995,0.9951719076910804,1.0,False
H81643,1,0.0481756879031713,0.9991507011546052,1.0,False
H81644,1,0.0731410783347394,0.5588741352701702,0.9,True
H81656,3,0.1105358904814583,0.6233465110056172,1.0,False
H81658,2,0.1338547682698343,0.999215651342512,1.0,True
H81663,3,0.1210971742506692,0.9978314263431032,1.0,True
H81672,3,0.2088571572746325,0.9723152396266552,1.0,False
H82003,3,0.2881607114270157,0.9994483142352686,1.0,False
H82004,2,0.0499120603779531,0.9322903409628296,1.0,False
H82005,3,0.2795838919384226,0.9999461969083476,1.0,False
H82006,2,0.0500041128293048,0.8255349258119369,1.0,False
H82007,3,0.1804233190846652,0.9839626968076552,1.0,False
H82009,3,0.0678193730239107,0.6764923141788076,1.0,True
H82011,3,0.2177485246384218,0.997036818784524,1.0,False
H82012,3,0.2606553176846788,0.9997416564762416,1.0,False
H82013,3,0.0174061035910682,0.799996152498892,1.0,True
H82014,3,0.2480003826346945,0.995912635345836,1.0,False
H82016,3,0.0498073827848549,0.5737169990359361,0.9,False
H82017,3,0.176440064804295,0.9883357197479274,1.0,True
H82020,3,0.1287132645766478,0.8881788741342121,1.0,False
H82021,2,0.0642891476055802,0.9750012682207768,1.0,False
H82022,3,0.2353554362776458,0.99815861595067,1.0,False
H82023,3,0.0155596764470786,0.803200596154069,1.0,True
H82025,3,0.0886535655488909,0.6472672298035808,0.9666666666666668,False
H82026,3,0.2359384630093465,0.9982170172096992,1.0,False
H82027,2,0.1123324987465135,0.9341990279404604,1.0,False
H82028,2,0.0668741706319347,0.9638426288096994,1.0,False
H82030,3,0.0819133290614156,0.8326833297124631,1.0,False
H82031,3,0.2343775502587161,0.9985688156704258,1.0,False
H82032,3,0.1883376450567463,0.930392088031034,1.0,False
H82033,1,-0.078498605309714,0.8977497044332057,1.0,True
H82034,3,0.2214624997807807,0.9988965184885784,1.0,False
H82035,3,0.2104732442034984,0.9997378637480958,1.0,False
H82036,3,0.2691290276314769,0.9998916118995964,1.0,False
H82037,2,0.110348778644447,0.9903829200503128,1.0,False
H82038,2,0.1039215712125488,0.9931301492553186,1.0,False
H82039,3,0.2503141739680396,0.9991395552985892,1.0,False
H82040,3,0.1082458678602204,0.75251662194592,1.0,False
H82041,3,0.1665956408500227,0.9501954261548607,1.0,False
H82042,2,0.2610250059280889,0.9964813588117524,1.0,False
H82043,2,-0.0026841748176367,0.911511751254924,1.0,False
H82044,3,0.0929664658083984,0.779014924004201,1.0,False
H82045,3,0.1289460130514713,0.9866011410646202,1.0,True
H82046,3,0.2298169116838574,0.9995502925354968,1.0,False
H82047,3,0.3058611463767846,0.9997033489537082,1.0,False
H82048,2,0.0175541999381248,0.849512019818261,1.0,False
H82049,2,0.114879486872581,0.7529809641341819,1.0,False
H82050,3,0.2277854713496754,0.9888850954615748,1.0,False
H82051,2,0.2167889978522397,0.975996929664111,1.0,False
H82052,2,0.2365016141895456,0.8627428472076527,1.0,False
H82053,2,0.1473057245751156,0.9962470370590492,1.0,False
H82055,2,0.1519714117455264,0.997725754571824,1.0,False
H82056,2,0.0570943787554696,0.928007556901591,1.0,False
H82057,3,0.2732906460513205,0.9999730793840504,1.0,False
H82058,3,0.1994807591812678,0.9975701139785076,1.0,False
H82059,3,0.2083959451547703,0.9994513813409944,1.0,False
H82060,1,-0.040390777266825,0.9145264774436728,1.0,True
H82061,3,0.0114235005475189,0.8636312951583573,1.0,True
H82063,2,0.1023956007631087,0.9920756575560896,1.0,False
H82064,3,0.2394027313576718,0.9944550524979414,1.0,False
H82065,2,0.216062700974592,0.9955222469584352,1.0,False
H82066,3,0.2517168690380346,0.9997001637852369,1.0,False
H82067,3,0.3062605994296433,0.9999397972266956,1.0,False
H82070,2,0.2745517280533476,0.9993491936778026,1.0,False
H82072,3,0.3048611242789684,0.99997902287455,1.0,False
H82076,3,0.0786226988638634,0.99992054911573,1.0,True
H82077,2,0.0120951782877358,0.8661094216893622,1.0,False
H82078,2,0.0104160366292494,0.821487533464793,1.0,False
H82084,3,0.2854537728291308,0.9981027546797956,1.0,False
H82087,2,0.1301071955894222,0.953863229080384,1.0,False
H82088,3,0.0441961319995771,0.9723905287915668,1.0,True
H82089,3,0.0476272298070576,0.527341366578991,0.6666666666666666,True
H82091,2,0.0713535593231887,0.730145933295141,1.0,False
H82092,2,0.0864355783120973,0.9767923313638048,1.0,False
H82095,2,0.161789603630134,0.9966392932529108,1.0,False
H82096,2,0.0271790302827858,0.8557198142420378,1.0,False
H82098,3,0.2677052432532397,0.99966776509373,1.0,False
H82099,3,0.1614972670493856,0.9883425648840174,1.0,False
H82100,2,0.1385728027835954,0.9005713342933565,1.0,False
H82615,2,-0.0010787143165049,0.7656519461994338,1.0,False
H82640,3,0.2755019192586487,0.9996582103306764,1.0,False
H83001,1,0.075080655201348,0.9998469175298264,1.0,False
H83004,3,0.0412587405055276,0.471504926479965,0.8666666666666667,True
H83005,1,-0.0575187332895383,0.8786856368912603,1.0,False
H83006,1,0.1635350859057875,0.9999663398845144,1.0,False
H83007,3,0.3251453464699443,0.9998308276670796,1.0,False
H83008,1,0.0074619242085441,0.992009397715395,1.0,False
H83009,2,0.0532605839603466,0.8450904446951776,1.0,False
H83010,2,0.0615719509646108,0.9718279654429948,1.0,True
H83011,3,0.0719958514218511,0.9999506606955748,1.0,True
H83012,3,0.2315363323050748,0.9888607550513824,1.0,False
H83013,1,0.1380858280825285,0.8566552921962347,1.0,False
H83014,2,0.1132935323337289,0.9175831499250036,1.0,False
H83015,2,0.1330334758138783,0.94307151124807,1.0,True
H83016,2,0.0162810778989849,0.9996555778013394,1.0,True
H83017,1,0.2310305225295406,0.9999993282660052,1.0,False
H83018,2,0.0092002423662015,0.9041471014879028,1.0,False
H83019,1,0.1834755186280628,0.9999999999413376,1.0,False
H83020,1,0.2529102258989098,0.9999992608005672,1.0,False
H83021,3,0.1511289404323866,0.9031073685138404,1.0,False
H83022,1,-0.0502432377732011,0.8151577031902644,1.0,False
H83023,1,-0.0023430481270978,0.6170323063545193,0.9333333333333332,False
H83024,1,0.1009835450917287,0.9898322733629584,1.0,False
H83028,1,-0.0154025738080298,0.5575672870243966,0.9333333333333332,True
H83029,3,0.2202809980618877,0.9991301449518172,1.0,False
H83030,3,0.177607788551722,0.989273819038686,1.0,True
H83031,1,0.0528379256669128,0.9908270663169896,1.0,False
H83033,1,-0.0936234966855546,0.663362494908398,1.0,True
H83034,1,0.1318167384014672,0.9996170480006348,1.0,False
H83037,3,0.2661394840748382,0.9974871442971848,1.0,False
H83039,2,0.1825410816043864,0.8471949852428411,1.0,False
H83042,1,0.1145666299023457,0.9984363705899172,1.0,False
H83043,1,0.0050137099088704,0.7163954895089986,1.0,True
H83044,1,0.1092022730704804,0.9894066743008888,1.0,False
H83049,1,0.1550111651621972,0.9999999746088588,1.0,False
H83051,1,0.1632713937254592,0.9998184033955568,1.0,False
H83052,2,0.101951049675733,0.812563133869415,1.0,False
H83053,1,0.0105068303419038,0.9835094122461304,1.0,False
H83608,1,0.1493704233061472,0.9844854278036465,1.0,False
H83609,3,0.1850088443975686,0.8073376038663288,1.0,False
H83611,3,0.2078256677806494,0.9266400693975134,1.0,False
H83624,1,0.1719646219605815,0.9997989509168944,1.0,False
H83627,2,0.0508764593929995,0.5166051617380136,0.5666666666666667,True
H83631,1,-0.0500365735728902,0.6698327744271083,1.0,False
H84005,2,0.0610320820542529,0.799391656537597,1.0,True
H84006,1,-0.0863969018712598,0.8135221757319389,1.0,True
H84007,1,0.0466053489601774,0.6656365829474751,1.0,False
H84010,1,-0.006242226961751,0.7230548197568967,1.0,True
H84012,2,0.2415516344074804,0.5199215350304534,0.5333333333333333,False
H84014,2,0.0056398335316633,0.8235550690565654,1.0,False
H84015,2,0.0325678842742672,0.919725410004214,1.0,False
H84016,1,-0.0451194296891595,0.9658903998430914,1.0,True
H84017,2,0.0863110716648783,0.6686888250404057,0.9666666666666668,False
H84018,3,0.0082118508586209,0.886621062522155,1.0,True
H84020,3,0.1945648761561767,0.8877128516422335,1.0,False
H84025,3,0.3042673488102175,0.9996476289422184,1.0,False
H84027,1,-0.0559436986413473,0.4192033109776203,0.7666666666666667,False
H84030,3,0.1901116194002185,0.9820693516005764,1.0,False
H84031,2,0.2542534436180318,0.8022223673143263,0.9666666666666668,False
H84032,1,-0.0455413013812718,0.9985939707007166,1.0,False
H84033,2,0.2043399201615421,0.9409512540091874,1.0,False
H84034,3,0.1883467679588375,0.978202917961504,1.0,False
H84039,2,0.185812586468005,0.8741968505816912,1.0,True
H84040,1,0.0849331432708475,0.9897542330592608,1.0,False
H84041,1,0.1564983981695822,0.9992293109242786,1.0,False
H84042,3,0.175603066146346,0.9916453024552182,1.0,False
H84044,2,0.152122750608582,0.8224461958114808,1.0,True
H84048,1,0.1016736496783965,0.993302398180152,1.0,False
H84050,3,0.2198608084365035,0.998925626735228,1.0,False
H84051,3,0.0727204397437769,0.9430350089297236,1.0,True
H84053,1,0.0544722277770163,0.5099492945559192,0.4333333333333333,False
H84054,1,0.1845345839317004,0.9999999999070148,1.0,False
H84055,3,0.0880244141881898,0.5391784344350529,0.7333333333333333,False
H84057,1,0.1395403134369231,0.9999999402864947,1.0,False
H84059,1,0.1092370789420691,0.9964359994939244,1.0,False
H84060,2,0.1322857027356602,0.8623231025476252,1.0,True
H84061,1,0.0908494951023091,0.8836151173540292,1.0,False
H84062,3,0.2185634685409253,0.9935910764498248,1.0,False
H84618,1,-0.0547893935815548,0.5801456963723208,0.9666666666666668,True
H84619,3,0.1216212903450399,0.992941173007986,1.0,True
H84623,2,0.1416627152889472,0.9906468348811656,1.0,False
H84625,1,0.1214150425499893,0.9717642911721928,1.0,False
H84630,2,0.1514090501073941,0.6899382971800512,0.9666666666666668,False
H84635,1,0.058323238960769,0.9999996564142236,1.0,False
H84639,1,0.157412298076087,0.9999996950188292,1.0,False
H85001,3,0.0895061535533632,0.87282622661117,1.0,True
H85002,1,0.1695301344897868,0.9997619598474192,1.0,False
H85003,1,0.1722227607207888,0.9999997376474344,1.0,False
H85006,2,0.1086467196590897,0.9471842735697464,1.0,False
H85007,2,0.1214087237287793,0.5769990849863983,0.8333333333333334,True
H85008,1,0.1636973164926798,0.9999503494558396,1.0,False
H85009,1,0.0845640385379424,0.742229507183771,1.0,False
H85011,3,0.2760365158918725,0.9991519876310916,1.0,False
H85012,1,-0.0403702547288451,0.8492762769218095,1.0,True
H85018,1,0.0754511420381976,0.979502328477906,1.0,False
H85020,3,0.0801996510401874,0.581337522370861,0.9666666666666668,True
H85021,3,0.3175149486327823,0.9975749385937552,1.0,False
H85022,1,0.1213023654376701,0.9999615126774076,1.0,False
H85023,1,-0.0664617664472909,0.5626649823431233,0.7666666666666667,True
H85024,1,0.2070002219216251,0.9998285555999864,1.0,False
H85025,3,0.0409837866330434,0.4728943725014436,1.0,True
H85026,1,-0.0620313313267618,0.9056874848157398,1.0,True
H85027,1,0.091826688858299,0.9958718868341664,1.0,False
H85028,1,-0.018148055552472,0.987005507979024,1.0,False
H85029,1,0.1139855673790603,0.9971159384445144,1.0,False
H85030,2,0.201141329609605,0.9968136323465802,1.0,False
H85031,2,0.131697539227029,0.890171047126946,1.0,True
H85033,3,0.1304539353150756,0.9935619570602228,1.0,True
H85037,1,0.2051579256703667,0.9999999952978094,1.0,False
H85038,3,0.113315863188673,0.8886789120235623,1.0,False
H85041,3,0.1536236785307877,0.9459192479758995,1.0,False
H85045,1,0.1191622662051288,0.8578520945980204,1.0,False
H85047,3,0.0207245195369801,0.6582131856283783,1.0,True
H85048,1,0.0092982966012165,0.9998491958999708,1.0,False
H85049,1,0.0712160799941954,0.9958176302997276,1.0,False
H85051,1,0.0687217974908377,0.9998213773479788,1.0,False
H85052,1,0.0797132035293667,0.7935272976453716,1.0,False
H85053,1,0.236106509711315,0.999974662386962,1.0,False
H85055,2,0.1221481152928591,0.9691274502617336,1.0,False
H85057,1,0.0199112422416152,0.9578923815979564,1.0,False
H85061,2,0.0922322906314514,0.6620529281613029,1.0,True
H85063,1,-0.033996480028752,0.6525954029417128,1.0,False
H85065,1,0.1870246260642489,0.9999974756260984,1.0,False
H85066,3,0.184180017427275,0.8406979069390834,1.0,False
H85067,3,0.0797426548629456,0.9992171859887116,1.0,True
H85069,1,-0.0327027678771761,0.5216260055956056,0.8,True
H85070,1,-0.0005964178622385,0.9969215014659424,1.0,False
H85075,3,0.1697509138167725,0.7973418310049042,1.0,False
H85076,1,0.0774969267981806,0.999999999584329,1.0,False
H85077,1,0.1244287191938331,0.999999974081778,1.0,False
H85078,1,0.2164831544861203,0.999992225772216,1.0,False
H85082,3,0.1146178052088248,0.6498609825612401,1.0,False
H85087,3,0.2199365902207729,0.8939618256131843,1.0,False
H85088,1,0.0653094230603077,0.9985993346759124,1.0,False
H85090,1,0.041797491782069,0.9816231466421942,1.0,False
H85092,1,0.0179541379313095,0.9956058069396982,1.0,False
H85095,3,0.2532594273419523,0.9930092914856212,1.0,False
H85100,1,-0.0653495537003239,0.753559896099854,1.0,False
H85101,2,0.0320482445337505,0.8352232580576165,1.0,False
H85103,3,0.2981942710621184,0.9977102057135384,1.0,False
H85105,2,0.1342979531657818,0.947598098122614,1.0,True
H85110,1,-0.0518803491532629,0.9271425683703892,1.0,False
H85111,3,0.2038197477994844,0.9860008305008344,1.0,False
H85112,1,0.2266224249841652,0.9999982290583572,1.0,False
H85113,1,0.1127804959163757,0.9835182737256304,1.0,False
H85114,3,0.1334438461549433,0.9182540681996336,1.0,False
H85115,3,0.2411882554862506,0.9968075405683368,1.0,False
H85116,1,0.0209968574181792,0.9335787102067592,1.0,False
H85618,3,0.3304126990320995,0.9989894827546488,1.0,False
H85634,3,0.2443288302594316,0.9974018750483472,1.0,False
H85637,1,0.1319793436511489,1.0,1.0,False
H85649,1,0.1294766791103872,0.9999198245080172,1.0,False
H85653,1,0.0229517801963067,0.6564389757478022,1.0,False
H85656,1,-0.0184950871884521,0.7019234696454739,1.0,True
H85659,1,0.1980055073930461,0.9981460930495604,1.0,False
H85662,3,0.0852670038074813,0.7911768850147849,1.0,False
H85664,1,0.0060897472230925,0.9999990791315636,1.0,False
H85680,1,0.1591144976663363,0.9980536854650446,1.0,False
H85682,1,0.2270773197238257,0.9999280443039088,1.0,False
H85683,1,-0.0326792950046791,0.94059509080917,1.0,False
H85686,1,0.0934823123938682,0.9967875659278254,1.0,False
H85693,2,0.0029496646709102,0.6246505607432906,1.0,False
J81002,2,0.0785027721101711,0.985227116505206,1.0,False
J81006,3,0.127822006486059,0.9040317955800696,1.0,False
J81009,2,-0.0002457263311688,0.4530005807513042,0.7,True
J81010,2,0.182514687093964,0.9990397292981984,1.0,False
J81011,3,0.1030054757394441,0.914598637163804,1.0,False
J81012,3,0.3027628349577167,0.9999430928130976,1.0,False
J81013,2,0.2442126638620386,0.9986240369597869,1.0,False
J81014,3,0.2015205174274367,0.9981517685753476,1.0,False
J81016,2,0.223134318891558,0.9976028733293092,1.0,False
J81017,2,0.2224190900182228,0.8703664661634681,1.0,False
J81018,2,0.1866889303465042,0.9842975410324252,1.0,False
J81019,3,0.1804200640614207,0.9829805616062252,1.0,False
J81020,3,0.0378671224947024,0.5386603163233316,1.0,True
J81021,2,0.2441569714760114,0.9953512699495184,1.0,False
J81022,2,0.0921536744220883,0.9761651527041372,1.0,False
J81025,3,0.213070941578344,0.9991654646342304,1.0,False
J81027,2,0.1757852845674707,0.9985832883280744,1.0,False
J81028,3,0.2426736660911143,0.999751971567341,1.0,False
J81029,3,0.0714500596547052,0.6831657122547818,1.0,False
J81030,2,0.0061564940909155,0.7080770043084393,1.0,False
J81033,3,0.1153566596792088,0.8474721110153597,1.0,False
J81034,2,0.2221649359917296,0.9977196949278662,1.0,False
J81035,2,0.1750196676637171,0.9975812062981064,1.0,False
J81036,3,0.2868346808974423,0.9999502973713084,1.0,False
J81039,3,0.26101328417303,0.9999586351714468,1.0,False
J81041,2,0.2582384388847922,0.9995952589195752,1.0,False
J81042,2,0.1648373746880713,0.9981951731239104,1.0,False
J81045,2,0.083218500679296,0.8882278560064636,1.0,False
J81046,2,0.0299000291975844,0.9019957462303368,1.0,False
J81047,3,0.2815871186976563,0.999986750659728,1.0,False
J81049,3,0.0134226435379328,0.7678438792363382,1.0,True
J81051,3,0.1598895483680563,0.9723480445322752,1.0,False
J81053,2,0.1035955486754021,0.9874379305971144,1.0,False
J81056,2,0.0580307853519625,0.9722133802776026,1.0,False
J81057,3,0.1947613703499127,0.9922423935170722,1.0,False
J81058,2,0.0192693561306597,0.9808772602710928,1.0,True
J81059,2,0.193845965751923,0.9990463250814096,1.0,False
J81061,2,0.2255737170038309,0.9894546269256068,1.0,False
J81062,2,0.0042367112590849,0.8021126314984424,1.0,False
J81064,2,0.2173856560120514,0.998376696089762,1.0,False
J81066,1,-0.0545972809465174,0.6123939971887431,1.0,False
J81067,3,0.0284666002238297,0.6330687846440708,0.9666666666666668,True
J81068,3,0.0404064036801376,0.5582762221774631,0.8,True
J81070,3,0.2050006406822463,0.9945799791028912,1.0,False
J81072,3,0.2414789936007011,0.9989120055732348,1.0,False
J81073,2,0.0910472678059019,0.9873156839524092,1.0,False
J81074,2,0.0674657652534441,0.9888114637211974,1.0,False
J81075,3,0.1820322893944854,0.9462660501244944,1.0,True
J81076,3,0.0775196480451975,0.7871298080273917,1.0,False
J81077,2,0.221270375826054,0.9980268637859724,1.0,False
J81078,2,0.0335310231710819,0.9588603038136344,1.0,False
J81081,3,0.0220751690578286,0.7896649061530644,1.0,True
J81082,2,0.0081604151725754,0.9373543848245164,1.0,False
J81086,2,0.22022504618102,0.9979316238703516,1.0,False
J81087,2,0.1537280199061425,0.9781180692220002,1.0,False
J81609,3,0.0175356846676699,0.5303891310942984,1.0,True
J81612,2,0.2088288818447997,0.9967195037814188,1.0,False
J81616,2,0.1306017372097604,0.9920443623653186,1.0,False
J81620,3,0.2657965521644089,0.9998964836773284,1.0,False
J81621,2,0.1423649763675498,0.995874067414356,1.0,False
J81626,2,0.141120026696249,0.997031203168093,1.0,False
J81631,2,0.1855226860093901,0.972095091329028,1.0,False
J81633,3,0.0407769046031051,0.5957965127838509,0.9,True
J81634,2,0.0954773367960637,0.9548029210487246,1.0,False
J81646,3,0.1236891645122647,0.9182310723199212,1.0,False
J81647,2,0.1317579624487291,0.9934656664787564,1.0,False
J81648,3,0.0264314448670484,0.5196447845544357,0.6333333333333333,True
J82001,2,0.2348295273099858,0.9285209340597458,1.0,False
J82002,3,0.1972902611013171,0.885849073674155,1.0,False
J82005,3,-0.0016837205155943,0.8458041876784798,1.0,True
J82007,3,0.0395449392911824,0.6660449588027532,0.9333333333333332,True
J82009,3,0.2051840195837103,0.994921209446633,1.0,False
J82010,3,0.0677385631015199,0.5058834488449843,0.6333333333333333,True
J82012,3,0.2745144839971297,0.9998851424499948,1.0,False
J82016,2,0.1701424446764745,0.9979277126459823,1.0,False
J82017,3,0.0841399102427061,0.3917677772828785,0.7666666666666667,True
J82018,2,0.1121916088549971,0.9710319622718268,1.0,False
J82019,2,0.1135481533890786,0.9918411351887412,1.0,False
J82020,2,0.0568357750586239,0.9964239006216484,1.0,True
J82021,3,0.2930844106910265,0.9995741835745308,1.0,False
J82024,1,-0.0316736422863295,0.441094648285811,0.9,True
J82025,2,0.2160707091135883,0.999169077892058,1.0,False
J82026,3,0.1717276778955214,0.9402242280390928,1.0,False
J82028,1,0.0519251524134152,0.9999646452361804,1.0,False
J82033,2,0.0028584711179861,0.9194013768052082,1.0,False
J82034,2,0.0354474365747718,0.9317769817526816,1.0,False
J82035,3,0.2667639688540376,0.9965774279657,1.0,False
J82036,2,0.0452922612501035,0.955927863638363,1.0,False
J82039,3,0.2886285439681711,0.9980846230003724,1.0,False
J82040,1,0.0101146928521346,0.9584434016518406,1.0,False
J82042,3,0.1387204689346355,0.9658009914922157,1.0,False
J82049,3,0.2469004514375582,0.9989396045090428,1.0,False
J82050,2,0.0852745013168336,0.903203296237712,1.0,False
J82051,3,0.264472800089532,0.9988113129623568,1.0,False
J82053,3,0.1965831549413976,0.9755227389130864,1.0,False
J82054,2,0.0256234930335422,0.9074514141973674,1.0,True
J82055,3,0.160851115558996,0.9792006129941592,1.0,False
J82056,2,0.0844178635997989,0.97989841157985,1.0,True
J82058,2,0.0835398429932629,0.8115998511231027,1.0,False
J82059,2,0.1271629700201918,0.9964507457865436,1.0,False
J82060,3,0.1654927256437986,0.9575464863650808,1.0,False
J82061,3,0.2876664822150269,0.999816972493566,1.0,False
J82062,1,-0.021888972721944,0.8626377723939003,1.0,False
J82064,3,0.0791708962187122,0.6357585143446928,0.9333333333333332,False
J82066,3,0.2757482754083665,0.9989060387458922,1.0,False
J82067,1,-0.065741750940139,0.8798046093331365,1.0,True
J82069,3,0.1065487058188747,0.9875581326877836,1.0,True
J82071,2,0.1336744188176064,0.8451274269497809,1.0,False
J82072,1,-0.0087940369915311,0.9977629805698496,1.0,False
J82073,2,0.0068384872733515,0.8444630180435927,1.0,False
J82074,2,0.1666524673526596,0.9924614719023268,1.0,False
J82075,2,0.0727943549588007,0.9881292560827766,1.0,False
J82076,3,0.1022228457260033,0.8161760031006864,1.0,False
J82079,3,0.1095331722908648,0.7341126467490635,1.0,False
J82080,1,-0.0033052946567623,0.9991804569872969,1.0,False
J82081,3,0.1154746124625539,0.7463293012078562,1.0,False
J82082,3,0.1805938047053512,0.9582962419828984,1.0,False
J82083,3,0.0800772678040974,0.9975291227152112,1.0,True
J82084,3,0.0477224253836942,0.5944020539215136,0.8666666666666667,True
J82085,3,0.1679558887449609,0.9838137107652496,1.0,False
J82087,2,0.2749025639593548,0.999238721077112,1.0,False
J82088,2,0.0478525464429647,0.9694031595870984,1.0,False
J82092,1,-0.052442945684274,0.6584426076102237,1.0,False
J82094,3,0.2096051343343211,0.9722141077774152,1.0,False
J82098,3,0.1087146164711308,0.9983785239443708,1.0,True
J82099,3,0.1780389223335952,0.9596463196925646,1.0,False
J82101,2,0.0202531608588773,0.934549132346984,1.0,False
J82102,3,0.1206606380271312,0.8545850368440064,1.0,False
J82103,2,0.1803635215860774,0.9354238162157325,1.0,True
J82104,3,0.2240623187263627,0.998692387617804,1.0,False
J82106,3,0.1787325600686199,0.9756482652485352,1.0,False
J82110,1,-0.0760309141634479,0.9110853232167876,1.0,True
J82112,2,0.0523807936228252,0.9718220605427076,1.0,False
J82115,1,0.0714230338234033,0.9931264671543598,1.0,False
J82116,2,0.2465869398033956,0.997234997448456,1.0,False
J82119,2,0.1389650729288832,0.9661862208187278,1.0,False
J82120,3,0.2710602053929513,0.9988130900907684,1.0,False
J82121,2,0.0417687967180872,0.9557800746602624,1.0,False
J82122,3,0.1271788790993866,0.7289333127351179,1.0,False
J82124,2,0.2702601407019785,0.9987731250745812,1.0,False
J82125,2,0.1054022072361003,0.9890233487363148,1.0,False
J82126,1,-0.0275598626581501,0.8560853085998235,1.0,True
J82128,2,0.2467208581355044,0.9971948676882204,1.0,False
J82129,2,0.2019366864829428,0.9628058248977722,1.0,False
J82130,2,-0.0060089854287561,0.7988836948831073,1.0,False
J82131,3,0.2251175798899665,0.9972961968515608,1.0,False
J82132,2,0.2161996001096302,0.996551360686938,1.0,False
J82134,3,0.28966353272107,0.999731667774828,1.0,False
J82136,3,0.3195292126920194,0.9997776348048878,1.0,False
J82138,2,0.0220278611634193,0.9497761120237668,1.0,False
J82139,3,0.0412464579930952,0.4216308994528569,0.9666666666666668,True
J82142,2,0.1369815514734832,0.9902565987847548,1.0,False
J82143,2,0.1143068522038144,0.9949234959053276,1.0,False
J82144,2,0.0030223530443423,0.7852640899364086,1.0,False
J82145,1,0.0337811310021763,1.0,1.0,False
J82146,3,0.3227358779457263,0.9999771013282972,1.0,False
J82147,3,0.2639879169925569,0.9998405296348616,1.0,False
J82149,3,0.0971184822583689,0.6480218925062707,1.0,False
J82150,3,0.0866064051928862,0.6952486962278434,1.0,False
J82151,3,0.0319792785254315,0.6792184554902412,1.0,True
J82152,2,0.1767993636812912,0.9969082725439008,1.0,False
J82154,3,0.1706415278085127,0.9664464495116112,1.0,False
J82155,3,0.1175901344228185,0.8271893201423715,1.0,False
J82156,2,0.0470748968718959,0.9998880762072844,1.0,True
J82157,3,0.1105976082982822,0.8098424144295427,1.0,False
J82163,3,0.2190337201735661,0.9953711496402622,1.0,False
J82169,2,0.0662403875379437,0.99991951484025,1.0,True
J82174,2,0.1266806077905272,0.9973917088480776,1.0,False
J82178,1,-0.0590616483758778,0.7943019173962684,1.0,False
J82181,1,-0.0087151658494655,0.6625141013147028,1.0,True
J82184,3,0.1318832247927306,0.8780327170077535,1.0,False
J82194,1,0.1000864633249331,0.9990391146418452,1.0,False
J82196,3,0.1678174351633461,0.9464673682875968,1.0,False
J82198,3,0.097078150769981,0.7143233591597379,1.0,False
J82199,2,0.1128213317161073,0.881965072989457,1.0,False
J82201,3,0.0470459847323364,0.6734290976433257,1.0,False
J82207,2,0.2309177022514955,0.9674292739368344,1.0,False
J82208,2,0.0426414448233423,0.9508584634107384,1.0,False
J82210,3,0.1361035011186195,0.86158277034867,1.0,True
J82213,3,0.0974819031716772,0.7379090006334899,1.0,False
J82214,2,0.1431672955992822,0.9772607149850586,1.0,True
J82215,3,0.3108637792481574,0.9994184116052608,1.0,False
J82216,2,0.1295055396148219,0.9950936787688378,1.0,False
J82218,3,0.2756827713339088,0.9996079146794092,1.0,False
J82605,3,0.2151154303175991,0.9976319917915728,1.0,False
J82622,1,0.1525073907824536,0.9724508782178896,1.0,False
J82625,2,0.0874808426747224,0.945668450531076,1.0,False
J82628,3,0.1845320655960501,0.9621883434390248,1.0,False
J82630,2,0.2425798118627257,0.9946849575120312,1.0,False
J82639,3,0.0343284240907369,0.999999839480401,1.0,True
J82640,2,0.1842842965941638,0.9963218508964704,1.0,False
J82646,1,-0.0745911437324806,0.9440028026469648,1.0,True
J82669,3,0.324727761408619,0.9999171146563296,1.0,False
J83001,2,0.2173166306521088,0.9989237048591124,1.0,True
J83002,2,0.3152770109010521,0.9959895880374596,1.0,False
J83003,3,0.1443949535165491,0.9407518645989178,1.0,False
J83004,2,0.0205499688840805,0.906614615355697,1.0,True
J83005,3,0.1387062284015726,0.916205038798733,1.0,False
J83006,2,0.1519566395765011,0.8922184675567321,1.0,True
J83007,3,0.238347378338225,0.9988726543162356,1.0,False
J83008,2,0.0380750460739369,0.9509675939927258,1.0,False
J83009,2,0.2030082561437808,0.9992605032865892,1.0,False
J83010,3,0.2905376618740833,0.9999791069595502,1.0,False
J83011,3,0.2986257415023742,0.9998057832103384,1.0,False
J83013,2,0.009656490880393,0.8476371498056564,1.0,False
J83016,3,0.0538479032912629,0.6808099769656649,1.0,True
J83018,3,0.3000107010879798,0.9998016633801616,1.0,False
J83019,2,0.1723488649494709,0.9726388152443978,1.0,True
J83021,3,0.1275497796432319,0.8158696215159307,1.0,False
J83022,2,0.2389930379324919,0.9977286142148298,1.0,True
J83023,2,0.0729846476593793,0.9591945818149816,1.0,False
J83024,2,0.2330183881251788,0.9991762381655164,1.0,True
J83026,3,0.2249288098447384,0.9986170945692155,1.0,False
J83027,2,0.0345530653651878,0.9083450889489676,1.0,False
J83029,2,0.2863962979875212,0.9312130230828896,1.0,False
J83030,3,0.1522002517320015,0.9951805151748055,1.0,False
J83033,1,-0.0303604211626057,0.8831600613754177,1.0,False
J83034,2,0.1936744200580589,0.7904562799271824,1.0,False
J83035,2,0.2567811366919776,0.984983041973315,1.0,False
J83036,2,0.0017678940712129,0.7555975348532135,1.0,False
J83037,2,0.0828375975566083,0.9998702664224608,1.0,True
J83038,1,-0.0031272696498109,0.596432691652523,0.9666666666666668,True
J83039,2,0.1340585705329881,0.9974588496692196,1.0,False
J83040,3,0.0035876147156377,0.7998957428255441,1.0,True
J83041,2,0.0957789943759992,0.9940843364289366,1.0,False
J83042,2,0.1774560966723931,0.7385729438477951,1.0,True
J83043,2,0.0185427690145339,0.7971227587879373,1.0,False
J83045,2,0.168616429450969,0.9990025129319264,1.0,True
J83046,3,0.3127416375039675,0.9999636936996472,1.0,False
J83047,2,0.2721413310473743,0.965161818764683,1.0,False
J83049,3,0.0663913226443854,0.999964363160777,1.0,True
J83050,1,-0.0085391370190284,0.8627538245633705,1.0,False
J83052,3,0.2433450004247675,0.9994866905565654,1.0,False
J83053,1,0.0230366535259345,0.9991725403556592,1.0,False
J83055,2,0.2399192571923572,0.9887875811041378,1.0,False
J83056,2,0.15306506534577,0.9990679748625928,1.0,True
J83057,3,0.0432750641812877,0.6269342784439131,0.9666666666666668,True
J83058,2,0.1803464293245678,0.943412760887236,1.0,True
J83059,2,0.2322383810153392,0.9932200133163568,1.0,True
J83064,3,0.0791166146018742,0.6922011477442418,1.0,False
J83601,2,0.0620339219528192,0.9993768808060548,1.0,True
J83603,2,0.2100684626039139,0.7013970070938297,1.0,True
J83609,2,0.2798536354186205,0.988524466947478,1.0,False
J83615,2,0.0886923048818052,0.5023455368899121,0.5,False
J83618,2,0.0266779852385827,0.8940595470212095,1.0,False
J83619,2,0.0650013498024333,0.9997882719665824,1.0,True
J83625,2,0.1905342001501201,0.9907708077502536,1.0,True
J83633,2,0.2993553315669235,0.9613473229671716,1.0,False
J83645,2,0.0607898993911403,0.9999999999935484,1.0,True
J83646,2,0.0366543066308044,0.9999999999960424,1.0,True
J84003,2,0.0652333725266448,0.9849156338731796,1.0,False
J84004,3,0.0372744256090193,0.8674841690130068,1.0,True
J84005,2,0.1178106606769542,0.990571594017517,1.0,False
J84007,2,0.1990069830190603,0.9968842791353076,1.0,False
J84008,1,0.038354571123054,0.9892355708334982,1.0,False
J84012,3,0.0556535647223886,0.4712822066812384,0.8333333333333334,True
J84013,2,0.0175058023265466,0.9195537566120552,1.0,False
J84015,2,0.1019284528192508,0.5422513997310014,0.8666666666666667,False
J84016,3,0.1531414488300079,0.9842020801327164,1.0,False
J84017,2,0.1180455844817409,0.954233427410607,1.0,False
J84019,3,0.1087756661432663,0.8615688485559277,1.0,False
K81001,3,0.2285269191288717,0.9983814250502698,1.0,False
K81002,2,0.0178824909507815,0.917875586987321,1.0,False
K81003,2,0.104188750273412,0.9950087695712168,1.0,True
K81004,2,-1.0223626585232212e-05,0.9849678306755708,1.0,True
K81007,1,0.2161298247121927,0.9991343929728695,1.0,False
K81010,3,0.1587929371913864,0.9491846704988804,1.0,False
K81012,3,0.0427923857069765,0.9230586897140004,1.0,True
K81014,2,0.1511764263108983,0.9843360759833802,1.0,False
K81015,1,-0.0406453845559525,0.6896457613323425,1.0,False
K81017,3,0.2691652816651572,0.9999577153920268,1.0,False
K81018,1,0.0772346394616173,0.6773199037285318,1.0,False
K81019,3,0.1819965553559038,0.6731064899711849,1.0,True
K81020,1,-0.0361289304220994,0.7641153038835861,1.0,False
K81021,1,0.0229993743912034,0.8756311820279362,1.0,False
K81022,3,0.1337807706645779,0.6365926753137165,1.0,False
K81024,1,0.0030793109897134,0.776803062878823,1.0,False
K81025,2,0.1407696980854304,0.9172573539832194,1.0,True
K81026,1,0.157700077433749,0.9999999875059906,1.0,False
K81027,2,0.2059787320056147,0.7506606925353414,1.0,True
K81028,3,0.1111265558489475,0.6136000992334302,1.0,False
K81030,3,0.0611814277733976,0.9990965646199124,1.0,True
K81034,1,0.1445532876159392,0.9998268320852056,1.0,False
K81036,2,0.1855031070943013,0.9895378200985564,1.0,False
K81040,2,0.1243367601560724,0.8049637728746476,1.0,True
K81041,2,0.1359485130915147,0.932441214998486,1.0,False
K81042,1,-0.0039713640708191,0.8784536549892582,1.0,False
K81043,1,0.0760960673996416,0.9972019133486364,1.0,False
K81045,1,-0.0770880793410595,0.7892049236151489,1.0,True
K81046,3,0.2479793493885471,0.9923846719287498,1.0,False
K81047,2,0.094161469403862,0.9832029283446412,1.0,False
K81048,1,0.0167591131045607,0.9151880231986104,1.0,False
K81050,2,0.1057066011831265,0.7825926858776027,1.0,True
K81051,1,0.0378832294314641,0.8080228448605006,1.0,False
K81052,2,0.0525771964617737,0.9796681656686904,1.0,False
K81055,3,0.1316855818377976,0.9269489205524544,1.0,True
K81057,2,0.2112362118847636,0.6609877617290227,0.9666666666666668,False
K81060,3,0.2040849624662086,0.95436617451868,1.0,False
K81062,1,0.1077647828731863,0.7330382329742025,1.0,False
K81063,2,0.0698658003096817,0.9816359216723826,1.0,True
K81068,2,0.0488496036338061,0.9618365806569164,1.0,False
K81069,2,0.0994576959666896,0.8992874286740222,1.0,False
K81070,3,0.3308925415389132,0.9997628090721488,1.0,False
K81073,3,0.1492017207386593,0.9488401904050188,1.0,False
K81074,1,0.0793071363320973,0.9998359257007208,1.0,False
K81075,3,0.1147999949239792,0.5783323953700572,0.8,False
K81076,3,0.325403712785188,0.9999519993981874,1.0,False
K81077,3,0.1717826576134451,0.517986733562056,0.6,False
K81078,1,0.0304355142767341,0.9622905332498424,1.0,False
K81080,2,0.2592958250207644,0.9912408078946678,1.0,False
K81081,1,0.1640088439559098,0.999999999010889,1.0,False
K81082,1,0.0913930060490649,0.9981255593652518,1.0,False
K81083,1,0.1925322292557132,0.9999996861032758,1.0,False
K81084,3,0.0964031241797239,0.9638062802093016,1.0,True
K81085,1,0.1417732140233445,0.999993853656714,1.0,False
K81086,1,0.0881259397023424,0.9996840254039536,1.0,False
K81092,2,0.1387617579425366,0.9925286534074472,1.0,False
K81097,1,-0.0001224857767094,0.4838904187132511,0.4666666666666667,False
K81100,2,0.1043324452350068,0.8984521725912127,1.0,False
K81102,3,0.3160124323323876,0.9999558896863308,1.0,False
K81103,2,0.0755975341907198,0.5622510383826534,0.9666666666666668,False
K81605,2,0.0637429928239279,0.5807741728912186,0.9333333333333332,True
K81607,1,0.2089580201021389,0.999999987224534,1.0,False
K81608,1,0.1069877722598825,0.9999863574289104,1.0,False
K81610,3,0.2446370436243141,0.9993112026122172,1.0,False
K81616,1,0.1301749643900611,0.9619427100107332,1.0,False
K81630,3,0.0117024651167708,0.860134146494306,1.0,True
K81633,1,0.2188155928786036,0.9999246641798109,1.0,False
K81636,2,0.2030989903794475,0.9796174260296684,1.0,False
K81644,1,-0.0513844725153658,0.949233954354852,1.0,False
K81645,1,0.1476818247041105,0.9540605990537062,1.0,False
K81651,1,0.0694082563514316,0.9981282850648168,1.0,False
K81655,1,0.0674245395739685,0.6331973190090073,1.0,True
K81656,1,0.1415034705063855,0.9977173757617008,1.0,False
K81657,1,-0.0232563922654725,0.9976385534633272,1.0,False
K82001,2,0.0418480938981051,0.8164827804017741,1.0,False
K82003,1,0.0632693123839576,0.579970129606053,0.8666666666666667,False
K82004,3,0.1346587721355141,0.8809907244445339,1.0,False
K82006,1,0.1110755359151518,0.9572168971895708,1.0,False
K82007,2,0.0167821676448919,0.6138649777740176,1.0,False
K82008,1,-0.053628952956684,0.8809068280310239,1.0,False
K82009,2,0.0256919469689913,0.8923576928485615,1.0,False
K82010,3,0.0920051997286897,0.4400573779188358,0.7,False
K82011,3,0.1461096563984767,0.697113140267896,1.0,True
K82012,2,0.2230434687043733,0.9904543063432668,1.0,False
K82013,2,0.0510865433099074,0.9734108029952908,1.0,True
K82014,3,0.1595397535673971,0.9289208964928072,1.0,False
K82015,3,0.0719181141000317,0.5627071798661473,0.7666666666666667,False
K82016,2,0.0157593608393631,0.9059741121184068,1.0,False
K82017,2,0.2152662352993712,0.9824335372698396,1.0,False
K82019,1,0.1550701818115099,0.9716310890206864,1.0,False
K82020,1,0.135308867627716,0.9627140064094348,1.0,False
K82021,3,0.100948588177522,0.7049391829591185,1.0,False
K82022,3,0.1754567618929575,0.9427750997940236,1.0,False
K82023,1,0.061304831814682,0.9849058732239098,1.0,False
K82024,2,0.2388072159972947,0.9916617874432933,1.0,False
K82025,1,0.0376520887824287,0.8796212680189395,1.0,False
K82026,3,0.0970526861591151,0.8691719852576388,1.0,False
K82027,1,0.0489954999742532,0.990768762844402,1.0,False
K82028,3,0.3159180495404191,0.999895433743892,1.0,False
K82030,1,0.1814390533449262,0.848167261447923,1.0,False
K82031,1,0.0187234112101435,0.4925703901376131,0.9,True
K82032,3,0.2573865839181087,0.9990393739457422,1.0,False
K82033,1,0.0183806893125456,0.569672704681071,1.0,True
K82035,2,0.1205233913712199,0.9918236045604496,1.0,False
K82036,3,0.2413471072027836,0.9271421908834218,1.0,False
K82037,3,0.222570776786979,0.9982761041797588,1.0,False
K82038,1,-0.0689536494249152,0.939267588655468,1.0,True
K82039,2,0.1017046866601784,0.984962645970718,1.0,True
K82040,1,0.0204046841782912,0.9002259649188789,1.0,False
K82044,1,0.1116252368772703,0.8324534132426917,1.0,False
K82045,1,0.1207343937884933,0.9496631956001432,1.0,False
K82046,2,0.1160438401322867,0.9999096813479385,1.0,True
K82047,2,0.1491540638688375,0.9758486229540168,1.0,False
K82048,3,0.2014692183652191,0.9967123622031768,1.0,False
K82049,3,0.1979416927227842,0.970257813272681,1.0,False
K82051,2,0.0800761169810686,0.9198748936908808,1.0,False
K82053,3,0.2157868509740658,0.9577625335950292,1.0,False
K82054,2,0.0822741430218058,0.6690603899957517,0.9666666666666668,False
K82055,1,0.0560381438840127,0.9774856653487756,1.0,False
K82057,3,0.0302035813515543,0.5352669785110508,0.6333333333333333,True
K82058,1,0.0136129672897894,0.9957995678856284,1.0,False
K82059,2,0.0813145300032617,0.9702972911198008,1.0,False
K82061,2,0.075648402551928,0.9451233889283158,1.0,False
K82064,2,0.0677272787309607,0.9653471123462714,1.0,False
K82065,3,0.2180471063440044,0.9938390167289396,1.0,False
K82066,2,0.0725443257448367,0.7008308009275556,1.0,False
K82068,2,0.1747428462742541,0.9977948222903488,1.0,False
K82070,3,0.2356207057539913,0.9967014116600325,1.0,False
K82073,3,0.1995195461194917,0.9899710283675136,1.0,False
K82078,1,-0.0694403515526622,0.724805581757845,0.9666666666666668,True
K82079,2,0.2109550598965292,0.9973065119761972,1.0,False
K82603,3,0.2236857092974483,0.93528502451983,1.0,False
K82610,2,0.0080396859980243,0.7882641822065786,1.0,False
K82615,2,0.2164857720526088,0.9980729479881032,1.0,False
K82617,2,0.2284442050924164,0.819521400966014,1.0,True
K82618,1,-0.0003949985596479,0.9999265442270462,1.0,False
K82621,3,0.266354007657031,0.9599595045890514,1.0,False
K82631,2,0.1172684888402769,0.9887254444838572,1.0,False
K82633,2,0.0124251432506592,0.90568074025941,1.0,False
K83002,3,0.3208568800126889,0.9998667737284128,1.0,False
K83003,3,0.3005944637375846,0.9999468225860374,1.0,False
K83005,1,-0.0311350258309016,0.998773971928828,1.0,False
K83006,3,0.2261990119613394,0.9927267960697,1.0,False
K83007,3,0.1461577409599314,0.9403255658840192,1.0,False
K83008,2,0.0334408779730177,0.9025453173361386,1.0,False
K83009,3,0.2599262052624033,0.9976326545109117,1.0,False
K83010,2,0.0783273662130771,0.9794196689084042,1.0,False
K83011,3,0.227049865398854,0.9973059456291256,1.0,False
K83012,1,-0.0243669335587039,0.8350426177201112,1.0,False
K83013,2,0.1957914780409254,0.9935832245789848,1.0,False
K83014,3,0.2129633101038131,0.9918312883002748,1.0,False
K83015,3,0.2856971531331561,0.9998776006234098,1.0,False
K83017,3,0.0311127941789131,0.5408317577861592,1.0,True
K83018,2,0.2074447317212905,0.99307027525876,1.0,False
K83019,2,0.0843082410594639,0.845652408231852,1.0,False
K83021,2,0.01522897402416,0.8883112967613243,1.0,False
K83022,3,0.1872460774116356,0.993427213136718,1.0,False
K83023,3,0.2931742465942323,0.9997564662624338,1.0,False
K83024,1,-0.04378409283291,0.8188893201284774,1.0,False
K83025,1,0.1995317177361267,0.9991201932992626,1.0,False
K83026,3,0.2857420564218615,0.9994452727199696,1.0,False
K83027,1,0.0428116686139049,0.9999516456183544,1.0,False
K83028,2,0.0736810220687192,0.9813313635675682,1.0,False
K83029,2,0.0676052075152476,0.9655347306578708,1.0,False
K83030,2,0.077675597897364,0.9903365495222666,1.0,False
K83031,2,0.2356932696338153,0.9895473903328076,1.0,False
K83032,2,0.0151995904433249,0.9105589704966393,1.0,False
K83035,2,0.0837218403315531,0.8019681712045355,1.0,False
K83036,2,0.2036557774610283,0.9798538621163688,1.0,False
K83037,2,0.1819876318075173,0.9985365970901484,1.0,False
K83040,2,0.0511140411132525,0.958734220542269,1.0,False
K83041,3,0.1731697633099137,0.9740157813034692,1.0,False
K83042,2,0.1104807622201616,0.9811313104091614,1.0,False
K83043,3,0.3375940157749508,0.9999076360709628,1.0,False
K83044,2,0.0688957546356193,0.9671527520591005,1.0,False
K83047,3,0.2648631476288642,0.9999157658952994,1.0,False
K83048,1,0.1217231157462134,0.9999858344693136,1.0,False
K83049,3,0.248478047736259,0.9999652154189576,1.0,False
K83050,1,0.0033306379138912,0.996301621465571,1.0,False
K83051,2,0.1757858934839719,0.9266189932044062,1.0,False
K83052,2,0.191264619391735,0.9944826553272154,1.0,False
K83053,2,0.2538876471655441,0.9959926143826098,1.0,False
K83055,3,0.02308075303736,0.8378340230957287,1.0,True
K83056,1,-0.0479010006155498,0.6040519007856573,0.9666666666666668,False
K83059,1,0.0235241970290693,0.9976159951203548,1.0,False
K83064,2,0.2507579538046844,0.8903900807787097,1.0,False
K83065,1,0.0442212133407596,0.93673335661893,1.0,False
K83066,2,0.0750385969255209,0.9835497423698022,1.0,False
K83068,2,0.15198545489916,0.9383416901601772,1.0,False
K83069,1,0.0254489763599902,0.9999960120270268,1.0,False
K83070,1,-0.0632548783514876,0.8903907974618911,1.0,True
K83076,1,0.0092056070354973,0.7741414410256799,1.0,False
K83077,3,0.3057677558871313,0.9987251241744206,1.0,False
K83080,3,0.2453133427776425,0.9839391791695196,1.0,False
K83081,3,0.2212252153525969,0.9981515934936293,1.0,False
K83601,2,0.2502540926264144,0.814597197762281,0.9666666666666668,False
K83610,1,0.0767696814217221,0.8818543861289019,1.0,False
K83616,2,0.0832389680383863,0.9727650606498032,1.0,False
K83618,1,0.1488891923640975,0.9965475557245302,1.0,False
K83620,3,0.3055988837741801,0.9999618667938888,1.0,False
K83621,1,-0.0517397660659115,0.8005128195669547,1.0,False
K83622,3,0.257262541050461,0.9873265520578568,1.0,False
K84001,3,0.1457585159914238,0.9472715791579882,1.0,True
K84002,3,0.186481225127071,0.9162320648305388,1.0,False
K84003,3,0.0611551489880573,0.5449088715390813,0.7333333333333333,False
K84004,3,0.1731529458200421,0.9772703620218786,1.0,False
K84006,3,0.0302946392913938,0.9999383065648187,1.0,True
K84007,3,0.2334544419524992,0.9958755906666484,1.0,False
K84008,2,0.1801734759492428,0.9801042828505812,1.0,False
K84009,1,0.0947790300577034,0.9993928978547592,1.0,False
K84010,2,0.2634521098637096,0.9958646861848216,1.0,False
K84011,1,-0.0314221969662668,0.8679749577252271,1.0,True
K84012,2,0.1891184669016055,0.990814509286588,1.0,False
K84013,1,0.0947010289584612,0.8236297681264669,1.0,False
K84014,2,0.3106504814721956,0.998817108394188,1.0,False
K84015,1,0.1265749874369885,0.9842151046844224,1.0,False
K84016,1,-0.0012840051450945,0.958343457263412,1.0,False
K84017,2,0.0838802921148809,0.8757776314336405,1.0,False
K84019,3,0.048308761757696,0.651636352195907,1.0,True
K84020,2,0.3048876311718179,0.9990385364443742,1.0,False
K84021,1,0.1140305409723536,0.983199415782148,1.0,False
K84023,3,0.1328632612265789,0.9914540958228688,1.0,True
K84024,3,0.295907759220755,0.9997633566967906,1.0,False
K84026,1,-0.0476668397070045,0.783208043307749,1.0,True
K84027,3,0.1841956433015212,0.9796809103934466,1.0,False
K84028,2,0.1362221809163523,0.9945335248768044,1.0,False
K84030,3,0.1239620371319887,0.7860149918295597,1.0,False
K84031,3,0.2747068497758539,0.9968638103333216,1.0,False
K84032,2,0.1102223696732012,0.7419359096389224,0.9666666666666668,False
K84033,3,0.1404350169588176,0.9024701077462546,1.0,False
K84034,3,0.215679300121384,0.7992731308215623,1.0,False
K84035,2,0.0124920192843349,0.8427663684128075,1.0,False
K84036,2,0.2017982479730218,0.9434746752351052,1.0,False
K84037,2,0.1937333295205524,0.9611038298448508,1.0,False
K84038,3,0.0999656899981993,0.6006276306643636,1.0,True
K84041,3,0.1017621714565383,0.999966063635653,1.0,True
K84042,2,0.1340201004497839,0.9869299878277216,1.0,False
K84043,3,0.1164576110551923,0.8004743046505144,1.0,False
K84044,3,0.1500100170559297,0.8830642817050244,1.0,False
K84045,3,0.191930254669984,0.9794106219514782,1.0,False
K84046,1,0.0791798607987866,0.999890542000136,1.0,False
K84047,2,0.0300050727753027,0.777230250863986,1.0,False
K84050,2,0.1320240417767909,0.9924041406946832,1.0,False
K84051,3,0.1834660856342655,0.930571038874166,1.0,False
K84052,1,0.10384557837588,0.5346795536312018,0.5666666666666667,False
K84054,2,0.1603734623955279,0.9909492754695188,1.0,False
K84055,2,0.2106253229456697,0.985488107569225,1.0,False
K84056,2,0.1615868336246521,0.978079540794222,1.0,False
K84058,2,0.2137939602614707,0.998070742877276,1.0,False
K84059,3,0.1618265928880072,0.9152470070768216,1.0,False
K84060,1,0.1281367181432979,0.9984608141956244,1.0,False
K84062,2,0.1235776136807433,0.9160592436671322,1.0,False
K84063,2,0.1789094948827313,0.8115184953724004,1.0,False
K84065,2,0.1380776367615094,0.6530328379844724,0.9666666666666668,False
K84071,3,0.106093612380948,0.9469609861128904,1.0,False
K84072,3,0.1699071423274888,0.9602329634452434,1.0,False
K84075,3,0.1205554056874659,0.7726997057596345,1.0,False
K84078,1,0.1796570217641754,0.9999999999876223,1.0,False
K84079,3,0.1427028198817165,0.9799160807275388,1.0,False
K84080,2,-0.0022856428158121,0.686252511954106,1.0,False
K84082,3,0.0639703781808387,0.5197528190972084,0.6666666666666666,True
K84605,1,0.0188355850531767,0.7510322640268982,1.0,False
K84610,2,0.0377079380622951,0.7853687096868969,1.0,False
K84613,1,0.0654222905660405,0.9988149589987084,1.0,False
K84618,2,0.2164780570682908,0.5277378422414757,0.5666666666666667,False
K84624,1,-0.0550182882902116,0.7971277617201799,1.0,True
L81004,2,0.0998784759185112,0.979759149977618,1.0,False
L81007,2,0.1401797146155884,0.9349757002171646,1.0,False
L81008,3,0.3075031969279033,0.9999801666326004,1.0,False
L81009,2,0.2578432158296014,0.9983872518759326,1.0,False
L81010,3,0.2829559056201775,0.999970626221264,1.0,False
L81012,1,0.0429349119081672,0.9990028055351357,1.0,False
L81013,2,0.1743800632747303,0.9906464911609492,1.0,False
L81014,3,0.0865304129217545,0.7187499657685468,1.0,False
L81015,1,-0.0085013206514593,0.999962582773848,1.0,False
L81016,1,0.0552869848280666,0.99997700009171,1.0,False
L81017,2,0.0658044666296268,0.9242583913851782,1.0,False
L81018,3,0.121942959992344,0.8700633345081409,1.0,False
L81019,2,0.0927505117251309,0.962797345896342,1.0,True
L81020,3,0.1684771866870562,0.9723050868384834,1.0,False
L81021,3,0.1327302166686644,0.999805575170326,1.0,True
L81022,2,0.127366770924613,0.9790197618504924,1.0,False
L81023,1,-0.0138496544149586,0.6855016187210808,1.0,True
L81024,2,0.0637493635962434,0.973733297345787,1.0,False
L81025,3,0.2280168544805949,0.9985304650793037,1.0,False
L81026,1,-0.0604005178463898,0.6905402518797661,1.0,True
L81027,2,0.093227627527752,0.9609560219301498,1.0,False
L81029,1,-0.0734803912977073,0.9390298290806568,1.0,True
L81030,2,0.044191849157195,0.7171533818674777,1.0,False
L81031,3,0.0442663310376367,0.4942931046917774,0.9666666666666668,True
L81033,2,0.1118827000710199,0.9650246443343758,1.0,False
L81034,2,0.1505450379666729,0.9944017207141482,1.0,False
L81037,1,-0.0075953144585094,0.5515539872840598,0.9666666666666668,True
L81038,1,0.0053656990905732,0.6200897136266653,0.9333333333333332,False
L81039,3,0.1646477683137408,0.9616559389230308,1.0,False
L81040,3,0.2131300257840861,0.9942920892497104,1.0,False
L81041,2,0.1171258035894654,0.8902991682557146,1.0,False
L81042,3,0.3116428013304141,0.9987412310084408,1.0,False
L81044,2,0.065413545042773,0.9990745710839763,1.0,True
L81045,3,0.2440117475713773,0.9982600843983088,1.0,False
L81046,1,-0.0317838039158123,0.6575674040103194,1.0,True
L81047,2,0.1614749135387974,0.8479821871490018,1.0,False
L81050,2,0.100239287304809,0.989729844273366,1.0,False
L81051,2,0.1015477514373974,0.9604968987528136,1.0,True
L81053,3,0.0831138959542552,0.7752577693121565,1.0,False
L81054,2,0.1638380173987177,0.67225024011543,1.0,True
L81055,2,0.1104738552449897,0.9985123463859444,1.0,True
L81058,2,0.0232434552160775,0.9987227555984088,1.0,True
L81059,2,0.0510512390498872,0.9722683600108885,1.0,False
L81061,1,0.1375175764578519,0.9990309492764364,1.0,False
L81062,1,0.0056546937862583,0.6300207412942179,1.0,True
L81063,2,0.1303665699971309,0.9220029891741254,1.0,False
L81065,2,0.0402523407566019,0.9622148147690784,1.0,False
L81066,1,-0.0535807400194199,0.8728488475140251,1.0,True
L81068,3,0.0427168661942235,0.6936480714892197,1.0,True
L81069,2,0.2454314767745481,0.9960907224697244,1.0,False
L81070,2,0.0563219397848601,0.9738349901570428,1.0,False
L81071,2,0.2381813164536012,0.9969930019297144,1.0,False
L81072,2,0.0678008800596814,0.9078037778386604,1.0,False
L81073,3,0.1667310952708726,0.9740720544973004,1.0,False
L81075,1,0.0014307491378781,0.8469774484107765,1.0,False
L81078,1,0.0140719257034128,0.5291705308866828,0.5333333333333333,False
L81079,2,0.0729077065252446,0.9264619178655046,1.0,False
L81081,3,0.0643091060564733,0.4983920655606311,1.0,True
L81082,1,0.0995300631507823,0.9418428668895936,1.0,False
L81083,2,0.0017851376717192,0.782917924252608,1.0,False
L81084,3,0.0111810466774783,0.790118870689884,1.0,True
L81085,3,0.0036576232747638,0.6939155029687479,1.0,True
L81086,3,0.1739736484519927,0.985243194251847,1.0,False
L81087,2,0.1227565552582358,0.9711054822332212,1.0,False
L81089,1,-0.0231425710325915,0.7594332276473209,1.0,False
L81090,1,0.0692093465507779,0.5865487929902842,0.9333333333333332,False
L81091,1,-0.0373860269746795,0.9352388477292016,1.0,True
L81095,2,0.155312386520952,0.6692099876989257,1.0,True
L81098,1,0.1137580183991688,0.9506009504433628,1.0,False
L81103,3,0.0166046987798008,0.6746152473751859,1.0,True
L81106,3,0.080288165334211,0.7610843112145621,1.0,True
L81118,3,0.1314313530564892,0.9425673832082172,1.0,False
L81120,2,0.1319647183782465,0.9825062148872374,1.0,False
L81122,2,0.1069610660767941,0.9916958797942936,1.0,False
L81123,2,0.1110452616837833,0.98176291417074,1.0,False
L81125,2,0.0739435882962517,0.5029936778779723,0.5666666666666667,True
L81127,3,0.0102261766844315,0.8573795108642,1.0,True
L81130,2,0.1423589025912714,0.9969324902171312,1.0,False
L81131,2,0.0896001279015352,0.9250060101383072,1.0,False
L81132,2,-0.0052466070375261,0.8466700165437478,1.0,False
L81133,1,0.1809509718290039,0.9960771268641776,1.0,False
L81600,1,0.1348560050891474,0.9999998104213365,1.0,False
L81617,2,0.1339217932388657,0.9943215917633504,1.0,True
L81632,1,0.0249971423731825,0.9605718654323008,1.0,False
L81642,3,0.1743296912366553,0.962645783217908,1.0,False
L81643,3,0.0292589287281179,0.9991492638756232,1.0,True
L81644,2,-0.0039005745382772,0.8546173603951419,1.0,False
L81669,3,0.178738035317285,0.9878802273851072,1.0,False
L81670,1,0.0722593037951754,0.9999997847340636,1.0,False
L82001,2,0.1962847231624255,0.9982148197841524,1.0,False
L82003,3,0.1521484373468629,0.969049443491852,1.0,False
L82004,2,0.1468077921524959,0.9355281539320068,1.0,False
L82006,2,0.1812495750806582,0.9987769458525224,1.0,False
L82007,2,0.0123519216177312,0.93484682003078,1.0,False
L82008,3,0.0364186364867163,0.6473781729393305,0.9666666666666668,True
L82010,3,0.2290549605568522,0.9963097528078088,1.0,False
L82011,2,0.1142374964645324,0.709797391591565,1.0,False
L82012,3,0.1844970574186833,0.9962225501522888,1.0,False
L82013,2,0.1514441507015761,0.8218510823158972,1.0,False
L82015,2,0.2761259169666026,0.9951859293414812,1.0,False
L82016,3,0.2601512790209829,0.9990024771835804,1.0,False
L82017,2,0.1211035774139033,0.7068723043101333,1.0,False
L82018,2,0.0098740136201816,0.8359117642245611,1.0,False
L82022,3,0.0244372911527083,0.5707957940505566,1.0,True
L82023,3,0.2695287167817385,0.9998391174984868,1.0,False
L82026,3,0.0614311161650541,0.5949095788184695,0.8666666666666667,False
L82028,3,0.0759754012201544,0.777080902201091,1.0,False
L82029,3,0.1271430364984647,0.5952793810750796,0.9333333333333332,False
L82030,2,0.0065585777949809,0.8399712308524058,1.0,False
L82035,2,0.0864848612459685,0.9660443665826628,1.0,False
L82036,2,0.053497808706438,0.8388470677792194,1.0,False
L82038,3,0.2861018504559236,0.9996825742763148,1.0,False
L82039,2,0.0744907988520682,0.9563526999307028,1.0,False
L82041,3,0.1163815637774072,0.789890337032754,1.0,False
L82042,3,0.1814263902814172,0.9912531724749164,1.0,False
L82043,3,0.0313755450988554,0.5501763086669037,0.9,True
L82044,3,0.2899553402708718,0.9997615442002769,1.0,False
L82045,2,0.1050331898851057,0.9976951193837988,1.0,True
L82046,3,0.2734880663602696,0.9999108491660595,1.0,False
L82047,2,0.0411977551860335,0.9152879219410912,1.0,False
L82048,2,0.0974083762356287,0.98654443107123,1.0,False
L82049,3,0.0611821046879264,0.5933435180823587,0.9666666666666668,False
L82050,3,0.2579367853441272,0.9921208453891104,1.0,False
L82051,2,0.1004915572023923,0.9866104936712624,1.0,False
L82052,3,0.1631717691419568,0.9945521058101726,1.0,False
L82054,2,0.259839322492149,0.9990811617028584,1.0,False
L82056,2,0.0975642743102301,0.9687330223507642,1.0,False
L82057,2,0.137500231740397,0.986580604000886,1.0,False
L82058,2,0.2618603528122401,0.9728601168135588,1.0,False
L82059,2,0.0280937042168847,0.9087320327017684,1.0,False
L82061,2,0.0299718091414846,0.9039716434374928,1.0,False
L82066,3,0.1863279523924742,0.9925741601693208,1.0,False
L82068,2,0.1043089404812432,0.986773795271676,1.0,False
L82070,1,-0.0146123676960355,0.6604026992534174,1.0,False
L82620,3,0.1360219696414874,0.7527018385681955,1.0,False
L82622,2,0.1076332526478646,0.7737477000393114,1.0,False
L83002,3,0.2646883783278624,0.999731830394115,1.0,False
L83005,2,0.1669060037037106,0.9609117384609182,1.0,False
L83006,2,0.0684131407267907,0.9970246245788336,1.0,True
L83007,3,0.278511014464268,0.9998654655386676,1.0,False
L83008,3,0.3211065234606378,0.9999079839721512,1.0,False
L83010,2,0.2520037980545528,0.9964534103938248,1.0,False
L83011,2,0.0256939309666253,0.8304118572391929,1.0,False
L83012,2,0.1805101512881462,0.8631994241939104,1.0,False
L83013,3,0.2990784272367951,0.998366563843572,1.0,False
L83014,2,0.0419296270322911,0.9459664577580074,1.0,False
L83015,3,0.3022870614942363,0.999864570941874,1.0,False
L83016,2,0.1159318889903773,0.9829115366703288,1.0,False
L83019,3,0.2752516480221195,0.9999433171331208,1.0,False
L83020,3,0.2940385886572108,0.9999608673241156,1.0,False
L83021,3,0.1781494491284058,0.9873304101610187,1.0,False
L83023,2,0.2394852365650183,0.9996450320055464,1.0,False
L83024,2,0.2035164960991946,0.9964942425219664,1.0,False
L83025,3,0.2696179062848638,0.9996677547319682,1.0,False
L83026,2,0.126654971007245,0.8657163642997534,1.0,False
L83027,3,0.1296426104008897,0.8047472980974586,1.0,True
L83028,3,0.2101753925028396,0.9844041762282272,1.0,False
L83029,3,0.1745976274671241,0.927826644245291,1.0,True
L83030,3,0.0579599047818769,0.5497192896623609,0.8666666666666667,False
L83031,2,0.1251821590559181,0.9916435180127408,1.0,False
L83034,3,0.2473518271606243,0.9995446024998944,1.0,False
L83035,2,0.0638808475508946,0.9632477202380636,1.0,False
L83036,3,0.188754524148527,0.9888691548667388,1.0,False
L83038,3,0.1244912142919335,0.8470088632634323,1.0,False
L83039,3,0.0847733603771734,0.7569262431405182,1.0,False
L83040,2,0.166562424956736,0.995726837163203,1.0,False
L83041,2,0.2770642378149408,0.9996819797512596,1.0,False
L83042,3,0.2214400022884272,0.9871022204024796,1.0,False
L83043,3,0.2221112804390799,0.995550790980246,1.0,False
L83044,2,0.1535665092271959,0.9935131143879264,1.0,False
L83045,3,0.2878837474480141,0.9999824624064332,1.0,False
L83046,2,0.0927101803524209,0.9773328486465748,1.0,False
L83048,3,0.2962324184491094,0.99995637390494,1.0,False
L83049,2,0.1724008087088903,0.9932395675041756,1.0,False
L83050,2,0.2430060250678337,0.9993411500170816,1.0,False
L83051,3,0.1613647985560141,0.98120221039599,1.0,False
L83052,3,0.2306869786282084,0.9557411296727591,1.0,False
L83054,2,0.1139791022257669,0.976907358335317,1.0,False
L83055,3,0.0449700649311607,0.6444433169450107,1.0,True
L83056,3,0.0804724996919827,0.8314515008681188,1.0,False
L83057,3,0.1025607988479331,0.8843661738029474,1.0,False
L83058,3,0.0536069499758136,0.5242668820597857,0.6666666666666666,True
L83059,3,0.1681957602963593,0.9974891948254636,1.0,False
L83064,3,0.2991883272862015,0.9999867413061856,1.0,False
L83066,3,0.2021898404025737,0.9978309063697726,1.0,False
L83067,3,0.0675474278060195,0.6619381311676604,0.9666666666666668,False
L83069,2,0.2037378869237966,0.9973956957595383,1.0,False
L83070,2,0.1545236990724057,0.9920477457960158,1.0,False
L83071,1,0.0524862449619595,0.9999913562536348,1.0,False
L83072,3,0.215485960987442,0.6727056035110673,1.0,False
L83073,2,0.093665114941498,0.9779366962598874,1.0,False
L83075,2,0.1526406292734894,0.9662874489346048,1.0,True
L83076,2,0.2057674806222547,0.9992614947081284,1.0,False
L83077,3,0.1701949582353314,0.935428262823371,1.0,False
L83079,2,0.0105237694263985,0.900749853208188,1.0,False
L83081,3,0.2321302407270347,0.9999317213710108,1.0,False
L83082,2,0.1036304263635673,0.6223200597322952,0.9666666666666668,False
L83083,3,0.2716194593604168,0.9989685353605012,1.0,False
L83084,3,0.1104997981960498,0.8605899056145672,1.0,False
L83085,2,0.2053146184152383,0.9959607783608836,1.0,False
L83086,2,0.1537558175219487,0.9065937553971974,1.0,False
L83087,2,0.2409439882386725,0.9901263915567392,1.0,False
L83088,3,0.2994543023584154,0.9986976307610912,1.0,False
L83089,3,0.3208582077487751,0.9999793066947013,1.0,False
L83092,3,0.1739222411534973,0.9871416332397254,1.0,False
L83094,3,0.2161980166155877,0.998803314754386,1.0,False
L83096,2,0.12228372897593,0.9449419580309985,1.0,False
L83097,1,0.1283545351876882,0.999999333485592,1.0,False
L83098,3,0.0322905995026365,0.7631037634315463,1.0,True
L83099,3,0.2508282786127253,0.9991850305557316,1.0,False
L83100,3,0.2896207637785324,0.9997476902679632,1.0,False
L83101,2,0.0615928389179652,0.7734811907116961,1.0,False
L83102,2,0.0601039542165904,0.5935781404458131,0.9,False
L83103,2,0.1045584269210357,0.9957863350823106,1.0,True
L83105,2,0.0986357144203281,0.9521155645008814,1.0,False
L83106,2,0.0373644546394052,0.9248358472667936,1.0,False
L83111,3,0.3323958216819352,0.999959774053514,1.0,False
L83112,2,0.1927586133372764,0.658993574650243,0.9666666666666668,False
L83113,3,0.2919567618044861,0.999907295121798,1.0,False
L83115,3,0.1447525636679421,0.9317792370956004,1.0,False
L83116,3,0.2757498416504289,0.9982063177198586,1.0,False
L83118,1,-0.0733846705851409,0.9101957811155268,1.0,False
L83120,3,0.1488317177348424,0.9527003375187582,1.0,False
L83127,3,0.2019404911040498,0.9915422753545572,1.0,False
L83128,3,0.2770905538927203,0.9999670559615734,1.0,False
L83129,3,0.0395985267713072,0.512092112231551,1.0,True
L83131,3,0.3252890245113091,0.9998531947568584,1.0,False
L83134,2,0.1359221742381605,0.9015661982597214,1.0,False
L83136,3,0.0402852024987072,0.4313801168519567,0.9,True
L83137,3,0.0286570723738119,0.5452722642915332,0.8666666666666667,True
L83143,2,0.2021810828619429,0.9952786550927728,1.0,False
L83146,2,0.2480533543789619,0.7139032289854785,0.9666666666666668,False
L83147,3,0.3191762880729007,0.9999738856278048,1.0,False
L83148,2,0.1686902121866638,0.9987854215644916,1.0,False
L83607,3,0.1580594825071815,0.6654797778948289,1.0,True
L83624,3,0.1932773990112335,0.950459887480408,1.0,False
L83628,2,0.0808758664700438,0.9679577061968144,1.0,False
L83639,3,0.0297446133395608,0.49520937005696,0.7,False
L83646,1,-0.0468581778609239,0.8508184309983615,1.0,True
L83648,3,0.0755134816661737,0.9880713799024498,1.0,True
L83655,2,0.1493301794746713,0.8674824144634659,1.0,False
L83663,2,0.0228621703999514,0.904767995079906,1.0,False
L83666,2,0.0957960770638797,0.9904018187382204,1.0,False
L83673,3,0.0196824785831224,1.0,1.0,True
L84003,2,0.0349818956255117,0.9983274484314072,1.0,True
L84004,3,0.2616371888222505,0.9998855937067054,1.0,False
L84005,2,0.1703528325178217,0.931126284722792,1.0,True
L84006,2,0.0401989448437636,0.9460244262569208,1.0,True
L84007,2,0.1219265413219648,0.9708062786724893,1.0,True
L84008,2,0.0928944799934511,0.8265755112394799,1.0,True
L84009,2,0.0024617706211373,0.802218020709248,1.0,False
L84010,2,0.2057693099860775,0.9984369607476554,1.0,False
L84011,2,0.1371455406256091,0.7839244882297829,1.0,True
L84012,2,0.0561591191615669,0.9943667143316912,1.0,True
L84014,3,0.0050477355250412,0.9857466406170912,1.0,True
L84015,2,0.168154552313191,0.9983855274384412,1.0,False
L84016,2,0.0730444328977618,0.9984271341575612,1.0,True
L84018,2,0.1908501635383454,0.9978394068184616,1.0,False
L84021,3,0.0070483584403048,0.996276880150814,1.0,True
L84022,2,0.0304307142832096,0.932523202814006,1.0,False
L84023,3,0.172629233146602,0.9935586024521412,1.0,False
L84024,2,0.1546906259958977,0.8481646828023058,1.0,True
L84025,3,0.1042088123153228,0.6784924379500917,1.0,False
L84026,3,0.0958804137275932,0.5610575332687349,1.0,False
L84027,2,0.0353849440775044,0.9870095920517624,1.0,True
L84028,3,0.0329740121855487,0.9856335662517984,1.0,True
L84029,3,0.0679737129724492,0.9999993628603544,1.0,True
L84030,3,0.1847792850334971,0.9635721915220384,1.0,False
L84031,2,0.0570409980861889,0.9427796599549731,1.0,True
L84033,2,0.1431134714595607,0.8940964328338911,1.0,True
L84034,2,0.1739861761387798,0.960173874796642,1.0,True
L84036,2,0.1172064189956919,0.9676614807474664,1.0,False
L84037,2,0.1347638358756,0.8726543911762241,1.0,True
L84038,2,0.1618732086506478,0.8169062674805496,1.0,True
L84039,2,0.2125703815170545,0.81060788910251,1.0,True
L84040,2,0.1715543624791356,0.9900546385987946,1.0,True
L84041,2,0.1557431739421359,0.7626129825276098,1.0,False
L84043,3,0.0242383968298549,0.6219948160367679,0.8666666666666667,True
L84045,2,0.1746382945696234,0.9976742349105564,1.0,False
L84046,3,0.0234683476406277,0.9772667819356357,1.0,True
L84047,2,0.109427014076939,0.9918394770377482,1.0,False
L84048,3,0.2134096225992242,0.8095019393282356,1.0,False
L84049,2,0.1245384877089616,0.876897079487138,1.0,True
L84050,3,0.1363106128854923,0.953384872943954,1.0,False
L84051,2,0.0226576533886222,0.9576979306510808,1.0,True
L84052,3,0.0301318851837252,0.9886294039298552,1.0,True
L84053,2,0.2111420249378468,0.9750323521268166,1.0,False
L84054,3,0.1313063453972913,0.9144697643063956,1.0,True
L84058,2,0.1502431783918107,0.9951083732475158,1.0,False
L84059,3,0.1473755105286303,0.8788793179044997,1.0,False
L84060,3,0.2486264849746595,0.9993229470604712,1.0,False
L84063,2,0.2010104715023365,0.9001015861245212,1.0,True
L84065,3,0.1907962952632188,0.9971562474664936,1.0,False
L84067,2,0.0834542317099426,0.9722488148775046,1.0,False
L84068,2,0.0491261553287474,0.9595001873830014,1.0,True
L84072,3,0.1717300380658857,0.9796861291032468,1.0,False
L84075,2,0.200400834564209,0.9796546937651488,1.0,False
L84077,3,0.1386473961111002,0.9834076994536488,1.0,False
L84080,3,0.0157457872476351,0.9975044266926418,1.0,True
L84081,2,0.1119199470286369,0.9775778896787914,1.0,True
L84084,3,0.041876011196391,0.5514105530392723,0.7666666666666667,True
L84085,2,0.1028540465904412,0.9970033242587016,1.0,True
L84606,2,0.1035965036349563,0.9774400572415896,1.0,True
L84613,3,0.0767349004902655,0.996744447408114,1.0,True
L84617,2,0.1723779238663139,0.8411244038420529,1.0,True
L85001,2,0.1075028144999454,0.8753680820328382,1.0,False
L85002,2,0.0713395507603538,0.9684988289232352,1.0,False
L85003,3,0.1411525036917482,0.9974619342940904,1.0,True
L85004,3,0.032205243606178,0.7914482947641617,1.0,True
L85007,3,0.229476364871893,0.993865122026367,1.0,False
L85008,2,0.0518407198695277,0.9520368026611424,1.0,False
L85009,2,0.1831493346398359,0.9944957879894112,1.0,False
L85011,2,0.2730919936197157,0.9975074809414106,1.0,False
L85012,3,0.0326971468427439,0.7005801700080001,1.0,True
L85013,2,0.2474689339448691,0.9548176219897194,1.0,False
L85014,3,0.167877519372648,0.5187625222193476,0.7,False
L85015,2,0.1345258211812573,0.9965377842413506,1.0,True
L85016,2,0.0056105563778964,0.9912056116814284,1.0,True
L85017,3,0.0409830459110657,0.9999983994949756,1.0,True
L85018,2,0.121369795601667,0.7385856210390263,0.9666666666666668,False
L85019,3,0.1130593533532537,0.7234086198664023,1.0,False
L85020,2,0.1960307940776665,0.9970115920721064,1.0,False
L85021,2,0.0424388858707362,0.9332735353182586,1.0,False
L85022,1,0.1439333241744252,0.9914872718546428,1.0,False
L85023,2,0.0197408357308907,0.929025072454124,1.0,False
L85024,1,-0.0124307939067972,0.9958608561602912,1.0,False
L85025,2,0.0059017389704033,0.6330853989184322,0.9666666666666668,False
L85026,3,0.2178559311916825,0.9933491769446636,1.0,False
L85027,2,0.0958020596238399,0.9556259099500634,1.0,True
L85029,1,0.0709725007215353,0.7810052941403832,1.0,False
L85030,2,0.2065260314805552,0.9983278412639052,1.0,False
L85031,1,0.0252459064535546,0.9999836338541784,1.0,False
L85032,3,0.0727389779360282,0.9999897834749728,1.0,True
L85033,3,0.0181507570354519,0.6479178377055294,0.9666666666666668,True
L85034,3,0.1542532209459907,0.9432535088652014,1.0,False
L85035,2,0.205038155353579,0.9484192507232576,1.0,False
L85036,2,0.155314116316744,0.992544432930645,1.0,False
L85037,3,0.1438823060822363,0.945476088602667,1.0,False
L85038,3,0.2723993151697701,0.9995181049802307,1.0,False
L85039,2,0.2177560479207764,0.9978923341686932,1.0,False
L85040,1,-0.0384000349794222,0.999982470389129,1.0,False
L85042,2,0.082764846933695,0.9737866544556384,1.0,False
L85043,2,0.1576971855340586,0.9899432495116128,1.0,False
L85044,3,0.164184014321822,0.9796386070844024,1.0,False
L85046,3,0.3117207001522003,0.9999501930831696,1.0,False
L85047,1,0.0257696105498424,0.9999964549771068,1.0,False
L85051,2,0.0428961475414472,0.9510198757732304,1.0,False
L85052,2,0.1212411916645072,0.9844319637120982,1.0,False
L85053,3,0.2089928710302238,0.988997117121093,1.0,False
L85054,2,0.0804040201131095,0.965667500007799,1.0,False
L85055,3,0.1237543402467745,0.8049514933110643,1.0,False
L85056,2,-0.0073397871186647,0.8354569908424008,1.0,False
L85061,2,0.1088921607882358,0.908206123699628,1.0,False
L85062,2,0.3042974558870001,0.998649598042433,1.0,False
L85064,1,-0.0378188223473719,0.9994904662775204,1.0,False
L85065,2,0.2367868833643782,0.9795736379817944,1.0,False
L85066,1,0.0247046901028868,0.8074812064926197,1.0,False
L85601,3,0.0511929110729974,0.4690174580532255,0.9666666666666668,True
L85607,2,0.1188214380242908,0.9862437221524512,1.0,False
L85609,3,0.1474380602096293,0.9089397552959116,1.0,False
L85611,2,0.2694211990170336,0.9991426993303364,1.0,False
L85624,2,0.2512087916126415,0.9988282131981684,1.0,False
M81001,2,0.0964813346535016,0.9644293880516172,1.0,False
M81002,2,0.0276140816553591,0.912104595310198,1.0,False
M81004,3,0.0033662040244075,0.5370668538484686,0.9333333333333332,True
M81005,2,0.1625499172904477,0.9230167196049543,1.0,False
M81006,3,0.0244479352718219,0.5803010060531308,1.0,True
M81007,3,0.0169128788703358,0.6108958941959155,1.0,True
M81008,2,0.1095510540301584,0.9814806167851308,1.0,False
M81009,2,0.2386922999806288,0.9584029700833956,1.0,False
M81010,3,0.1538674066684474,0.9290737247799232,1.0,False
M81011,2,0.1531385499457674,0.9298788687881197,1.0,False
M81012,2,0.0147577921786108,0.8598202764104115,1.0,False
M81015,3,0.2140620605117352,0.99675952563889,1.0,False
M81016,2,0.2004577357087015,0.932821656419744,1.0,False
M81017,3,0.2327028503576649,0.9813825533209248,1.0,False
M81018,2,0.2062169358656582,0.9268627189780266,1.0,False
M81019,2,0.1213706066978733,0.9937967286187552,1.0,False
M81020,2,0.1400359232497355,0.9893698159450168,1.0,False
M81021,1,-0.0147675810023013,0.5574746120199985,0.9,True
M81022,2,0.1511087996256365,0.989856688731916,1.0,False
M81024,2,0.0373009587616366,0.8801694008123827,1.0,False
M81025,2,0.2004846353102249,0.9157772713551942,1.0,False
M81026,2,0.1649336753770724,0.9916329644812456,1.0,False
M81027,3,0.120931657566752,0.8453308460651208,1.0,False
M81029,2,0.1766861844976202,0.9887843902268506,1.0,False
M81032,3,0.2679187694086388,0.9994320156912644,1.0,False
M81033,2,0.098128316835191,0.971133053574106,1.0,False
M81034,3,0.0322694076332712,0.5078433574070012,0.9666666666666668,True
M81035,2,0.1186906336819101,0.9766506887274712,1.0,False
M81037,2,0.1700741881194888,0.9939233115464684,1.0,False
M81038,3,0.2804163747392461,0.9996879710511488,1.0,False
M81039,3,0.2293164042170451,0.9949910540979024,1.0,False
M81040,3,0.1285572825676109,0.9319559248502548,1.0,False
M81041,2,0.256926196525997,0.9680095001653808,1.0,False
M81042,2,0.1008156992192168,0.9680023562923986,1.0,False
M81043,3,0.0466698582118139,0.555357209679285,0.8333333333333334,False
M81044,3,0.1880229773268082,0.9767213625902572,1.0,False
M81045,2,0.1714063828614611,0.9967791107228398,1.0,False
M81046,3,0.1699077299952309,0.9840505573903648,1.0,False
M81047,2,0.1995540543814653,0.979466800893832,1.0,False
M81048,3,0.1156321106745945,0.9154964681565958,1.0,False
M81049,2,0.184269774186422,0.9935528152462956,1.0,False
M81054,2,0.2234688045319309,0.9981019944477898,1.0,False
M81055,3,0.1493511249480409,0.8980598569465942,1.0,False
M81056,3,0.1148700825158424,0.8387641082835322,1.0,False
M81057,3,0.2249479283077001,0.9956477402135712,1.0,False
M81058,3,0.0895484641099577,0.9280670199874004,1.0,True
M81061,2,0.145662793095361,0.990555560862718,1.0,False
M81063,3,0.2578823968501909,0.9992436674932929,1.0,False
M81064,2,0.0974507153377651,0.991924188690508,1.0,False
M81066,3,0.224992569292283,0.9481607265949532,1.0,False
M81067,2,0.2780640642920298,0.9979414774822226,1.0,False
M81068,3,0.0634890761128181,0.501008956204253,0.7333333333333333,True
M81069,3,0.1316589064441747,0.5639026973410936,0.9333333333333332,False
M81070,3,0.2039134961093596,0.9830382309669184,1.0,False
M81072,3,0.2449080938960678,0.9694190182613208,1.0,False
M81074,3,0.1665441794058291,0.965466624138858,1.0,False
M81075,3,0.1208061767331587,0.905878195195742,1.0,False
M81076,3,0.2901378402231597,0.9992741957710672,1.0,False
M81077,3,0.0287489282320823,0.6383864530229252,0.9666666666666668,True
M81078,3,0.0278216658778936,0.4726479341702396,0.9333333333333332,True
M81081,2,0.2177527846810918,0.9989347138193412,1.0,False
M81082,2,0.1923737221738484,0.5341617145134232,0.6666666666666666,True
M81083,3,0.148908767874818,0.8903992277996914,1.0,False
M81084,2,0.1652633756740116,0.921841730153727,1.0,False
M81090,3,0.0039935447464151,0.806002861428279,1.0,True
M81091,2,0.0622079691854606,0.6163497773653773,0.9666666666666668,True
M81092,3,0.1175082738900051,0.5151335634555195,0.8333333333333334,True
M81093,3,0.1802538793041433,0.9860511993310184,1.0,False
M81094,2,0.0652884497150417,0.9435854574753576,1.0,False
M81600,3,0.2350903614284391,0.999535102370866,1.0,False
M81604,3,0.1805597610308887,0.9879362068784344,1.0,False
M81605,1,-0.0101937371631783,0.9948566871361008,1.0,False
M81608,3,0.0835580750381998,0.6553714514953578,1.0,False
M81616,1,0.010741450179232,0.9940342589474864,1.0,False
M81617,3,0.1022318241582057,0.6907614675906416,1.0,False
M81627,3,0.0787995846864789,0.4051416232263952,0.6666666666666666,False
M81629,3,0.1538625536094892,0.94282538876131,1.0,False
M82002,2,0.1769668551862567,0.9289660631841355,1.0,False
M82003,1,0.0054011299710319,0.4283676465391817,0.4,False
M82004,2,0.2695463378323209,0.9961532172261816,1.0,False
M82005,2,0.1380459549431477,0.9925266705610302,1.0,False
M82006,3,0.1656282946318315,0.9595397321596426,1.0,False
M82007,2,0.2363113264254161,0.5471112738370849,0.7,True
M82008,2,0.063745441102228,0.9828134769719188,1.0,False
M82009,3,0.2164319659089287,0.975596544070092,1.0,False
M82010,2,0.0964408214412818,0.9899488190849308,1.0,False
M82011,3,0.0787882873802044,0.7142914358405513,1.0,True
M82012,1,-0.0603470197898291,0.3820082875221957,0.4,True
M82013,3,0.1082504286682164,0.5498745100725058,1.0,True
M82014,3,-0.0040162223129663,0.6728212429729935,1.0,True
M82016,3,0.1164135838348167,0.8544670803488574,1.0,False
M82017,2,0.2201232479485569,0.9993458022039524,1.0,False
M82018,3,0.1191972674804577,0.950276747943644,1.0,False
M82019,3,0.2727063708492265,0.9997981733915696,1.0,False
M82020,2,0.2502617727977142,0.9988454177297004,1.0,False
M82021,3,0.1012633452950093,0.6247180798210588,0.9666666666666668,False
M82022,2,0.1580773440202208,0.9933743553053344,1.0,False
M82023,2,0.288067017686379,0.9994103252629996,1.0,False
M82024,2,0.1499946689264243,0.898735424619617,1.0,False
M82025,3,0.1097927204965863,0.6247945740715226,0.8666666666666667,False
M82026,3,0.2811643287744663,0.9989195092051232,1.0,False
M82028,3,0.0784513564408729,0.736148836730793,1.0,False
M82030,2,0.2046800676221679,0.977305209493164,1.0,False
M82032,3,0.0910773784504479,0.6080973120997125,0.9333333333333332,False
M82033,2,0.2055506476082369,0.9898108114701448,1.0,False
M82034,2,0.0807679507355847,0.8587021935435264,1.0,False
M82035,3,0.0628600097029719,0.5518386536536883,0.7,False
M82038,3,0.2449757228160026,0.9963280757129932,1.0,False
M82039,3,0.3115400134827172,0.99907958163725,1.0,False
M82040,2,0.0771706926029282,0.9740990403416456,1.0,False
M82041,1,-0.0515247422376131,0.6374018241548312,1.0,False
M82042,2,0.1221059227019707,0.9825684864963607,1.0,True
M82043,2,0.0616364619044208,0.8534603149136749,1.0,True
M82046,1,0.0003594443694213,0.9989884059022148,1.0,False
M82047,3,0.2322734419945754,0.9985620497726466,1.0,False
M82048,2,0.1451842695385855,0.5072005929195089,0.6,True
M82051,2,0.1956210964378364,0.9828461681969184,1.0,False
M82056,2,0.0757074655063443,0.9504973229974888,1.0,False
M82057,1,-0.0012587517549347,0.9948887638362514,1.0,False
M82058,3,-0.003794312357122,0.780361553493932,1.0,True
M82059,3,0.1901730135586426,0.9982311896333116,1.0,False
M82060,2,0.1003744115726351,0.6140088421843504,0.9666666666666668,True
M82601,2,0.2038032550227308,0.996472976169665,1.0,False
M82606,2,0.1238260147185418,0.9421862930242187,1.0,False
M82616,2,0.2069875423235307,0.9919059711232288,1.0,False
M82620,2,0.1852257946728701,0.954343513185227,1.0,False
M83001,2,0.1834735245464814,0.7869680214238204,1.0,True
M83004,3,0.2012722879877348,0.988461709961413,1.0,False
M83005,2,0.0463801692236209,0.9940332311374862,1.0,True
M83006,2,-0.0032184951144156,0.8590122310151767,1.0,False
M83007,2,0.0351768264452685,0.873472557830161,1.0,False
M83009,1,-0.0198225879159262,0.9466058914232915,1.0,False
M83010,1,0.0976705003040102,0.8122426114306016,1.0,False
M83011,3,0.1836852430804679,0.9820696339229874,1.0,False
M83012,2,0.0826049836751457,0.9790221300269426,1.0,False
M83013,2,0.2715702939385048,0.9685538646866724,1.0,False
M83014,3,0.2752289513848515,0.9996616008666976,1.0,False
M83015,2,0.1043225794431911,0.9855882314174982,1.0,False
M83016,2,0.2142966618246988,0.9824802470179372,1.0,False
M83017,2,0.1581629930852189,0.9743348413943392,1.0,False
M83018,3,0.1961502035864335,0.996038733582006,1.0,False
M83020,2,0.1657430034525578,0.959470155563901,1.0,False
M83021,1,-0.0085569759502522,0.999985795542807,1.0,False
M83022,2,0.1604145807719267,0.9915133122794554,1.0,False
M83023,3,0.1999870970134336,0.9954681096917586,1.0,False
M83024,3,0.0160660600049902,0.4073714458825331,0.6666666666666666,True
M83025,1,-0.0571690709001568,0.5724456000404912,0.9,True
M83026,2,0.0388766576207711,0.7723606433947162,1.0,True
M83027,3,0.0447353609050298,0.5174318119507804,0.5,False
M83028,3,0.2569877840717062,0.9993173275959852,1.0,False
M83030,2,0.1561313149088987,0.9905989298731364,1.0,False
M83031,2,0.2662786860030519,0.9873545366161292,1.0,False
M83032,2,0.0552689952627546,0.9050813230500264,1.0,False
M83033,1,-0.0734694302966436,0.6986030261402131,1.0,False
M83034,2,0.1084490264468389,0.969471813168997,1.0,True
M83035,2,0.1097750869619386,0.9701910623344218,1.0,False
M83036,2,0.1551785547200737,0.6534952351978678,0.9666666666666668,True
M83037,3,0.0525475650293939,0.39717363115565,0.8333333333333334,True
M83038,2,0.1442474181675898,0.9677082634799496,1.0,True
M83042,3,0.1169847474616944,0.88478044399215,1.0,False
M83044,3,0.1177993258828662,0.9003973378846726,1.0,False
M83045,2,0.1504265253642282,0.995698354003466,1.0,False
M83046,3,0.0754042279415869,0.567981106535073,0.9333333333333332,False
M83047,2,0.0156957833429541,0.8137164416410241,1.0,False
M83048,2,0.2314692635323532,0.9336732903091048,1.0,False
M83049,3,0.0904437056492356,0.5798760203844961,1.0,False
M83050,2,0.2388842721665725,0.9863057648380156,1.0,False
M83051,3,0.2019266632138318,0.9581593244730178,1.0,False
M83052,2,0.2738180042299147,0.9707195225384794,1.0,False
M83054,3,0.1058836994590446,0.7552899650870449,1.0,False
M83056,3,0.19707308186917,0.9943862704424102,1.0,False
M83057,2,0.1701517321005168,0.9934329572122126,1.0,False
M83059,1,-0.0257540623886164,0.9648208394374306,1.0,False
M83061,3,0.0092129843886889,0.9982198424160916,1.0,True
M83062,2,0.13557818319567,0.873713120218409,1.0,False
M83063,2,0.0568076246850158,0.8214338861933617,1.0,True
M83065,3,0.1853185918529752,0.5007540114706025,0.4333333333333333,False
M83066,3,0.2418025925186477,0.9996883453387324,1.0,False
M83067,2,0.1966205070881213,0.6683031273283068,0.9666666666666668,True
M83068,3,0.2233832191536182,0.997185094989532,1.0,False
M83069,2,0.1053419074609066,0.9537211808949282,1.0,False
M83070,3,0.1071328586247352,0.7253132691658408,1.0,False
M83071,3,0.3423637439582478,0.9999262461610078,1.0,False
M83072,2,0.1590348698197955,0.9954626365170568,1.0,False
M83073,2,0.0049969517146577,0.897028045300407,1.0,False
M83074,3,0.2098852737174677,0.981518828142368,1.0,False
M83075,1,-0.0056873743850712,0.8332781847954605,1.0,False
M83076,1,0.0026786682499969,0.7146400869657494,1.0,False
M83079,2,0.1165041150779138,0.9795198862684178,1.0,False
M83084,2,0.0268223168186058,0.8318005530543924,1.0,False
M83088,2,0.0908690883823892,0.9752949620883152,1.0,True
M83089,2,0.1798001676900567,0.9845942835615792,1.0,False
M83090,1,0.1062023070605031,0.9842486076369537,1.0,False
M83092,2,0.0974651233098411,0.9854522785459426,1.0,False
M83093,3,0.2112833567897475,0.9939399084271318,1.0,False
M83094,1,-0.0436592235576763,0.957857993160455,1.0,False
M83096,1,-0.0170650122047183,0.6638904038956515,1.0,False
M83097,2,0.2305088944418511,0.9934331459937809,1.0,False
M83100,1,-0.0460703652913826,0.6470067675296391,0.9666666666666668,True
M83102,2,0.1300937741688918,0.9967995597015606,1.0,True
M83103,2,0.0137073234439714,0.7868610532612286,1.0,False
M83107,1,-0.0443014548185007,0.5852392945343435,0.9,False
M83108,2,0.2607429030553218,0.9955945666114836,1.0,False
M83109,3,0.1651963096499598,0.5385508110250203,0.8,False
M83110,1,0.1439273249931562,0.9656126686519518,1.0,False
M83111,1,0.1696578888095008,0.9999748648915298,1.0,False
M83113,1,0.172019008107831,0.995724838970494,1.0,False
M83117,3,0.2384536450943443,0.996255436071672,1.0,False
M83121,2,0.0691897141089737,0.6199080307303999,0.9,True
M83122,2,0.1966429639162514,0.7772195818152805,0.9666666666666668,False
M83123,2,0.0926350643582719,0.9812907991253784,1.0,True
M83125,2,0.0860498083098429,0.941919606377213,1.0,True
M83126,2,0.039165001000796,0.7402921518857473,1.0,False
M83127,2,0.134652151414773,0.6774291996458537,1.0,True
M83129,2,0.1145938118147925,0.9877268272324852,1.0,False
M83130,3,0.1334181967052533,0.8378892065339755,1.0,False
M83132,2,0.1241647545214916,0.9377130961184814,1.0,True
M83138,3,0.0235258314832412,0.9961955384304956,1.0,True
M83139,2,0.1790864288466968,0.65561781014495,0.9333333333333332,False
M83140,2,0.1373416030459483,0.9790737331063868,1.0,False
M83141,3,0.1244112035318376,0.8346386925775665,1.0,False
M83143,1,0.0061461494969787,0.9575398133620526,1.0,False
M83146,3,0.0326545010302887,0.973955878931423,1.0,True
M83148,3,0.3215378070503399,0.9999612771449128,1.0,False
M83601,3,0.0328497128214446,0.5621736942506572,1.0,True
M83608,3,0.1469745137170716,0.9013100612299076,1.0,False
M83616,3,0.1809827008296021,0.514934003329277,0.6333333333333333,True
M83617,2,0.116670060162564,0.7965810602629179,1.0,False
M83619,1,-0.0389254258205404,0.685394051042312,1.0,False
M83624,1,-0.0508709743278566,0.8103673851546731,1.0,False
M83625,1,0.0186116844023928,0.916516627999608,1.0,False
M83627,1,0.03455299731072,0.7107671293917717,1.0,False
M83632,1,-0.0760589327554416,0.6430723867488326,0.9666666666666668,True
M83637,2,0.1479457653640439,0.9073768241503976,1.0,False
M83638,2,0.3007467373198266,0.9820702056194278,1.0,False
M83640,3,0.2367523417608632,0.9844510809178426,1.0,False
M83641,2,0.0093257233876984,0.9858317004316346,1.0,True
M83650,2,0.1409837619610971,0.7256478792627492,0.9666666666666668,False
M83661,1,0.0683901140462494,0.9789747874396362,1.0,False
M83668,1,-0.0432263508999283,0.9989133779802284,1.0,False
M83670,1,-0.0280594936099618,0.9352007168549752,1.0,False
M83680,3,0.0449901371466592,0.5190066482987442,0.5333333333333333,False
M83681,1,0.1659373176402516,0.9999999990369196,1.0,False
M83682,2,0.0903322603991811,0.6095615910203659,0.9666666666666668,False
M83691,2,0.145852560605077,0.9425074957580852,1.0,False
M83693,3,0.3154110233824874,0.9996631406186652,1.0,False
M83697,1,0.1803192631676477,0.9998486894227055,1.0,False
M83698,3,0.118863984392307,0.6674742243015935,1.0,False
M83701,2,0.1402667772376257,0.9164978835532503,1.0,False
M83703,2,0.1080742491548243,0.9918318521875408,1.0,False
M83709,2,0.1940169240313043,0.6071989088366796,0.8333333333333334,True
M83711,2,0.2515944550084675,0.9177585296914448,1.0,False
M83713,2,0.0956922785730396,0.8736038795416572,1.0,False
M83715,2,0.0869954352608304,0.9130917903742976,1.0,True
M83717,1,0.049398192784123,0.9964627559298892,1.0,False
M83718,1,0.1237959864848611,0.981530637047221,1.0,False
M83719,2,0.1278217237414659,0.5552699501724857,0.7333333333333333,True
M83723,1,-0.0526504172216968,0.6408897776269509,1.0,True
M83725,1,0.0771006765485659,0.9999913315764364,1.0,False
M83727,1,-0.0678750228514186,0.9726388119696324,1.0,True
M83738,2,0.1965436814692306,0.9662070369964556,1.0,True
M84001,3,0.0866314173526849,0.4975146263505184,0.5666666666666667,False
M84002,2,0.1083743905343378,0.9796089556432268,1.0,False
M84003,1,-0.0358477990038516,0.5334922712722385,0.9666666666666668,False
M84004,1,-0.0323383832296393,0.9921020322123444,1.0,False
M84005,3,0.1910146516366875,0.9064942797806138,1.0,False
M84006,2,0.0057967073002059,0.9994204151658376,1.0,True
M84007,3,0.1883535646201293,0.9342188298168008,1.0,False
M84008,3,0.1334812788276106,0.4997409589903532,0.5666666666666667,True
M84009,3,0.0867877828660517,0.5588271562031233,1.0,True
M84010,3,0.2795379847249074,0.9975370154495544,1.0,False
M84011,2,0.0620073664473681,0.8863349154611195,1.0,False
M84012,3,0.3011022594496433,0.9997955011240436,1.0,False
M84013,3,0.1902552894183752,0.9699210839635912,1.0,False
M84014,3,0.2689535251670831,0.9978645075658372,1.0,False
M84015,3,0.1061730370652964,0.6349948369482438,1.0,False
M84016,2,0.1266150216268753,0.7447398428110068,1.0,True
M84017,3,0.174214164688209,0.6853700676955755,1.0,False
M84018,3,0.2610029530491755,0.99893968803032,1.0,False
M84019,1,-0.0452763465096184,0.9517407458911116,1.0,True
M84020,3,0.2305874690889034,0.9959081875761892,1.0,False
M84021,3,0.2384490617335401,0.9395165356650717,1.0,False
M84022,3,0.1310455632183998,0.6749559650454442,1.0,False
M84023,3,0.2819116959918413,0.999728169063664,1.0,False
M84024,2,0.0906467643625565,0.8601632315148265,1.0,False
M84025,2,-0.0044007658589943,0.7296057271826683,1.0,False
M84026,2,0.0269466104138697,0.8891244940821315,1.0,False
M84028,3,0.2296875201607423,0.9928648885096656,1.0,False
M84029,2,0.0887656477993352,0.9754721271845672,1.0,False
M84030,3,0.1617210495976437,0.9467301622333611,1.0,False
M84031,3,0.1339878193013124,0.9097742782029352,1.0,False
M84032,2,0.2542341505278845,0.9951507274574418,1.0,False
M84035,3,0.1651921253049355,0.9823882074129396,1.0,False
M84036,3,0.1950145680597828,0.9787463833130452,1.0,False
M84037,1,-0.0050236204312336,0.8903205483342834,1.0,True
M84040,3,0.0989876168562898,0.8690601223390987,1.0,True
M84041,3,0.2338732825726245,0.988079121426304,1.0,False
M84042,3,0.1021501339540089,0.6301065770772616,1.0,False
M84043,1,-0.0491095833692114,0.4584953251541666,0.7,True
M84044,1,0.0548930096322725,0.6387727045757994,0.9666666666666668,True
M84046,2,0.1838399766840728,0.9906203416182796,1.0,False
M84047,3,0.1986392785729305,0.9838367887918148,1.0,False
M84049,2,0.1498728020201153,0.9890673116608272,1.0,False
M84050,3,0.1974410272281311,0.96607811270263,1.0,False
M84051,2,0.1572469755168134,0.6537223407102613,0.9333333333333332,False
M84055,1,0.0673047339771099,0.9997652165391476,1.0,False
M84059,3,0.2405531625723708,0.8191166274337641,1.0,False
M84060,1,-0.0338810496730338,0.6698295702282121,1.0,False
M84061,2,0.0863782416339115,0.6753739729535457,0.9666666666666668,False
M84062,1,0.0320255908931508,0.5329029498179416,0.8666666666666667,True
M84063,3,0.099246531697439,0.6143918931314866,0.8666666666666667,False
M84064,3,0.1000105519544969,0.9933202947619876,1.0,True
M84065,3,0.0996332143110337,0.563715402683257,0.9333333333333332,False
M84066,3,0.231886705005035,0.994538306831378,1.0,False
M84067,2,0.1423107384556953,0.9660790934439571,1.0,False
M84069,1,-0.0725106073402306,0.9215330037596392,1.0,True
M84070,3,0.2049515324054896,0.991784376658685,1.0,False
M84609,3,0.2811014323248202,0.9961292890967098,1.0,False
M84612,1,0.1634448964212512,0.9995855303477276,1.0,False
M84615,1,-0.0517206013952558,0.7450812820625339,1.0,False
M84616,3,0.1019638724827754,0.6027313871984942,1.0,True
M84618,2,0.023217803770592,0.9417148468212558,1.0,True
M84620,2,0.2821706627392228,0.9934617758862516,1.0,False
M84621,1,0.0677413213890614,0.9312778016276436,1.0,False
M84627,1,0.0043826218622294,0.6529774314041032,0.9666666666666668,True
M84629,1,-0.0715657023986507,0.6272130988951155,0.9666666666666668,True
M85001,2,0.1201341850202769,0.7295258560431409,1.0,False
M85005,1,-0.0337838782551953,0.9003113318790963,1.0,False
M85006,1,-0.0073315867141438,0.5112388732651625,0.4333333333333333,False
M85007,2,0.067426575073061,0.8948865252743301,1.0,False
M85009,1,0.1474868677195942,0.996803952462266,1.0,False
M85011,2,0.0484840620796394,0.924938071912564,1.0,False
M85013,3,0.0029284316527325,0.9999266248067412,1.0,True
M85014,3,0.1047635563725727,0.6215862585287302,1.0,False
M85016,1,-0.0637507633233177,0.5152937238684894,0.7666666666666667,True
M85018,3,0.2067401926994558,0.985072633638405,1.0,False
M85019,3,0.1024734753601804,0.8459358175629983,1.0,False
M85020,1,0.0650024242127399,0.9960464003220048,1.0,False
M85021,3,0.1015136012511173,0.7242216586811806,1.0,False
M85023,1,0.1454591654080573,0.9777639880067646,1.0,False
M85024,1,0.1416381886978004,0.9999317270556948,1.0,False
M85025,1,0.1612163469306081,0.9997861522589012,1.0,False
M85026,2,0.1371902496279016,0.9866584215746672,1.0,False
M85027,3,0.0758217242814962,0.5100422873285866,0.9333333333333332,False
M85028,2,0.0141887415811217,0.8726230284386287,1.0,False
M85029,2,0.1140713903576995,0.995290949008902,1.0,False
M85030,3,0.1994067953993804,0.7928715846034711,1.0,False
M85031,1,0.0026119460017206,0.8766393640866107,1.0,False
M85033,2,0.1976892787783785,0.831377264769713,1.0,False
M85034,1,0.0688423578119076,0.9999999993144436,1.0,False
M85035,3,0.1432276501036385,0.5546872256352869,0.7666666666666667,False
M85037,2,0.2529709639168652,0.99429395255107,1.0,False
M85041,1,0.1060723118110386,0.8853223639738234,1.0,False
M85042,1,-0.0849518779153812,0.966785592985916,1.0,True
M85043,3,0.0073511720158184,0.821636601053486,1.0,True
M85046,3,0.1019606872188569,0.715159425384215,1.0,False
M85047,3,0.0134548723691397,0.5376976667362874,1.0,True
M85048,2,0.0548592248027131,0.9492089721089648,1.0,True
M85051,3,0.0140036669067325,0.7873373550780941,1.0,True
M85053,1,0.1889220283959992,0.9998400479519186,1.0,False
M85055,3,0.1539743976086154,0.8486808625371619,1.0,False
M85056,1,0.0786623325697297,0.86849680769392,1.0,False
M85058,1,-0.0346426696939125,0.9999758301243123,1.0,False
M85060,3,0.0527803772870528,0.5950245767633593,0.9333333333333332,True
M85061,1,0.022008178221228,0.9999999999999964,1.0,False
M85062,3,0.1666668783925405,0.9940803486579428,1.0,False
M85063,3,0.0367711529312058,0.9987963505799876,1.0,True
M85066,1,0.003552262224478,0.9993916757380672,1.0,False
M85070,1,0.0585799198205847,0.9738504735040924,1.0,False
M85071,1,0.0223211384481988,0.768074831303023,1.0,True
M85074,1,0.0645007100741848,0.8872093296211532,1.0,False
M85076,1,-0.0885318490567618,0.8698817602306097,1.0,True
M85077,1,-0.0330592392183158,0.4463086978016048,0.3666666666666666,False
M85078,1,-0.0602637149775817,0.5770870435251064,1.0,True
M85079,2,-0.0009474210592326,0.8786992234729568,1.0,False
M85081,2,0.0528959237428407,0.9479383763174036,1.0,False
M85082,3,0.1156073840510536,0.99999994515713,1.0,True
M85084,1,-0.0515005121563814,0.983555780454371,1.0,False
M85086,1,0.0337700726033648,0.5664475542024272,0.9,True
M85087,3,0.0867022163844256,0.7765311429453838,1.0,False
M85088,2,0.0685166702792067,0.9998860864283609,1.0,True
M85094,3,0.1818912235759683,0.9989482536648157,1.0,True
M85097,1,0.1069365430784916,0.997188184296566,1.0,False
M85098,1,0.1440119647367752,0.9999999999997442,1.0,False
M85105,3,0.3367289996909045,0.999484146633174,1.0,False
M85107,1,-0.0158380798428541,0.5976925864909882,0.9333333333333332,False
M85108,3,0.2373249936218156,0.5677939909135393,0.7333333333333333,False
M85110,2,0.0674377979406073,0.999504656138064,1.0,True
M85113,1,0.0980600999341433,0.9998369813732086,1.0,False
M85115,3,0.0626347774261843,0.999998968631714,1.0,True
M85116,3,0.19092345398436,0.7724493521977511,1.0,False
M85117,3,0.318665815408193,0.9999407297398432,1.0,False
M85118,2,0.1088613082249553,0.7253499011982046,0.9666666666666668,False
M85123,1,0.1642361267956941,0.9999984046074076,1.0,False
M85124,1,0.1007710795226731,0.9970750187120112,1.0,False
M85128,2,0.1044183983485605,0.9372595429590322,1.0,False
M85136,1,0.1169249525924974,0.9704257043614762,1.0,False
M85139,1,-0.0328290740743582,0.9980249059523972,1.0,False
M85141,1,-0.0288043727336637,0.9950504466632828,1.0,False
M85143,3,0.2196285924296697,0.9962489126259568,1.0,False
M85145,1,0.0164718233005285,0.9994575796917612,1.0,False
M85146,1,0.0429340115088513,0.9999633903060562,1.0,False
M85149,1,0.0020270711514782,0.9999993449833132,1.0,False
M85153,1,0.0431279270412551,0.9997223093819634,1.0,False
M85154,1,0.0028002991449391,0.9790298506550588,1.0,False
M85155,1,-0.022482584928512,0.9217605072656484,1.0,False
M85156,1,0.0874711226550792,0.8498853699747675,1.0,False
M85158,2,0.1299036288136007,0.9339882214177452,1.0,True
M85164,1,0.0920008596204969,0.9999994533475134,1.0,False
M85167,1,-0.0468863026581079,0.5931278776128871,0.9666666666666668,False
M85170,1,-0.0188868639517917,0.9869168895345356,1.0,False
M85171,1,0.0911999545357627,0.8588805388551328,1.0,False
M85172,2,0.0639761878532371,0.9642229687497618,1.0,False
M85174,3,0.2963169650069025,0.9406731326916562,1.0,False
M85175,1,-0.0285670803734846,0.8398272989995901,1.0,False
M85176,1,0.0864024441476608,0.999991079152189,1.0,False
M85177,3,0.0010801399228191,0.5718076150524803,0.9666666666666668,True
M85178,1,0.2104322206224878,0.9999673354801824,1.0,False
M85179,3,0.0188854686776831,0.8213217390157895,1.0,True
M85600,2,0.0696966516800794,0.6789518579173124,1.0,False
M85624,1,-0.0221506774682893,0.94118760005821,1.0,False
M85634,1,0.0259245005509911,0.8791963297558849,1.0,False
M85642,1,0.1334599940395467,0.9995257833949796,1.0,False
M85669,1,0.1914779686368706,0.9996953706826662,1.0,False
M85670,3,0.0762647792621135,0.9999905847939804,1.0,True
M85676,1,0.1538857060233993,0.9891259696791552,1.0,False
M85679,2,0.012231956303181,0.991112703785174,1.0,True
M85680,1,0.0751383216140967,0.9999990974586292,1.0,False
M85684,1,0.0639756769630077,0.9987023648926482,1.0,False
M85686,3,0.1236115966884949,0.9999131170482058,1.0,True
M85693,2,0.2137006377807157,0.907860158396188,1.0,False
M85694,1,0.082000701161462,0.9999999988781312,1.0,False
M85697,3,0.2306254735584177,0.8359986895825274,1.0,False
M85699,3,0.1143781265890311,0.9999999297469226,1.0,True
M85701,1,0.0107711327574999,0.94412169564396,1.0,False
M85706,1,0.0905177201719916,0.999999998412374,1.0,False
M85711,1,0.1825613403935434,0.99999999252082,1.0,False
M85713,3,0.0547570166150565,0.9999972613702772,1.0,True
M85715,3,0.1197062581041873,0.9979485090478228,1.0,True
M85716,1,-0.0347331739626006,0.9831368235583188,1.0,False
M85717,1,0.0626710088067741,0.6618288025108153,1.0,False
M85721,1,0.0408274216910648,0.999999791730055,1.0,False
M85722,1,0.1452685097493581,0.9999869522634977,1.0,False
M85730,1,0.0115928123651214,0.9999999524539878,1.0,False
M85732,1,-0.0517859157298233,0.6477749879069569,1.0,True
M85733,1,0.0373994276045218,0.757307931589247,1.0,True
M85735,1,0.034107491364648,0.9999996327038438,1.0,False
M85736,3,0.2717628726015339,0.9977888486162956,1.0,False
M85739,1,0.102853894693817,0.9859460932697408,1.0,False
M85746,1,-0.0096610518863844,0.8230139663766628,1.0,False
M85749,3,0.1623332527388873,0.9997418759995158,1.0,True
M85756,1,0.1535313762757091,0.9999350251436592,1.0,False
M85757,1,0.1479699777253878,0.9999993491715268,1.0,False
M85759,1,0.0974219821897511,0.9444601931958156,1.0,False
M85766,3,0.0841474030677644,0.5825844834097768,1.0,True
M85770,1,0.1220887912899785,0.9948462110381298,1.0,False
M85774,1,0.0032259816642626,0.9999409600147572,1.0,False
M85778,1,0.0927361027818861,0.9999998218834012,1.0,False
M85779,1,0.0162033920089132,0.9997560412037068,1.0,False
M85781,1,0.1185221080253167,0.9474163876410392,1.0,False
M85783,1,-0.0409212081309365,0.9939003743506964,1.0,False
M85792,1,0.1609839048442312,0.9895691194368952,1.0,False
M85794,1,0.0129152899109888,0.9999999346324792,1.0,False
M85797,1,0.0294612116654627,0.9999983516628368,1.0,False
M85803,3,0.0910597824482832,0.9999663108590856,1.0,True
M86001,1,0.0363268762115384,0.9999661948593992,1.0,False
M86002,1,0.0559170966926286,0.9937109423083322,1.0,False
M86003,1,-0.0223099044876237,0.9999902419663655,1.0,False
M86004,2,0.099610972894436,0.972221318769432,1.0,True
M86005,1,0.0798499036245734,0.9999965206466356,1.0,False
M86006,1,-0.040957987163772,0.9996921720462568,1.0,False
M86007,3,0.014602190179554,0.783025552696254,1.0,True
M86008,2,0.0653099884929623,0.9876732192394028,1.0,True
M86009,1,0.1172633229861218,0.999306177729016,1.0,False
M86010,1,-0.0459960178602828,0.5333201247341867,0.8666666666666667,False
M86012,3,0.2399621116874319,0.8066885988506686,1.0,True
M86014,2,0.111164616210657,0.8071444099732703,1.0,False
M86015,1,0.11723095081419,0.8450726706026392,1.0,False
M86016,1,0.1445569229478832,0.9999993299395136,1.0,False
M86017,3,0.3005820466222033,0.9998035623046486,1.0,False
M86018,2,0.0775166785205959,0.9679138197003592,1.0,True
M86019,1,0.133937085449683,0.9999528327140188,1.0,False
M86020,2,0.0952622982886912,0.9888144261386322,1.0,True
M86021,2,0.0251892592335994,0.8014288333424858,1.0,True
M86027,1,0.1769911542324666,1.0,1.0,False
M86028,3,0.0743569136148965,0.9999699726920744,1.0,True
M86029,1,-0.0729779037910107,0.7334798194165155,1.0,True
M86030,1,-0.014288384709999,0.9917238669800762,1.0,False
M86032,1,0.0704062670672335,0.9999994942524992,1.0,False
M86033,1,0.0118172408752906,0.9842127639869128,1.0,False
M86034,3,0.1815623804092448,0.979686354444132,1.0,False
M86035,1,-0.0147949209590022,0.8742448080278373,1.0,False
M86037,1,-0.0492770486200875,0.9991661096610828,1.0,False
M86038,3,0.1364213902916669,0.555137470292895,0.8,False
M86039,1,0.0440359093492886,0.997751747968636,1.0,False
M86040,1,-0.0323858092465827,0.9996804185365036,1.0,False
M86041,1,-0.0151133870430077,0.9986643778759404,1.0,False
M86044,3,0.2300021707092802,0.9482238255058956,1.0,True
M86045,1,0.0449629790024952,0.999985911868024,1.0,False
M86046,1,0.0356718605107278,0.9999848535209946,1.0,False
M86048,3,0.2597447642451391,0.9957200412404528,1.0,False
M86605,1,0.0973510207679349,0.9726880438959165,1.0,False
M86610,1,0.1569667589289594,0.99999824984333,1.0,False
M86612,1,0.1794198202841728,0.9999999978048706,1.0,False
M86617,1,0.1775410191063614,0.9999981546417064,1.0,False
M86622,1,-0.0235170669824728,0.9701697248847992,1.0,False
M86624,1,0.2310191324688471,0.999622532640466,1.0,False
M86627,1,0.1239153497098891,0.9999999569404254,1.0,False
M86633,3,0.2213357809941645,0.945072233568104,1.0,False
M86638,1,0.1182339971625356,0.9879787038084435,1.0,False
M87001,2,0.1700487424489405,0.9964497832187156,1.0,False
M87003,2,0.0095280630699731,0.7496023615748972,1.0,False
M87005,3,0.016515049351587,0.996411901932888,1.0,True
M87006,3,0.1645363453500982,0.9257543314537932,1.0,True
M87007,2,0.152206489329346,0.744125737098983,1.0,True
M87008,3,0.1678146746568771,0.6997563203251501,1.0,True
M87009,1,-0.0374782502976642,0.9979316678660212,1.0,False
M87010,2,0.0633902465757767,0.9978535036302516,1.0,True
M87011,3,0.194668014178791,0.964381161399126,1.0,False
M87012,1,0.0550644018681209,0.9999954923431768,1.0,False
M87013,2,0.270250024072898,0.99501491857999,1.0,False
M87014,3,0.0731920471385461,0.5492776146346718,0.7333333333333333,False
M87015,2,0.0064874784708838,0.844321811960969,1.0,False
M87016,2,0.2257920302023518,0.8399203908779839,1.0,False
M87017,2,0.0933010784317861,0.9964958809103628,1.0,True
M87018,3,0.1211326067279707,0.9962352379974738,1.0,True
M87019,1,0.046595691970851,0.9999746680223682,1.0,False
M87020,3,0.09504717759136,0.8686620946539606,1.0,False
M87021,3,0.2445944693165305,0.9409312797109174,1.0,False
M87023,3,0.0273148244724906,0.8294519608568786,1.0,True
M87024,2,0.011700362851247,0.9624894032831868,1.0,True
M87025,3,0.0565535243581761,0.99639531482,1.0,True
M87026,1,0.1108152503385404,0.9999990579000692,1.0,False
M87027,1,0.0011700536937119,0.9972987560159996,1.0,False
M87028,1,-0.0343089844429836,0.999867036529088,1.0,False
M87030,3,0.04526182951874,0.994933489278616,1.0,True
M87034,1,0.0327085856886925,0.5173615866091775,0.6333333333333333,False
M87036,1,0.0441952884271089,0.9999993492760332,1.0,False
M87037,2,0.0641615779114768,0.999455786776944,1.0,True
M87041,2,0.1727913673454054,0.9678916244153268,1.0,False
M87601,3,0.037030814215931,0.7369824344634904,1.0,True
M87602,2,0.2061951306335877,0.994840573953735,1.0,False
M87605,1,0.1081069497398699,0.9999992553327532,1.0,False
M87612,1,0.0455257893769767,0.999999930277904,1.0,False
M87617,3,0.070330874876359,0.998992200822987,1.0,True
M87618,1,-0.0313231501470368,0.9998325790651978,1.0,False
M87620,3,0.3222317496485633,0.9985741053969496,1.0,False
M87623,1,0.1235387542881788,0.999844651338061,1.0,False
M87628,1,0.0353421661886033,1.0,1.0,False
M87638,1,0.0042433184373894,0.9999993993463496,1.0,False
M88001,3,0.143872403964418,0.911502575308617,1.0,False
M88002,1,0.1434475815607097,0.9998413077653184,1.0,False
M88003,3,0.0917371439765133,0.4481005444990603,0.6666666666666666,False
M88004,3,0.3019379359781892,0.9998356403387926,1.0,False
M88006,3,0.2236592940651415,0.9918350328380586,1.0,False
M88007,3,0.3207326524702252,0.9998868554387798,1.0,False
M88008,1,0.0558573681180222,0.8848780620815265,1.0,False
M88009,1,0.019801749729121,0.6084462914982335,1.0,False
M88010,2,0.1782790567910388,0.9971952660507464,1.0,False
M88013,3,0.0979198454018996,0.6578343524516196,1.0,True
M88014,1,0.04726415997376,0.8699314724182827,1.0,False
M88015,3,0.1015065923853514,0.8581880935744531,1.0,False
M88016,1,0.0610741179980336,0.9999944400935894,1.0,False
M88018,2,0.0900351826073805,0.9745437971000012,1.0,False
M88019,1,-0.0346186226633868,0.9971745170842248,1.0,False
M88020,2,0.0736841595077182,0.9999946359537704,1.0,True
M88021,3,0.0926257886927935,0.9788347387552062,1.0,True
M88022,1,-0.046093346713885,0.9525453125069194,1.0,False
M88023,1,0.0789146012454342,0.9999243253938184,1.0,False
M88026,1,0.2161797980878596,0.9999766019415604,1.0,False
M88030,2,0.1832101415974599,0.870113559463863,1.0,False
M88035,2,0.2267930116602005,0.9899482497146908,1.0,False
M88038,2,0.0227582370548491,0.899905860130658,1.0,False
M88040,1,0.145994179079765,0.9788922032979172,1.0,False
M88041,3,0.0194622729421323,0.6921388953536383,1.0,True
M88042,1,0.139590843104683,0.9169843017498922,1.0,False
M88043,2,0.2058478343354818,0.9990008079912934,1.0,False
M88600,1,0.0808165577911493,0.9999999999882228,1.0,False
M88610,2,0.0932013606150534,0.9809139616339012,1.0,False
M88612,2,0.1612926856652474,0.7054400641777765,1.0,True
M88616,3,0.1205571649786935,0.8310991004713565,1.0,False
M88618,2,0.186540534150996,0.9837746970878116,1.0,False
M88619,3,0.251299878633089,0.9951504153345035,1.0,False
M88620,1,0.190749284034728,0.9975141525540936,1.0,False
M88625,3,0.1386187526055468,0.6016728133778476,0.9,False
M88626,1,0.0436242009067619,0.940296093117764,1.0,False
M88628,3,0.0450273933586367,0.7076732283553373,1.0,True
M88630,1,0.0316787262659812,0.623029897621876,1.0,True
M88633,3,0.1553052192172228,0.9696684388658624,1.0,False
M88635,3,0.3079094810385928,0.999501765793018,1.0,False
M88639,3,0.1295160094572637,0.6836959177169627,1.0,False
M88640,3,0.1685374789197005,0.9683126591628074,1.0,False
M88643,3,0.205714629108486,0.985001037088998,1.0,False
M88645,3,0.0971619572009904,0.6635096117744724,1.0,False
M88646,2,0.0228761029068517,0.598304653784473,1.0,False
M88647,3,0.0797667243504453,0.9999549676245224,1.0,True
M89001,2,0.0577600871140662,0.9683132445655253,1.0,True
M89002,2,0.1151174335337732,0.9957296831019206,1.0,True
M89003,3,0.1563066587873997,0.7999356714672404,1.0,False
M89005,2,0.2837632396319376,0.996876898437284,1.0,False
M89007,2,0.3138759898680337,0.9961716190103628,1.0,False
M89008,3,0.0795273108435218,0.941499942866418,1.0,True
M89009,1,-0.0702981516399134,0.6581288265113533,1.0,True
M89010,3,0.0949451766653315,0.7429870188724995,1.0,False
M89012,3,0.2715211985261303,0.9993611674630204,1.0,False
M89013,1,0.065586611643292,0.974298955261588,1.0,False
M89015,2,0.1794086014709405,0.997143940062632,1.0,False
M89016,2,0.2250609724424633,0.9423940790306928,1.0,True
M89017,3,0.1774385699815036,0.6309275563271756,1.0,False
M89019,3,0.2559430585021305,0.999609140182501,1.0,False
M89021,2,0.1098059519741902,0.8566535625513597,1.0,False
M89024,2,0.2686077913338855,0.9935071537537224,1.0,False
M89026,3,0.2717520415266731,0.9999124908232588,1.0,False
M89027,2,0.1410781505720598,0.8191762874486116,1.0,False
M89030,2,0.2644064139270081,0.8942860017419105,1.0,False
M89608,2,0.1159082437741756,0.9525893531799284,1.0,True
M91003,1,0.0343838153674829,0.5208723890496305,0.8666666666666667,True
M91004,3,0.2861498479859473,0.9998986593179668,1.0,False
M91006,3,0.2447299236548683,0.505135595042363,0.5666666666666667,False
M91007,3,0.2181873868729692,0.9854709536327112,1.0,False
M91008,3,0.190041124434481,0.9465337214765592,1.0,False
M91009,2,0.220457321875006,0.9926425733478078,1.0,False
M91010,2,0.0163051210232432,0.8842180446262418,1.0,False
M91013,1,-0.0158451706190226,0.9099787108532712,1.0,False
M91014,1,0.0354991057411217,0.9953357624594948,1.0,False
M91015,2,0.2246262724070092,0.9856036214840064,1.0,False
M91016,3,0.1796017721445563,0.9933185912811472,1.0,False
M91017,2,0.1165561590716888,0.9958670522818858,1.0,False
M91018,1,-0.0059255624246843,0.6134458010835798,0.9666666666666668,False
M91019,3,0.2152712121667708,0.9924544433024448,1.0,False
M91021,2,0.099756122931955,0.7459533591541155,0.9666666666666668,False
M91024,2,0.1035122943134539,0.6185736590164596,0.9666666666666668,True
M91026,1,0.0100304940463442,0.9732356967688698,1.0,False
M91028,3,0.1937410480470474,0.9703795048807702,1.0,False
M91029,2,0.1792708999045662,0.9336333910620016,1.0,False
M91032,3,0.2507895822934394,0.9992250463638184,1.0,False
M91033,1,0.1792608333620208,0.999979772460776,1.0,False
M91034,2,0.2892970045988919,0.998395018463073,1.0,False
M91036,1,0.1259748589631185,0.9997336830454524,1.0,False
M91602,1,0.1526324034440006,0.9999757931035582,1.0,False
M91609,1,0.1028659254640172,0.9999539301227436,1.0,False
M91611,1,0.1639192027139337,0.9982392773090878,1.0,False
M91612,3,0.0786600843859823,0.5930369963877286,1.0,False
M91613,3,0.2412070957605878,0.991065086678356,1.0,False
M91614,1,0.139386250970245,0.999996331835997,1.0,False
M91616,3,0.1036608778979635,0.9166790089403524,1.0,False
M91619,2,0.2751394009441394,0.9731196288248471,1.0,False
M91621,3,0.0763451565761245,0.430616092879479,0.9333333333333332,False
M91623,1,-0.0309906989135436,0.950028846254452,1.0,False
M91624,3,0.1744150854866605,0.5719057603422188,0.8666666666666667,False
M91626,2,0.2345469344618276,0.9953406157370006,1.0,False
M91628,3,0.046195457665557,0.9999086426552664,1.0,True
M91629,1,0.2034284664409242,0.9972042199538212,1.0,False
M91637,1,0.0962156597899295,0.9304111511037372,1.0,False
M91639,1,0.0386296849294076,0.9998466675458462,1.0,False
M91640,1,-0.0068457476237565,0.8070987977925358,1.0,False
M91641,3,0.1801683821762954,0.9712964840194626,1.0,False
M91642,1,-0.0431282421315386,0.9966760174892398,1.0,False
M91647,1,0.1783912398393082,0.999970942174244,1.0,False
M91650,3,0.149625247688749,0.9044688525663892,1.0,False
M91654,2,0.1876689784227558,0.9910636672885398,1.0,False
M91659,3,0.1430489451242713,0.5981158788079449,1.0,False
M92001,1,0.019271414019537,0.98952169915239,1.0,False
M92004,1,0.0846370371901805,0.999997773745415,1.0,False
M92006,3,0.0700374655216566,0.7595849680918857,1.0,False
M92008,2,0.2801085460297308,0.996235744521399,1.0,False
M92009,3,0.3358831695958863,0.999851962480321,1.0,False
M92010,2,0.1920755184509696,0.9387040198679046,1.0,False
M92011,3,0.1237684109900102,0.9163308357515472,1.0,False
M92012,2,0.0651951942721669,0.9991141232709972,1.0,True
M92013,3,0.2332299536081367,0.9907603850045086,1.0,False
M92015,1,0.0016659224170876,0.9986846582113372,1.0,False
M92016,1,0.0201220106782631,0.892597218643453,1.0,False
M92019,3,0.1125571167857397,0.7715334408645248,1.0,False
M92022,1,0.192525412972075,0.9999709711841256,1.0,False
M92026,2,0.0972965998404506,0.9560094345761398,1.0,False
M92028,3,0.066363740994665,0.4910002986713751,0.9666666666666668,False
M92029,1,-0.0417141685714092,0.7479121866000249,1.0,True
M92039,3,0.3119453446470245,0.9997144208655114,1.0,False
M92040,3,0.1104884104154874,0.7396627133282843,1.0,False
M92041,3,0.1750989835101047,0.9996543171113694,1.0,True
M92043,2,0.2117291263584298,0.9523657587113186,1.0,False
M92607,1,0.0913384372675649,0.9999471040807476,1.0,False
M92609,1,-0.0387613887202803,0.3871319547119358,0.6333333333333333,False
M92612,3,0.31454612787011,0.999645928295287,1.0,False
M92627,2,0.2481616033983245,0.7768771434446243,0.9666666666666668,False
M92629,3,0.0946752517770774,0.6650081010062063,1.0,True
M92630,2,0.1056604497092006,0.9634373882583108,1.0,False
M92649,2,0.248887204878752,0.9359321269108308,1.0,False
M92654,1,0.21192517909287,0.9997180742201688,1.0,False
N81001,2,0.2338506211762295,0.9990838977512632,1.0,False
N81002,3,0.1901355473686643,0.9955015152242666,1.0,False
N81005,3,0.1809545466244678,0.9660005238095224,1.0,False
N81006,2,0.2191186327714333,0.9990198270592466,1.0,False
N81007,2,0.0065347956338235,0.901789797019938,1.0,False
N81008,2,0.1902056508596385,0.9853205930761796,1.0,False
N81009,1,0.0470550402182277,0.7321743445571327,1.0,False
N81010,2,0.2042875365012351,0.9980239027049244,1.0,False
N81011,2,0.1548157461659355,0.8968232289572357,1.0,False
N81012,3,0.0236750896438553,0.8263816407193015,1.0,True
N81013,1,-0.0290178007849415,0.576689861548451,0.8,False
N81014,1,0.0275534533969676,0.9999046255236568,1.0,False
N81016,3,0.3264622063655444,0.9999175388470274,1.0,False
N81018,2,0.1570539071777011,0.9984016210700593,1.0,False
N81019,3,0.0037578667823581,0.6404754851700035,1.0,True
N81020,3,0.2269173022490404,0.9732993244435914,1.0,False
N81022,2,0.1497782677790284,0.9318944975655962,1.0,False
N81024,3,0.1675614892796835,0.9886787302068069,1.0,False
N81025,3,0.2952177090151124,0.999916767332257,1.0,False
N81027,3,0.2041926227913603,0.984754832710127,1.0,False
N81028,1,0.0232727920984963,0.9862179140702662,1.0,False
N81029,1,0.0156705069464747,0.9997793744891572,1.0,False
N81030,2,0.1253581188376134,0.9128164812729288,1.0,False
N81031,1,0.0437031154211833,0.9563233211359355,1.0,False
N81032,2,0.1528588789334946,0.955205551944932,1.0,True
N81033,2,0.2831816255677693,0.9890629950678618,1.0,False
N81034,2,0.1004832843391303,0.977422107894424,1.0,False
N81035,3,0.2151350356209784,0.979167913785539,1.0,False
N81036,3,0.105046007286267,0.5934161169954386,0.8333333333333334,False
N81037,3,0.2514081373463059,0.9996812408186938,1.0,False
N81038,2,0.2525511775929802,0.9913723810627244,1.0,False
N81039,3,0.0668289450348258,0.704804940123988,1.0,False
N81040,2,0.2036005201921644,0.935808972720234,1.0,False
N81041,2,0.0795802482416701,0.943246450226736,1.0,False
N81043,2,0.2796989773698339,0.5717211696254468,0.7333333333333333,True
N81044,1,0.0535113806221197,0.9994423839186024,1.0,False
N81045,2,0.0434773285480523,0.9166352972160045,1.0,False
N81046,3,0.151594009081467,0.973651389468671,1.0,True
N81047,1,-0.0288626482388745,0.8118435703355673,1.0,True
N81048,2,0.0143176995398509,0.8984382682306579,1.0,False
N81049,3,0.2063246257206537,0.9883687941411802,1.0,False
N81050,1,-0.0119002112918565,0.948902048006566,1.0,False
N81051,1,-0.004013750266368,0.860571476927996,1.0,True
N81052,2,0.1778867104374346,0.813271191100612,1.0,False
N81053,3,0.2931865592129367,0.999893713507845,1.0,False
N81054,2,0.1243136574532176,0.9520628634054572,1.0,False
N81055,3,0.0345630011741595,0.8452391056418725,1.0,True
N81056,3,0.249630613933026,0.9983446957601988,1.0,False
N81057,3,0.1711246034272858,0.9977365544252648,1.0,False
N81059,2,0.0606702217082112,0.9741103097793538,1.0,False
N81060,3,0.1162482903921998,0.8595598984932871,1.0,False
N81061,3,0.1031822525326791,0.9926177041806928,1.0,True
N81062,3,0.1017108388261945,0.7692503077241972,1.0,False
N81063,1,0.0652497960587954,0.9196546482809472,1.0,False
N81064,2,0.1219293413256006,0.7917501662044116,1.0,True
N81065,3,0.2192658401716148,0.9982492159933422,1.0,False
N81066,3,0.1195911587493144,0.8608839540130342,1.0,False
N81067,1,0.0226660262534647,0.7540023761358073,1.0,False
N81068,2,0.0864678572617392,0.9915558969137716,1.0,True
N81069,3,0.3179259036787845,0.999828303947131,1.0,False
N81070,3,0.13666070662086,0.9625954856906518,1.0,False
N81071,2,0.0832322965664018,0.9960603683889234,1.0,True
N81072,2,0.1201649100945407,0.8115033863455235,1.0,False
N81074,2,0.1421938408089673,0.9418603662066708,1.0,False
N81075,3,0.2152442465104871,0.998587250460884,1.0,False
N81077,3,0.0145987363471344,0.6539627279680527,0.9666666666666668,True
N81079,1,-0.0506377467759399,0.7120690970153087,1.0,False
N81080,2,0.1163321079383776,0.9813369849540808,1.0,False
N81081,2,0.1485504378133609,0.9895493973648996,1.0,False
N81082,3,0.0530202815077925,0.6605192481599247,0.9666666666666668,True
N81083,3,0.1593612130480578,0.8719780245322745,1.0,False
N81084,2,0.2058873034434835,0.9981694034649428,1.0,False
N81085,1,0.1174095664964284,0.9999989316970804,1.0,False
N81086,3,0.1897431727558757,0.9977043903888356,1.0,False
N81087,2,0.0014678320087959,0.9988255697606074,1.0,True
N81088,1,-0.0192642493473889,0.989873225233224,1.0,False
N81089,3,0.1762540025985447,0.9741208946869416,1.0,False
N81090,3,0.1772783421406281,0.5698964980252622,0.8666666666666667,False
N81092,1,-0.0218922307142967,0.9987601457846238,1.0,False
N81093,3,0.0884104360303154,0.8744287793456975,1.0,True
N81096,3,0.1611208337831475,0.9705392861175935,1.0,False
N81097,1,0.0963657808203345,0.9999907734968788,1.0,False
N81100,2,0.0737207433254812,0.646251003805473,1.0,False
N81101,2,0.1729404806504408,0.997253217185872,1.0,False
N81102,3,0.1952883422220401,0.9955669671101935,1.0,True
N81107,1,0.0404434870374437,0.9853091494672284,1.0,False
N81108,3,0.0967568053468713,0.7798980955064531,1.0,True
N81109,3,0.0544837095908272,0.4235274016264265,0.8333333333333334,True
N81111,2,0.0692993142017692,0.9997469566678684,1.0,True
N81113,2,0.1766122192449395,0.9611413414054708,1.0,False
N81114,3,0.1493443833687156,0.9843505923765132,1.0,False
N81115,2,0.1034825965139681,0.9746678130560832,1.0,False
N81118,3,0.086178951297012,0.669588425385431,1.0,False
N81119,2,0.1412413289748988,0.9964392710212692,1.0,True
N81120,2,0.1623890183838718,0.9965480005590006,1.0,False
N81121,1,-0.0710501981921417,0.8490765535748653,1.0,True
N81122,2,0.0827975153775888,0.969533003677872,1.0,False
N81123,1,-0.0615591026355619,0.914723490809652,1.0,False
N81125,3,0.0394983299372754,0.820288450872667,1.0,True
N81127,2,0.1610317775453853,0.995642942480196,1.0,False
N81607,1,0.1706020054268424,0.9862365057921416,1.0,False
N81614,2,0.2069934889794314,0.6424146701257297,0.9333333333333332,False
N81619,1,0.0742197650615101,0.9999999705256184,1.0,False
N81623,1,-0.011467043587579,0.8874537073781472,1.0,False
N81624,2,0.2340305495381158,0.9974973761002583,1.0,False
N81626,2,0.1976377453761923,0.9966582929413094,1.0,False
N81628,3,0.1954959331698264,0.8530222745215519,1.0,False
N81632,1,-0.0406969445774508,0.997773255303532,1.0,False
N81637,1,0.1493337101646608,0.9999546660136832,1.0,False
N81642,1,0.0200185478601144,0.9440899164474642,1.0,False
N81645,3,0.1942138573258982,0.8677843054212628,1.0,False
N81651,1,0.0218932426889194,0.860316606033903,1.0,False
N82001,3,0.1015646325584361,0.5434121317701038,0.9666666666666668,True
N82002,1,0.1862340406630057,0.999646180871399,1.0,False
N82003,2,0.0809651017713018,0.631960424934914,0.9666666666666668,False
N82004,1,0.1478778375495009,0.9999999588424596,1.0,False
N82009,3,0.0201390397992548,0.980685780793517,1.0,True
N82011,3,0.0746923598650197,0.9994056050423484,1.0,True
N82014,2,0.010837877576849,0.9038442056414092,1.0,False
N82018,3,0.2424168012758517,0.8671741623845056,1.0,False
N82019,1,0.0344683562386082,0.9999962308432244,1.0,False
N82022,1,0.0695206945114003,0.9999999163679546,1.0,False
N82024,1,0.1086843941656633,0.9999999947394792,1.0,False
N82026,3,0.1073217526963613,0.6132314844776754,1.0,False
N82033,3,0.2052003656288753,0.995670334297652,1.0,True
N82034,3,0.0986446582402819,0.4489241214587747,0.4666666666666667,False
N82035,3,0.1244381531888099,0.6634963798662559,1.0,True
N82036,1,-0.0091508028822679,0.9999784443900196,1.0,False
N82037,3,0.1130942164503399,0.6490163605980777,1.0,False
N82039,1,0.0709770571200141,0.99988380709011,1.0,False
N82041,3,0.1911165033784743,0.8173936773957134,1.0,False
N82046,1,0.2041278756871567,0.999634334148748,1.0,False
N82048,3,0.1203987219015182,0.9877698093690176,1.0,True
N82049,1,0.1516572350731074,0.9999999103391422,1.0,False
N82050,1,0.072822189912965,0.9935978514884144,1.0,False
N82052,1,-0.0222425114139135,0.9961104451393789,1.0,False
N82053,2,0.0851878435822897,0.9967905879102614,1.0,True
N82054,3,0.0953971086794789,0.9999784384718025,1.0,True
N82058,2,0.0736972621064584,0.9939457520906432,1.0,True
N82059,3,0.1070409711616721,0.5698280527008166,0.9666666666666668,True
N82062,3,0.1122742795189962,0.5778074612876873,0.9666666666666668,False
N82065,1,0.2272777124371637,0.9999985744095063,1.0,False
N82066,3,0.27520069521907,0.999433504727419,1.0,False
N82067,1,0.1972481459015718,0.9999999687161324,1.0,False
N82070,3,0.1711442654578615,0.9999599650953576,1.0,True
N82073,3,0.157480002184665,0.8707273252235291,1.0,True
N82074,3,0.1980724800959749,0.9876149510327932,1.0,True
N82076,3,0.038961975191228,0.999972190234086,1.0,True
N82077,1,0.116268857010446,0.999921526226638,1.0,False
N82078,1,0.1239214079164815,0.9997845548912436,1.0,False
N82079,3,0.1172761317366364,0.8906291934719182,1.0,True
N82081,1,0.1309136558433233,0.9999999999727328,1.0,False
N82082,1,0.062081302807642,0.9999999796023682,1.0,False
N82083,3,0.1664122126769323,0.8195980274190791,1.0,False
N82084,2,0.0162867333516469,0.884073061267265,1.0,False
N82086,1,-0.0328026624865594,0.9998580960861988,1.0,False
N82087,1,0.1516605100465777,0.9704335357833864,1.0,False
N82089,1,0.215840430635091,0.999999831504912,1.0,False
N82090,1,-0.062593485024203,0.6642859803379818,1.0,False
N82091,1,0.1995929716530601,0.9999901108398164,1.0,False
N82092,3,0.1852535171780328,0.9902864874016096,1.0,True
N82093,2,0.0121616123947317,0.6810364784871639,1.0,False
N82094,1,0.0143432349503163,0.9997480109343204,1.0,False
N82095,3,0.1339936619758574,0.925890197441473,1.0,True
N82097,3,0.1065324896477504,0.7756641370702423,1.0,True
N82099,1,0.0813447788261727,0.999998701943412,1.0,False
N82101,1,0.1895439366179752,0.9999160860438138,1.0,False
N82103,1,0.1587724669677834,0.9978050136477434,1.0,False
N82104,3,0.1012703405474821,0.7334188697612086,1.0,True
N82106,3,0.0508538110304369,0.5342465601174172,1.0,True
N82107,1,-0.0015170582222337,0.9795173656472852,1.0,False
N82108,2,0.0872379272264852,0.9830733438437578,1.0,False
N82109,3,0.1376318866472431,0.6363945048870989,1.0,True
N82110,1,-0.0408056963201702,0.8159481362161358,1.0,True
N82113,1,0.1840081355840866,0.9999994403807124,1.0,False
N82115,1,0.0141191928719143,0.999766328036146,1.0,False
N82116,3,0.039038240534489,0.997726882300456,1.0,True
N82117,1,-0.0257885327292725,0.9999997451066605,1.0,False
N82617,3,0.0246873444239695,0.9999978565206064,1.0,True
N82633,3,0.1948895618746255,0.9632039475824344,1.0,False
N82641,1,0.1553404124122795,0.9747475381542894,1.0,False
N82645,1,-0.0324709904010871,0.9999851224384152,1.0,False
N82646,1,0.1951151714049089,0.9999984680479956,1.0,False
N82648,3,0.0721263377408269,0.9982553954713176,1.0,True
N82650,1,0.0550705414836808,0.9742204135387484,1.0,False
N82651,1,0.179839112797157,0.9972139751545542,1.0,False
N82655,3,0.160807156944208,0.993194290146992,1.0,True
N82662,1,0.1930349982337679,0.9997007790214668,1.0,False
N82663,3,0.0931230553997616,0.9689003176097442,1.0,True
N82664,1,0.0692551149929879,0.9992248154260572,1.0,False
N82668,1,0.1207008857727625,0.9974833321016268,1.0,False
N82669,1,0.0700661585721488,0.9999771506611952,1.0,False
N82671,1,0.1466978459368279,0.9999978575458286,1.0,False
N82676,1,0.0671576694579742,0.5786594597692002,0.9666666666666668,True
N82678,3,0.0627764183258655,0.9365412000868562,1.0,True
N83001,1,0.092764845213807,0.8730524145814983,1.0,False
N83002,2,0.0865945420676066,0.9069284604379674,1.0,True
N83003,1,0.0266640790816461,0.9997506971353614,1.0,False
N83005,2,0.0721184219068663,0.8400118549316727,1.0,True
N83006,1,0.0113010343967842,0.9994789544112376,1.0,False
N83007,1,-0.0517904728574174,0.9770834462134946,1.0,False
N83008,2,0.0615204226683265,0.9487312622972048,1.0,True
N83009,3,0.0587682221902957,0.5972162362294304,1.0,True
N83010,2,0.1786508202300328,0.9108946844794972,1.0,False
N83012,3,0.1303932902421726,0.6621795149910678,1.0,True
N83013,2,0.2071402310365134,0.9832853050493312,1.0,False
N83014,3,0.1106082436929349,0.6122066895551466,1.0,False
N83017,1,-0.0487210193613449,0.9657441342905204,1.0,False
N83018,2,0.0006389719022306,0.7740266889900911,1.0,False
N83019,1,-0.0078894930968401,0.9962212354609749,1.0,False
N83020,3,0.1197999778021483,0.8228562008062347,1.0,True
N83021,3,0.1937416380991501,0.5548654748275009,0.9,True
N83023,3,0.0265195541001659,0.9388181815632504,1.0,True
N83024,2,0.1052637092346607,0.9351052069331004,1.0,False
N83025,1,0.0804651207545377,0.9975901851641964,1.0,False
N83026,1,0.0496487047801735,0.9999574334116892,1.0,False
N83027,1,-0.0357442722958723,0.9955679868248722,1.0,False
N83028,1,0.071926626997828,0.9999851678138388,1.0,False
N83030,1,-0.0130275468246232,0.848697686924159,1.0,True
N83031,1,-0.0118853773587477,0.99999994776555,1.0,False
N83032,3,0.0359084123835372,0.7211140372327929,1.0,True
N83033,1,0.0506959345233393,0.5900886888638895,0.9666666666666668,True
N83035,3,0.1272078463877608,0.9694771349895598,1.0,True
N83041,3,0.0216082043263516,0.6941160638022881,1.0,True
N83043,1,0.1307458011417068,0.9999999367681788,1.0,False
N83047,1,-0.0820527851075162,0.3490541231989391,0.4,False
N83049,2,0.0732834368256893,0.9755337534876408,1.0,False
N83050,1,0.0132001829144677,0.9152794725140276,1.0,False
N83053,1,0.0726531684305804,0.9926397683971608,1.0,False
N83054,3,0.2532644032874948,0.804088143934277,1.0,False
N83601,1,0.1938395809768472,0.9992612675006186,1.0,False
N83603,2,0.1855286478501556,0.996877450944876,1.0,False
N83605,2,0.0708854497560649,0.8796185750923569,1.0,True
N83608,1,0.0812583284437304,0.9999911949641752,1.0,False
N83609,1,-0.0311476877585869,0.7499521838912313,1.0,True
N83610,1,0.1681204436929202,0.9979528177180534,1.0,False
N83614,2,0.1646814537053079,0.8950579085982056,1.0,False
N83619,1,0.0719697184921634,0.9749071953113474,1.0,False
N83620,1,0.0835991005448244,0.9898846352041218,1.0,False
N83621,1,0.1866034854867834,0.999947322479422,1.0,False
N83622,1,0.1921792969557139,0.9998211281996224,1.0,False
N83633,1,0.111695539674615,0.9996917512741068,1.0,False
N83637,1,0.0229373624955676,0.9999952736636532,1.0,False
N84001,2,-0.0017387084106334,0.8266398550250036,1.0,False
N84002,1,-0.0253389445176799,0.9918012810279652,1.0,False
N84003,2,0.0840171832854402,0.9651037028047764,1.0,False
N84004,3,0.1253275664675407,0.8584006313840369,1.0,False
N84005,3,0.1482282290844895,0.9981640732349962,1.0,True
N84006,3,0.2146827905183787,0.9611287829702592,1.0,True
N84007,2,0.1257243321641745,0.967134438374903,1.0,False
N84008,3,0.0751419626808461,0.8736710542504492,1.0,True
N84010,1,-0.0093715930538092,0.8413754776993277,1.0,False
N84011,2,0.0789830868467988,0.9418157050121844,1.0,False
N84012,3,0.0559156542752205,0.5050478096737624,0.9666666666666668,True
N84013,1,0.0474695890372259,0.9996042221095254,1.0,False
N84014,3,0.1989053849028236,0.9983265248169616,1.0,True
N84015,3,0.1789849357295234,0.943289391180002,1.0,False
N84016,2,0.0221307080805236,0.796826039368337,1.0,True
N84017,3,0.1529546507665905,0.9726617917034208,1.0,False
N84018,3,0.2025323468547262,0.5770345410974739,0.8666666666666667,False
N84019,1,0.1082683125717869,0.9999977493007816,1.0,False
N84020,2,0.1094333534091619,0.8807351564877314,1.0,False
N84021,3,0.1251853198059638,0.7156586739133479,1.0,False
N84023,1,0.0961611493395261,0.9999989124172418,1.0,False
N84024,3,0.0218850595867157,0.8491762293835311,1.0,True
N84025,2,0.0102833002949845,0.6674896835543349,1.0,False
N84027,1,0.0118234446003809,0.9997798673904538,1.0,False
N84028,3,0.1853240864334409,0.9702748176631713,1.0,False
N84029,3,0.0297657133780667,0.7250002723368401,1.0,True
N84034,1,0.0345788399986986,0.7924851088347827,1.0,False
N84035,1,0.0437458048213071,0.9999956018594972,1.0,False
N84038,3,0.0302746794650933,0.9630706828904902,1.0,True
N84041,2,0.0870082212392039,0.576842358936834,0.9,True
N84605,1,0.1151884515064569,0.9999999869642692,1.0,False
N84613,2,0.0221074820113215,0.686996934914463,1.0,True
N84614,3,0.1068035333120792,0.9985276898967808,1.0,True
N84615,1,-0.0205633285522514,0.9825764065537256,1.0,False
N84617,1,0.0762094001932669,0.9996780702401346,1.0,False
N84621,1,0.100433021913332,0.9999992225559284,1.0,False
N84625,3,0.2627383627710166,0.944582762035408,1.0,False
N84626,1,0.0451527956977212,0.999994822910406,1.0,False
N85002,3,0.2269196078797208,0.7928533434083359,1.0,True
N85005,3,0.3250205527857407,0.9999838752829062,1.0,False
N85006,3,0.1860920669543837,0.9778694022166392,1.0,False
N85007,3,0.1473996146217021,0.963813326069934,1.0,False
N85008,3,0.1089286381256838,0.8132758387772685,1.0,False
N85012,2,0.113474375464076,0.95934322783222,1.0,False
N85013,3,0.1972463084689636,0.997844992152245,1.0,True
N85015,3,0.244913946078471,0.99971683118938,1.0,False
N85016,3,0.1121018516113861,0.7272420843164076,1.0,False
N85017,2,0.0991734263068117,0.8875685437879027,1.0,False
N85018,3,0.2245396018678118,0.9988906056862608,1.0,False
N85019,3,0.0821144113177327,0.5101338730943061,1.0,False
N85020,2,0.0104854625226121,0.9165359297191142,1.0,False
N85021,1,0.028028352558483,0.9982791640667552,1.0,False
N85022,2,0.1271386848197391,0.9819329886000476,1.0,False
N85023,2,0.0905878447881484,0.9634822822967394,1.0,False
N85024,2,0.0751699616893044,0.7583456168152511,1.0,True
N85025,3,0.2183671701430786,0.996607509035624,1.0,False
N85027,3,0.1691528288800906,0.9945298961208576,1.0,False
N85028,2,0.0259624909415001,0.8890069308784938,1.0,False
N85031,1,0.0762983679978193,0.948632954623088,1.0,False
N85032,2,0.1254224172622607,0.994876381586899,1.0,False
N85037,2,0.1694703092504703,0.9889923840238573,1.0,False
N85038,1,0.0580942773641774,0.5994187699102784,0.8666666666666667,False
N85044,3,0.1291244017938947,0.8589361506283136,1.0,False
N85046,1,-0.0425993195631458,0.8550184118247722,1.0,False
N85047,3,0.2914515333031007,0.9998751667864024,1.0,False
N85048,2,0.105767707525119,0.7264442776469933,1.0,False
N85051,3,0.1253160408631191,0.8513060357792984,1.0,False
N85052,3,0.2774342480507358,0.9988462500137512,1.0,False
N85054,2,0.0086421629724791,0.910040336015856,1.0,False
N85057,2,0.1688699482610753,0.9622299987521136,1.0,False
N85059,2,0.01100326382932,0.8303713030266556,1.0,False
N85616,1,-0.0203131092133594,0.894615760520267,1.0,False
N85617,3,0.1367983692394765,0.8612527017573594,1.0,False
N85620,2,0.0460083251508562,0.7867302380796573,1.0,False
N85625,2,0.0637589629698166,0.6008163376023384,0.9666666666666668,False
N85629,1,0.0376554859102435,0.9976529304748102,1.0,False
N85633,2,0.045395884819498,0.9454471511717834,1.0,False
N85634,1,0.0665952391432768,0.9999961388120092,1.0,False
N85640,1,0.1012005916821422,0.999723753263659,1.0,False
N85643,1,0.126318040641884,0.9660683855554316,1.0,False
N85648,3,0.2982609564986297,0.999050524785103,1.0,False
P81002,1,-0.0748641807508127,0.872498935289344,1.0,True
P81003,2,0.1871005524883567,0.9922685171854474,1.0,False
P81005,2,0.1472719195381782,0.8289856426545759,1.0,False
P81006,2,0.085718858041496,0.9883721420113296,1.0,False
P81008,2,0.1350519420344112,0.8665960601230992,1.0,False
P81010,1,0.056602722875822,0.9989212398337354,1.0,False
P81013,2,0.2696394185331627,0.9979353282201968,1.0,False
P81014,2,0.116054241636917,0.8209478223137188,1.0,False
P81015,2,0.135047068590368,0.992639708404126,1.0,False
P81016,1,-0.0771868814873715,0.7935708689682357,1.0,True
P81017,2,0.2915211949271538,0.9960704396871066,1.0,False
P81018,3,0.0502545590965193,0.9999209159256196,1.0,True
P81020,3,0.137789437548192,0.945065947724396,1.0,False
P81022,1,-0.0261897950731561,0.8232564232739177,1.0,True
P81025,2,0.0527256715041821,0.5859552003140633,0.8666666666666667,True
P81027,2,0.0656697694960991,0.9560351537651096,1.0,False
P81029,3,0.2432020289544251,0.998334840408942,1.0,False
P81031,3,0.0485924386687815,0.4095933716967772,0.7666666666666667,True
P81032,1,0.0535904892070433,0.9852293622344606,1.0,False
P81033,2,0.0411032399064175,0.95491072066487,1.0,False
P81035,2,0.0454844547731579,0.9996127861198872,1.0,True
P81036,1,-0.0786703052933062,0.7649213599825776,1.0,False
P81037,2,0.0894790704115848,0.9868272462912442,1.0,False
P81038,3,0.2495506969357276,0.9996853813163225,1.0,False
P81039,1,-0.0188657807575051,0.9440805027083412,1.0,False
P81040,3,0.2011504944994269,0.995289613289419,1.0,False
P81041,2,0.1581964843022731,0.9704002141856214,1.0,False
P81042,1,0.1515360353463659,0.9849842219490916,1.0,False
P81043,1,0.1080510619378846,0.9999833221706196,1.0,False
P81044,2,0.0975527349713801,0.9575866124373036,1.0,False
P81045,2,0.1171165019465602,0.9853608106027412,1.0,False
P81046,1,0.0590950927216042,0.9983235401350516,1.0,False
P81047,3,0.2371542584970514,0.9983177438524504,1.0,False
P81051,2,0.1850124002620903,0.9340771772695426,1.0,False
P81053,2,0.0863282606539057,0.6187207754681828,0.9666666666666668,False
P81054,1,-0.0203785204181343,0.7946139899452951,1.0,True
P81055,2,0.284008947901623,0.8979675243435592,1.0,False
P81057,2,0.2549942191006288,0.9987279989883012,1.0,False
P81058,2,0.2172510150581288,0.9482838425495212,1.0,False
P81059,3,0.2749081877526781,0.9997697978032116,1.0,False
P81061,2,0.0265813879667761,0.6506830947213325,0.9666666666666668,False
P81062,2,0.1848652916376942,0.998352381499918,1.0,False
P81063,2,0.0936179043119264,0.8935028373481734,1.0,False
P81065,2,-0.0053366727045598,0.8604418857778967,1.0,False
P81066,3,0.0690991496177278,0.42538006902671,0.8333333333333334,True
P81067,2,0.21615254249683,0.7004488487501419,1.0,True
P81069,2,0.1501849636296638,0.9932654351438128,1.0,False
P81070,3,0.2038011414349327,0.978470004864059,1.0,False
P81071,1,0.098706592498042,0.9997869793482842,1.0,False
P81072,1,-0.0127850407548467,0.5239039289115659,0.4333333333333333,False
P81073,2,0.1222100039520067,0.9986954281889184,1.0,True
P81074,3,0.1641343850728698,0.952927611255285,1.0,False
P81076,2,0.1350967836871675,0.9116879535179624,1.0,False
P81077,2,0.1299187004649045,0.9942673436912088,1.0,False
P81078,2,0.1270012254042731,0.970915711589314,1.0,True
P81079,2,0.1257266798201279,0.9440126426412676,1.0,False
P81081,2,0.1030217169431589,0.9575345618269308,1.0,False
P81082,2,0.0635974822257786,0.971364737694546,1.0,True
P81083,2,0.1944215393110493,0.6225763730182151,0.9,False
P81084,2,0.0716803395553385,0.4987877234893259,0.4666666666666667,False
P81086,3,0.2446552258347742,0.9975829169001148,1.0,False
P81087,2,0.2754984254610185,0.9528962641611002,1.0,False
P81088,3,0.0506780670170596,0.7599413763048327,1.0,True
P81089,3,0.0918815703812833,0.7476599254004962,1.0,False
P81092,2,0.1039727065279794,0.9278098976246464,1.0,True
P81095,3,0.2472910391434282,0.9976204877483208,1.0,False
P81096,2,0.2142860663741269,0.9695539784083966,1.0,True
P81099,2,0.2112917111339996,0.6355311209047797,0.8666666666666667,True
P81100,2,0.3120255747026421,0.9982201686604432,1.0,False
P81103,3,0.0856189361194297,0.7695674801719523,1.0,False
P81107,2,0.2518973027247031,0.9894798068598976,1.0,False
P81112,3,0.1012498162456438,0.9201648139651286,1.0,True
P81113,3,0.0426264145402231,0.6488096877635127,1.0,True
P81115,3,0.0368449115580036,0.4862280779211565,0.5666666666666667,True
P81117,2,0.1693544981356392,0.9971306981905826,1.0,False
P81118,2,0.214478080481974,0.9728059505499208,1.0,False
P81119,1,-0.0373190245044537,0.5529039083306325,0.9,False
P81123,1,0.055045831786473,0.9427301717375344,1.0,False
P81125,2,0.077609504042076,0.7469647663449416,1.0,False
P81127,2,0.1075326885560099,0.975454862260466,1.0,True
P81128,2,0.2065740462387021,0.9322170761730754,1.0,False
P81129,2,0.0882046628627887,0.8554616215703711,1.0,True
P81130,2,0.1623299051170713,0.9967530282579746,1.0,False
P81132,3,0.1448547796049165,0.9641606744833991,1.0,False
P81133,3,0.0143122302215407,0.999208900410464,1.0,True
P81136,3,0.0184208512007692,0.9999993855855044,1.0,True
P81137,3,0.0782849648250795,0.7621167501220094,1.0,False
P81138,1,0.0562946173926634,0.9999315585271112,1.0,False
P81140,2,0.1804023051096446,0.9560530107927768,1.0,False
P81143,3,0.1450875938544054,0.9456072029934428,1.0,False
P81147,1,0.1265164675202971,0.9999878490822144,1.0,False
P81149,1,-0.0647083565960003,0.8276676130689371,1.0,True
P81150,2,0.0281262608602627,0.6778628340774477,1.0,True
P81154,3,0.1984884908869812,0.9981822595806628,1.0,False
P81157,2,0.1682505326280123,0.995883917295837,1.0,False
P81159,3,0.0761813874660132,0.481922696380646,0.9333333333333332,True
P81160,1,0.0074633362645165,0.9999168267651584,1.0,False
P81165,1,0.0402203978276398,0.9995484655002462,1.0,False
P81166,2,0.1664636913521156,0.6465298521471963,0.9333333333333332,True
P81167,1,0.0704600950504439,0.998829338527553,1.0,False
P81169,3,0.0355217062484716,0.7606152808775299,1.0,True
P81170,1,-0.0264200059728364,0.9989782499937848,1.0,False
P81171,2,0.1433855665120176,0.982061353714643,1.0,False
P81172,1,-0.0272722410074468,0.8311401103772309,1.0,True
P81179,2,0.2628679518781275,0.943322847754581,1.0,False
P81180,1,-0.0214487206285166,0.5417683194200096,0.7,False
P81181,2,0.1341060964704416,0.9862565701838252,1.0,False
P81182,1,0.0431156132937879,0.8606390335395643,1.0,False
P81184,1,-0.0503309495237491,0.7310760797516265,1.0,False
P81185,2,0.186528079737977,0.8206663895760832,0.9666666666666668,False
P81186,2,0.1977711026896592,0.9839295646474896,1.0,False
P81191,3,0.0256320464348474,0.657778367872526,1.0,True
P81196,2,0.1480016997572204,0.9999301746206454,1.0,True
P81197,2,0.1557786782916064,0.9879325268638997,1.0,False
P81201,2,0.1444041838755667,0.9990263841060492,1.0,True
P81208,1,-0.0255826293271321,0.8220711253140335,1.0,False
P81212,3,0.2679742084715974,0.9991909015829142,1.0,False
P81213,2,0.1045860510906088,0.9891829396506115,1.0,False
P81214,1,-0.0095941697828875,0.4999729458273739,0.5,False
P81218,3,0.2379988499225045,0.998197861009457,1.0,False
P81620,1,0.084979952182798,0.9999997194419452,1.0,False
P81622,1,0.0306129505868901,0.6477356645516753,0.9666666666666668,False
P81633,2,0.0810709380508267,0.8961931972499997,1.0,False
P81646,2,0.1521397222179943,0.996687764107358,1.0,True
P81647,3,0.0686439492811651,0.9913738824593408,1.0,True
P81655,2,0.3131057492297786,0.9741557577401828,1.0,False
P81664,2,0.1210640730862619,0.9663851124935262,1.0,True
P81668,3,0.1091443190430274,0.8589298756239524,1.0,False
P81674,3,0.1395842868389419,0.9464805106754148,1.0,False
P81681,2,0.0894964253956778,0.5180740150328081,0.5666666666666667,True
P81683,3,0.1459460816398074,0.772750044960696,1.0,True
P81685,1,0.1594774926426575,0.9993200700546124,1.0,False
P81686,2,0.1134798251111657,0.9632898107541666,1.0,True
P81687,2,0.0778344862563884,0.7635760893371086,1.0,False
P81692,1,0.0327395211384624,0.8244832788735703,1.0,False
P81694,1,0.0221104611609389,0.999972764836011,1.0,False
P81695,2,0.2160960755672903,0.99938455391744,1.0,False
P81699,2,0.0163993092185933,0.9256707158095084,1.0,True
P81701,2,0.1827834334581307,0.6960661050054946,0.9666666666666668,False
P81704,3,0.2000029908322864,0.9607001741769252,1.0,False
P81707,3,0.0767633517084416,0.9958241345675154,1.0,True
P81709,3,0.2150568196604594,0.9825306928851738,1.0,False
P81710,3,0.0101441296668831,0.876082662519094,1.0,True
P81714,2,0.0726676474080512,0.974986600312439,1.0,True
P81721,1,-0.0092229337452505,0.9999224693045932,1.0,False
P81724,2,0.0439233124441969,0.9907835635519382,1.0,True
P81726,2,0.1719402645995812,0.835465504378118,1.0,True
P81730,2,0.0353839781548515,0.8973497954413769,1.0,False
P81732,2,0.2574949112899187,0.985860324272536,1.0,False
P81734,1,0.0165200166581369,0.5536078785956361,0.9,True
P81735,1,-0.0464470357909498,0.98036991343216,1.0,False
P81736,1,-0.0691312484220802,0.6245047876841627,0.9666666666666668,True
P81740,2,0.146270404677245,0.9776943887325652,1.0,False
P81741,1,-0.036715853766847,0.9966586996635916,1.0,False
P81742,2,0.1744325210780764,0.818909933424862,1.0,False
P81748,2,0.0722220124887745,0.6422724041430861,1.0,True
P81755,1,0.0519137196292885,0.9871987254487952,1.0,False
P81757,2,0.195892802425252,0.9987640146315936,1.0,False
P81770,2,0.1018279737512724,0.8327459115935292,1.0,True
P81771,1,-0.0183053227662264,0.7682713914815019,1.0,False
P81780,1,0.1919767482806847,0.9999999339709214,1.0,False
P82001,1,-0.003888973071754,0.9985240088379016,1.0,False
P82002,1,-0.0568040567212004,0.8417014672869889,1.0,True
P82003,3,0.1655076848361928,0.6391831267829086,0.9666666666666668,False
P82004,2,0.2441286718157748,0.987997429049759,1.0,False
P82005,3,0.2592803785617935,0.9997472822735128,1.0,False
P82006,2,0.159042997354209,0.9959069380965756,1.0,False
P82007,3,0.2580626728697277,0.9994065231363408,1.0,False
P82008,2,0.1206358309879795,0.9197244609755022,1.0,False
P82009,3,0.2719948898483356,0.999740898955434,1.0,False
P82010,1,-0.0129768354763343,0.9510268083740804,1.0,False
P82011,2,0.1325532317770476,0.9987770807948873,1.0,True
P82012,1,0.0907166859674225,0.9997020647892058,1.0,False
P82013,1,0.1791382453177141,0.9996156043287436,1.0,False
P82014,3,0.2056742763125428,0.97581711473205,1.0,False
P82015,3,0.28029924194799,0.999942039366968,1.0,False
P82016,2,0.1277350401177293,0.9942277608702296,1.0,False
P82018,2,0.1999736896434836,0.985850684794696,1.0,False
P82020,1,0.1320445749788557,0.9999012104323196,1.0,False
P82021,2,0.1967878135035731,0.8818341674147436,1.0,False
P82022,2,0.0559832347683974,0.999697937634868,1.0,True
P82023,2,0.103465542946524,0.9856641151113558,1.0,False
P82025,2,0.2150803644026937,0.9909896463882736,1.0,False
P82029,1,0.0238334067287175,0.9999997220148908,1.0,False
P82030,1,0.1103896484399647,0.999985741242696,1.0,False
P82031,3,0.1342101842179977,0.8803952822025559,1.0,False
P82033,3,0.1517350504617767,0.8257385539624198,1.0,True
P82034,2,0.1708386084390191,0.9330995182208032,1.0,False
P82036,1,0.0344262323002002,0.8219323088067851,1.0,False
P82037,1,0.0519337073237939,0.9999617867423451,1.0,False
P82607,2,0.1972450703942875,0.5289845917100946,0.6333333333333333,False
P82609,1,-0.0154863693457176,0.5356542927997523,0.8333333333333334,True
P82613,1,-0.0185788821861152,0.8360092053460814,1.0,True
P82616,2,0.1058349370372618,0.7787415929779312,1.0,True
P82624,1,0.0337517198007925,0.9978943040957702,1.0,False
P82625,1,0.0194615018538349,0.9999983481500118,1.0,False
P82626,2,0.1151903176988371,0.9997177175598576,1.0,True
P82627,1,0.0265632769159051,0.7759018338915796,1.0,False
P82629,1,0.0200428173578561,0.9178249239553492,1.0,False
P82633,1,0.0531627312146433,0.9971213865907372,1.0,False
P82634,1,0.1244669395148753,0.9744352562197464,1.0,False
P82640,2,0.1467060771887283,0.7171766074968307,1.0,True
P82643,2,0.191115525023736,0.9987601181837242,1.0,False
P82652,2,0.126852433199963,0.9955938846466912,1.0,True
P82660,1,0.1497276796354729,0.9999999999598296,1.0,False
P83001,2,0.0896991640654713,0.662319119993222,0.9666666666666668,False
P83004,1,0.0386670114514044,0.978773842867212,1.0,False
P83005,3,0.0745708907188508,0.9998649970645812,1.0,True
P83006,3,0.1402044544123618,0.998144221373348,1.0,True
P83007,2,0.1563756882727223,0.9054158959332392,1.0,True
P83009,2,0.2354239232604717,0.6704985583822283,0.9333333333333332,False
P83010,1,0.0858517202463191,0.953386673133662,1.0,False
P83011,3,0.1540245547889875,0.689808229894831,1.0,True
P83012,1,-0.026648543122459,0.9978178124915204,1.0,False
P83015,1,-0.0391915181741602,0.9989179786042842,1.0,False
P83017,2,0.0668773360400353,0.968050703047509,1.0,True
P83021,2,0.0151592703510549,0.9781345026400264,1.0,True
P83024,2,0.2204440088769769,0.7424513671503922,1.0,False
P83025,1,-0.0260473213343869,0.9999999489129804,1.0,False
P83027,1,0.1316374575172563,1.0,1.0,False
P83603,1,0.0255611086729595,0.9998121042243844,1.0,False
P83605,1,0.0356314408765494,0.9999975140408806,1.0,False
P83608,2,0.0838179956371063,0.8813311522422286,1.0,True
P83611,1,0.1445778208626824,0.9999999999951684,1.0,False
P83612,2,0.0272669014591382,0.9959671660967344,1.0,True
P83620,2,0.0522267351607054,0.994126526202895,1.0,True
P83621,1,0.0137323361270754,0.9993778795088654,1.0,False
P83623,1,-0.0186545044670107,0.9999810878015308,1.0,False
P84004,3,0.0220061806993337,0.7735715783601972,1.0,True
P84005,1,0.0836620137037493,0.9999998873888024,1.0,False
P84009,1,0.0358748023910736,0.9999954008833424,1.0,False
P84010,1,0.1039774687008082,0.8720272025959251,1.0,False
P84012,3,0.2131705825260685,0.9977881629536292,1.0,False
P84014,3,0.058668879958615,0.6457019710996245,1.0,True
P84016,2,0.1071053208231149,0.7625669842272464,1.0,True
P84017,3,0.1082903278504535,0.8259275816416454,1.0,False
P84018,1,0.006165811179606,0.9999999501714616,1.0,False
P84019,2,0.1129046417574373,0.6098707354798765,0.9333333333333332,False
P84020,3,0.282758105008905,0.9997594759868222,1.0,False
P84021,3,0.1111905932891392,0.5268928625984923,0.8,True
P84022,3,0.0292811107465742,0.999892521574876,1.0,True
P84023,1,-0.0250746016381417,0.9999456072380722,1.0,False
P84024,3,0.0127591021029614,0.6888257796770855,1.0,True
P84025,2,0.1639167884634308,0.95533407338676,1.0,True
P84026,1,0.1055439545937015,0.9997664742204792,1.0,False
P84027,2,0.1057116594127202,0.9978352287639056,1.0,True
P84028,2,0.1020826623250238,0.901249632788241,1.0,False
P84029,3,0.1013042543810327,0.4956754425024746,0.7666666666666667,False
P84030,1,0.0896526034161478,0.9999985126976773,1.0,False
P84032,2,0.1222508468364342,0.7647426438548215,1.0,False
P84033,1,0.0833490407309883,0.9999996307516568,1.0,False
P84034,3,0.1323566405149906,0.8619077718967257,1.0,False
P84035,3,0.2461298144693328,0.999486211645934,1.0,False
P84037,2,0.1437001232553627,0.860479406289833,1.0,False
P84038,1,0.033921295700336,0.9999999126476526,1.0,False
P84039,1,0.1173789787322494,0.9999999887241556,1.0,False
P84040,2,0.0902054793014058,0.506132882486655,0.6666666666666666,False
P84041,1,0.0209237491108093,0.996754613021944,1.0,False
P84042,1,0.0609723890955767,0.942272634608552,1.0,False
P84043,3,0.1037291919857067,0.7332153196681895,1.0,False
P84045,2,0.0005098106776015,0.6973197101870557,1.0,False
P84046,1,0.0553470060368752,0.9995289800583228,1.0,False
P84047,1,-0.0569742484161753,0.9707214730467866,1.0,False
P84048,3,0.0762756555039481,0.9944339460923244,1.0,True
P84049,2,0.1652334510360406,0.718526869086579,0.9666666666666668,False
P84051,1,-0.0684312784857741,0.5263986465830346,0.9666666666666668,True
P84052,3,0.0673603126949916,0.9999999977769782,1.0,True
P84053,2,0.1019527969784358,0.8968541225971525,1.0,False
P84054,2,0.1712500353566937,0.8304409531888759,1.0,False
P84056,1,0.0139169543869554,0.9999999996481996,1.0,False
P84059,1,0.0454205642406852,0.8969116113558285,1.0,False
P84061,3,0.2372391222937697,0.9855475250016676,1.0,False
P84064,1,0.0051696689778029,0.9985832138980364,1.0,False
P84065,3,0.0596736823988547,0.6609766897014885,1.0,True
P84066,1,0.1593695086724334,0.9996589497825236,1.0,False
P84067,1,0.0312729463997184,0.6942090199058041,1.0,True
P84068,3,0.2457197422140655,0.9745696513537446,1.0,False
P84070,2,0.1278266101717374,0.6560950939504735,1.0,True
P84071,1,-0.0333132955222496,0.9992175205243946,1.0,False
P84072,3,0.0651142652948945,0.999999994447858,1.0,True
P84074,1,0.0885347273028357,0.9999999984110844,1.0,False
P84605,1,0.1447727219770852,0.9999976748840774,1.0,False
P84611,3,0.0373925825377594,0.9999821072160624,1.0,True
P84626,1,0.0520473163376369,0.9937640906848252,1.0,False
P84630,1,0.0164883563985076,0.9054201317361348,1.0,False
P84635,3,0.0914796409842352,0.999999412122572,1.0,True
P84637,3,0.147374409206743,0.9195568781501876,1.0,False
P84639,1,0.1676317594675224,0.9999880868459282,1.0,False
P84644,3,0.0499410431701034,0.9998830391845296,1.0,True
P84645,1,0.0074409372971775,0.9951931246564272,1.0,False
P84650,1,0.1206524150659451,0.9999999999881872,1.0,False
P84651,1,0.0218715604043684,0.8928355593022723,1.0,False
P84663,2,0.118376448089148,0.6817443951019672,0.9666666666666668,True
P84665,1,0.1921772768263344,0.9999999996572626,1.0,False
P84669,1,-0.0350452782866394,0.6868165812155749,1.0,False
P84672,1,0.0519734610976706,0.8390925330036487,1.0,False
P84673,1,0.0742706644545446,0.999997275374912,1.0,False
P84678,3,0.2099897845465378,0.99299858235841,1.0,False
P84679,1,0.1169057419184073,0.9999900864258308,1.0,False
P84683,1,0.0906069365743735,0.9999999998900896,1.0,False
P84684,1,-0.0002323968717904,0.9995489404878072,1.0,False
P84689,1,0.0814957152328212,0.9960958510614067,1.0,False
P84690,1,-0.0919216324399844,0.6138879016667369,1.0,True
P85002,2,0.0995601811577172,0.6365944214996192,0.9666666666666668,False
P85003,1,-0.0771461405027302,0.5344518324058708,1.0,True
P85004,2,0.2061587479075479,0.5457055828159335,0.7,True
P85005,2,0.1225826163575028,0.9841716319406842,1.0,False
P85007,3,0.31644007964253,0.999489161948322,1.0,False
P85010,2,0.0750431386101463,0.5146425901825705,0.6333333333333333,True
P85011,3,0.2393136879932506,0.9986969667846016,1.0,False
P85012,3,0.1711620714531914,0.9521018235111312,1.0,False
P85013,1,0.1563014522544516,0.9724316804918278,1.0,False
P85014,1,-0.016082370792228,0.9594825414136048,1.0,False
P85015,3,0.2787808371295692,0.999379091498502,1.0,False
P85016,3,0.2314770094372257,0.993905686265424,1.0,False
P85017,2,0.1755262497535345,0.9156659120098544,1.0,False
P85018,1,0.0825974653724233,0.8564352036498789,1.0,False
P85019,3,0.2675380810347052,0.998414787782878,1.0,False
P85020,2,0.1122263515182889,0.6952983106440991,1.0,True
P85021,3,0.0209188124468851,0.7876968607160356,1.0,True
P85022,3,0.197915922365256,0.9868141377680671,1.0,False
P85026,2,0.01478253048518,0.8199210349199635,1.0,False
P85601,3,0.2281967237617576,0.9863220530689676,1.0,False
P85605,2,0.0084914301768674,0.9156414946441244,1.0,False
P85606,1,0.0976148200973755,0.764771631491432,1.0,False
P85608,1,-0.0694022922485829,0.7926680213510912,1.0,True
P85610,3,0.2007238832721814,0.9763905837214982,1.0,False
P85612,2,0.0894883728120781,0.8818435353357625,1.0,True
P85614,2,0.1960532278840075,0.7778984408218241,0.9666666666666668,False
P85615,1,0.1298903401901434,0.96692240123007,1.0,False
P85622,1,-0.0256048263231882,0.5705145242084881,0.7666666666666667,False
P86001,2,0.0745030137669683,0.8167591736691204,1.0,True
P86002,1,0.0655897566567874,0.9999748481199208,1.0,False
P86003,3,0.1953583476892224,0.9958260841395536,1.0,False
P86004,1,-0.0297079156008276,0.8298111163349406,1.0,False
P86005,2,0.2167079141056447,0.9503035007318248,1.0,False
P86006,2,0.2735189586048412,0.9965967771466802,1.0,False
P86007,2,0.1707173799093931,0.7843601388369303,1.0,True
P86008,2,0.274145684506584,0.994646369432795,1.0,False
P86009,2,0.1851597807209499,0.9095921107901545,1.0,False
P86010,1,-0.0274407884293953,0.6730884544989887,0.9666666666666668,True
P86011,2,0.0190968788783376,0.8678970565117549,1.0,True
P86012,2,0.0716987738005149,0.9993778045774524,1.0,True
P86013,2,0.0792266281420865,0.9835254905183652,1.0,True
P86014,2,0.0477876605112333,0.999812579045792,1.0,True
P86015,1,-0.0269860044913674,0.9999983202874144,1.0,False
P86016,3,0.2097890995254282,0.9895566213789132,1.0,False
P86017,1,0.0960649308229919,0.9998783777123104,1.0,False
P86018,2,0.2151471769767816,0.9629580570715954,1.0,False
P86019,2,0.2317982640884542,0.9421641193871562,1.0,False
P86021,2,0.0954270234439811,0.9489452925890433,1.0,False
P86022,2,0.234829632400839,0.9850102369188786,1.0,False
P86023,2,0.0414092191120013,0.75035891242696,1.0,True
P86026,2,0.1033901266628899,0.9496807499876262,1.0,False
P86602,2,0.1501850541202596,0.6096324376517523,0.9333333333333332,False
P86606,3,0.1127260426462496,0.8391793631799245,1.0,True
P86608,2,0.0950407571690064,0.7428788269956732,0.9666666666666668,False
P86609,1,0.0741899667671911,0.9999999946636712,1.0,False
P86614,1,-0.002207751613779,0.9992944055729256,1.0,False
P86619,1,-0.0247340046751835,0.9998559907528476,1.0,False
P86620,1,0.0335672405917226,0.999990489391422,1.0,False
P86624,2,0.1289284841871723,0.7279808338833235,1.0,True
P87002,2,0.1319319406544542,0.9907097357918132,1.0,False
P87004,1,0.1754216506623004,0.9999999539477228,1.0,False
P87008,3,0.3180612756082181,0.9995830029646308,1.0,False
P87015,2,0.0428965048021611,0.9980720704644672,1.0,True
P87016,3,0.2726294006298176,0.9999092457958408,1.0,False
P87017,3,0.1314780267060408,0.8469346890540219,1.0,False
P87019,3,0.1889176343020309,0.9940778901421352,1.0,False
P87022,1,0.0925808387810738,0.9999986874752104,1.0,False
P87024,1,-0.0449594578839339,0.9994878258396342,1.0,False
P87025,3,0.0338974170873501,0.5240527507426154,0.9666666666666668,False
P87026,1,-0.0454391409335411,0.9992085990758606,1.0,False
P87027,2,0.0753792433699622,0.9998207186113292,1.0,True
P87032,2,0.0139896330871338,0.8814216398304491,1.0,False
P87035,3,0.2840987531733276,0.9997462790839506,1.0,False
P87040,2,0.1429532826906336,0.7991415710179779,1.0,False
P87610,3,0.0122593036362092,0.9991325826303208,1.0,True
P87620,1,-0.0398758126669616,0.9979658943037604,1.0,False
P87624,2,0.064280819727783,0.972724686598538,1.0,False
P87627,1,0.0136351066345784,0.9995106402842072,1.0,False
P87630,2,0.0508054501902854,0.9998644721504928,1.0,True
P87634,3,0.3199931813001524,0.9944026231744116,1.0,False
P87639,1,0.1562267136981001,0.9999995870131356,1.0,False
P87648,1,0.0798355797178898,0.9999992792294106,1.0,False
P87649,2,0.1431303008240936,0.9521264909589544,1.0,False
P87654,1,0.0237970033167719,0.8891809155179575,1.0,False
P87657,1,-0.0365480794422219,0.9984206758575436,1.0,False
P87658,1,0.020503446073907,0.9936660272089776,1.0,False
P88002,1,0.0380558834891408,0.9208827259611866,1.0,False
P88003,1,0.0607105520981101,0.9766938701942608,1.0,False
P88005,2,0.1522024532165108,0.9554661838794885,1.0,False
P88006,2,0.1003006153126587,0.817328617434964,1.0,True
P88007,2,0.0152467034014623,0.8894526732417656,1.0,False
P88008,2,0.2814728638754585,0.9922061249960454,1.0,False
P88009,1,-0.0299063747449295,0.9999328545923418,1.0,False
P88011,2,0.1082637753033978,0.9864332851119856,1.0,False
P88012,3,0.154725968791925,0.9505878669878528,1.0,False
P88013,3,0.2753534543430823,0.9994797435793868,1.0,False
P88014,3,0.1993433694286316,0.983714477145378,1.0,False
P88015,3,0.2971349132482376,0.9998558252772972,1.0,False
P88016,3,0.024041654278166,0.7673044960200477,1.0,True
P88017,2,0.2267496828772276,0.9820596618639408,1.0,False
P88018,2,0.1278045518297032,0.6761944949224509,1.0,True
P88019,3,0.0609795774410436,0.6463060760727763,1.0,True
P88020,3,0.2405889561336637,0.9918515239602038,1.0,False
P88021,2,0.0619727193347474,0.7840378725293679,1.0,False
P88023,3,0.1204662221104775,0.7681321252811285,1.0,False
P88024,3,0.1688726300285759,0.9552986370051502,1.0,False
P88025,3,0.1066327583292541,0.8619979247685455,1.0,False
P88026,3,0.2090341203197564,0.992200141848188,1.0,False
P88031,1,0.0298105410979418,0.9941259872885873,1.0,False
P88041,3,0.0119121401085616,0.73604755204145,1.0,True
P88042,3,0.1575003853175614,0.943548649584008,1.0,False
P88043,2,0.0563319347084535,0.9885358836553276,1.0,True
P88044,1,-0.008625213574876,0.9987871960863672,1.0,False
P88606,2,0.2412126798493983,0.814506125287526,0.9666666666666668,False
P88615,2,0.1109568994001049,0.850394362130573,1.0,False
P88623,1,0.1043090102395879,0.999982429571549,1.0,False
P88625,2,0.1714128487803745,0.7174673301050302,1.0,True
P88632,3,0.0758162940088349,0.557197120820985,0.9333333333333332,False
P89002,1,0.0862507181807071,0.9999991924081107,1.0,False
P89003,2,0.0875680897953307,0.9999843767124637,1.0,True
P89004,2,0.0983846157855927,0.9063149160418584,1.0,False
P89005,3,0.1699555247801835,0.636241928097438,1.0,False
P89006,3,0.1429313032694169,0.9900819892670818,1.0,True
P89007,2,0.2771035118080739,0.9324013796498888,1.0,False
P89008,1,0.1084805979647757,0.999999998839158,1.0,False
P89010,2,0.2363004756836467,0.9772097370435744,1.0,False
P89011,1,0.0815064559386228,0.999997279170159,1.0,False
P89012,2,0.0916526475029352,0.9898586394073694,1.0,True
P89013,1,-0.0370476612752811,0.9975696744720424,1.0,False
P89014,1,0.0522110731427243,0.9853170087369088,1.0,False
P89015,3,0.249675405164675,0.9985924314026514,1.0,False
P89016,1,-0.0378382739810814,0.999995641757338,1.0,False
P89018,2,-0.0042841952485767,0.859871807902415,1.0,False
P89020,2,0.1600024402584044,0.9566666702508144,1.0,False
P89021,1,0.0461224274091127,0.9867635902866488,1.0,False
P89022,2,0.2673051233222371,0.8980692875962869,1.0,False
P89023,2,0.1158971093144626,0.9157264223892096,1.0,True
P89025,2,0.170486616892393,0.97603029251267,1.0,False
P89026,2,0.2370718508506192,0.9568739623275744,1.0,False
P89029,1,0.0171588830667736,0.9860095929487817,1.0,False
P89030,2,0.2221404542117352,0.971850879611668,1.0,False
P89602,2,0.1479611691503185,0.9831139007312346,1.0,False
P89609,1,0.0912968850081071,0.9999996222798376,1.0,False
P89612,1,0.0315325256495449,0.7646889496653684,1.0,False
P89613,2,0.14763643366625,0.5198534713533501,0.7,False
P89618,1,-0.0568383427462259,0.967627545895261,1.0,True
P91003,3,0.0879675949564199,0.7064138374046043,1.0,False
P91004,2,0.1512480409836798,0.51708578350508,0.6,False
P91006,2,0.043214953591545,0.9997417973707542,1.0,True
P91007,1,0.1289430645522815,0.9999654400854538,1.0,False
P91008,2,0.1372462291040877,0.9821963777253028,1.0,False
P91009,2,0.1203293843047312,0.987631738324064,1.0,True
P91011,1,0.0156599214297359,0.9999989017548064,1.0,False
P91012,3,0.0581142326864966,0.9989668588191732,1.0,True
P91013,1,-0.0141844988445084,0.999996201665743,1.0,False
P91014,1,0.0592819568276455,0.9999765334088538,1.0,False
P91016,2,0.1960746115172261,0.8883513127412037,1.0,False
P91017,2,0.0823516601086515,0.9946165883653292,1.0,True
P91018,2,0.1165790069878566,0.9983854762748838,1.0,True
P91019,1,0.0216870078952342,0.925975474443721,1.0,False
P91020,3,0.1228859392648147,0.7676391246207634,1.0,False
P91021,1,-0.0429768788473419,0.7537030867332462,1.0,False
P91026,2,0.1065417914649116,0.9649390660895588,1.0,True
P91029,1,0.110627159356066,0.9999999112606448,1.0,False
P91035,2,0.1574960297496513,0.9867198074982634,1.0,False
P91603,2,0.2610859987640834,0.9967738972691764,1.0,False
P91604,1,0.0674233600071077,0.8590536107037156,1.0,False
P91617,1,0.1128455085043791,0.9999999962433356,1.0,False
P91623,2,0.1250994081620203,0.9760799829803402,1.0,False
P91627,1,0.007109205912022,0.7133698381108114,1.0,False
P91629,1,0.0929287181870148,0.9999999999999432,1.0,False
P91631,3,0.0898736323296113,0.5625810737996167,0.9,False
P92001,1,0.0100643024237245,0.999976609244536,1.0,False
P92002,1,0.1268018599956103,0.9685004786874434,1.0,False
P92003,1,0.0384711601228218,0.9999615984585896,1.0,False
P92004,1,-0.0083855110049377,0.9999999999998864,1.0,False
P92005,1,0.0520007473522289,0.9999999572919024,1.0,False
P92006,2,0.133397946727745,0.9927122080142736,1.0,True
P92007,1,0.0521343270818452,0.9999959965429271,1.0,False
P92008,1,-0.0311788177813127,0.9983228036633858,1.0,False
P92010,3,0.0374667389384007,0.9663438973732186,1.0,True
P92011,2,0.0032899784672698,0.9992534804343564,1.0,True
P92012,2,0.128011951825515,0.9656746286762324,1.0,True
P92014,2,0.0404169763856904,0.9999931833059952,1.0,True
P92015,2,0.0651624996091893,0.9388339760646216,1.0,True
P92016,2,0.1639967927354295,0.9462198629288392,1.0,True
P92017,2,0.0328730553344389,0.9872406856489452,1.0,True
P92019,1,-0.0107742844765574,0.9995014763857912,1.0,False
P92020,1,0.0707756617298478,0.9999770943347556,1.0,False
P92021,1,-0.0103082382289735,0.9995536970005278,1.0,False
P92023,2,0.1047290379770832,0.964143365169324,1.0,True
P92024,1,0.0475885079019533,0.9999999998103384,1.0,False
P92026,1,0.05483056873436,0.9999998378611312,1.0,False
P92028,3,0.0770104371799218,0.9999050243353536,1.0,True
P92029,1,0.1200035073955669,0.9999998685736012,1.0,False
P92030,1,0.0910875114087576,0.9999999288442244,1.0,False
P92031,1,0.0746114228632604,0.9999999987254036,1.0,False
P92033,2,0.0651236208236517,0.9993791764247127,1.0,True
P92034,3,0.0277261552261924,0.9974384037514852,1.0,True
P92038,2,0.0870815513426909,0.999891597908063,1.0,True
P92041,2,0.0163245820680933,0.8922863856053305,1.0,False
P92042,1,-0.0460356677915115,0.999756850237676,1.0,False
P92602,1,0.1431799068375925,0.9999999999997016,1.0,False
P92605,1,-0.0396811449567241,0.9977914089139412,1.0,False
P92607,2,0.1181881794236619,0.9131440031972016,1.0,True
P92615,2,0.1383286585644402,0.8910893981215584,1.0,True
P92620,1,0.1185048508290182,0.999959936215645,1.0,False
P92621,1,0.0979399695851745,0.99999996732624,1.0,False
P92626,3,0.2062192110538673,0.9932886983404844,1.0,True
P92630,1,0.0494727340861327,0.5126579348795988,0.4666666666666667,False
P92633,1,-0.0219419185599003,0.6338773620134677,0.9666666666666668,False
P92634,2,0.0604565498480579,0.9995674062902754,1.0,True
P92635,1,0.0929281768462775,0.999999675732812,1.0,False
P92637,1,0.1491697917247038,0.9961333643099728,1.0,False
P92639,2,0.0844319742765391,0.9981293125767224,1.0,True
P92642,2,0.0193726387627386,0.9954656059350816,1.0,True
P92646,1,0.062983470128124,0.9999832393627602,1.0,False
P92647,3,0.1143776323465402,0.9827892470326136,1.0,True
P92648,2,0.0238524018491372,0.9998215679940348,1.0,True
P92651,1,-0.0426917234955562,0.7392901906929586,1.0,False
Y00020,1,0.0942755207851094,0.9999460709458732,1.0,False
Y00026,2,0.2638869849729985,0.9768041905799149,1.0,False
Y00033,1,0.0594219391698648,0.9999994434066672,1.0,False
Y00050,1,0.0581983011945724,0.9999999992172376,1.0,False
Y00056,3,0.0084387672782225,0.999999999971788,1.0,True
Y00057,1,0.2446381481826206,0.9999999995458886,1.0,False
Y00060,1,0.0618873880342345,1.0,1.0,False
Y00078,1,-0.0296374967018067,0.7729661806150012,1.0,True
Y00080,2,0.0220396686398728,0.7950558176896275,1.0,False
Y00090,2,0.124527599116851,0.5922294386657418,0.9,False
Y00137,2,0.1691595025007675,0.8718696336207921,1.0,True
Y00140,2,0.0837781403342095,0.9923183272976288,1.0,True
Y00155,1,0.0303457247907447,0.9999999999056932,1.0,False
Y00159,3,0.0232360556149137,0.9960250946735194,1.0,True
Y00184,2,0.1060615100045204,0.60631040874411,0.9333333333333332,False
Y00185,3,0.0114059530139094,0.9966170105814132,1.0,True
Y00186,1,0.1003402531184453,0.9998933026749252,1.0,False
Y00200,1,-0.025054490784326,0.9398129505028586,1.0,False
Y00206,1,0.0008461157071316,0.9999998004703008,1.0,False
Y00228,1,0.0811885110338599,0.9999772307175232,1.0,False
Y00252,3,0.0681079500638781,0.9966169029471909,1.0,True
Y00265,1,0.1968706615897753,0.999999513625249,1.0,False
Y00278,1,0.1814356369314993,0.9999894536113728,1.0,False
Y00286,1,-0.0770982643390781,0.8649169003992327,1.0,True
Y00293,2,0.1418424303225333,0.9972439084522112,1.0,False
Y00297,2,0.0281639148387214,0.9324516944613196,1.0,False
Y00312,1,0.0037515318107648,0.998726674517466,1.0,False
Y00316,3,0.289318030631712,0.9991518106987186,1.0,False
Y00344,1,-0.0190759253867252,0.999995916126644,1.0,False
Y00347,2,0.2106497383067023,0.9870178021487066,1.0,False
Y00351,3,0.2331896366018754,0.9797671657439372,1.0,False
Y00352,1,0.1727967721774211,0.9995370154752392,1.0,False
Y00399,3,0.2839522418934611,0.9999059301807488,1.0,False
Y00403,3,0.0769880619472446,0.9999667094902376,1.0,True
Y00411,2,0.169964397833823,0.9961606099114524,1.0,False
Y00412,1,0.1159887653566954,0.999957500240908,1.0,False
Y00437,1,0.1098055977415879,0.9938144016546222,1.0,False
Y00445,2,0.0507533065033575,0.9998489085387932,1.0,True
Y00446,1,0.0823625627531283,0.9999991906136544,1.0,False
Y00469,2,0.2166898685598355,0.993980769300778,1.0,False
Y00471,3,0.1965764487629215,0.998727379443926,1.0,True
Y00475,3,0.0998119877443362,0.9493853360628652,1.0,True
Y00486,1,-0.042616233546211,0.9162415910641593,1.0,True
Y00492,1,0.1913849884443691,0.999997744854766,1.0,False
Y00507,3,0.2219981602481326,0.765354363439686,1.0,False
Y00560,3,0.1429618317065627,0.9773465057923012,1.0,True
Y00568,3,0.114574114202944,0.9421380578841376,1.0,True
Y00612,3,0.0559394195331039,0.9999836785325992,1.0,True
Y00726,2,0.1433476813787973,0.9150385365788836,1.0,True
Y00758,3,0.1081356283194032,0.8188310350448115,1.0,False
Y00774,3,0.0398920179503397,0.9994890009568996,1.0,True
Y00902,2,0.1313573055688551,0.936605405421672,1.0,False
Y00918,3,0.0811811100820397,0.704647896064728,1.0,False
Y00969,2,0.0117106717532939,0.9239030105422434,1.0,True
Y00996,1,0.1375060970290613,1.0,1.0,False
Y00999,3,0.2078847493496665,0.9388295666239,1.0,False
Y01008,3,0.0551920654511569,0.6516560030119546,1.0,True
Y01011,3,0.1270168733078277,0.9969415482193276,1.0,True
Y01050,3,0.1926958082759488,0.9960198320116856,1.0,False
Y01051,3,0.0928544908401447,0.6095003927285206,1.0,False
Y01057,1,0.0691553599034096,1.0,1.0,False
Y01066,1,-0.0297418217719295,0.994637195541826,1.0,False
Y01068,3,0.0395024623478449,0.99916026051344,1.0,True
Y01090,1,0.1111160755905074,0.999161373848558,1.0,False
Y01108,3,0.1766866356964924,0.9279485111280804,1.0,False
Y01118,1,0.0174899930734943,0.9999998578731274,1.0,False
Y01127,3,0.2840018101907761,0.9999120771346192,1.0,False
Y01132,1,0.2044972487646846,0.9999964843457736,1.0,False
Y01206,1,0.0281653317139848,0.99941819905128,1.0,False
Y01221,1,-0.0110334325977296,0.8830202695399513,1.0,False
Y01280,1,0.0703945962211241,1.0,1.0,False
Y01281,3,0.0597525406030748,0.5691125060894153,1.0,True
Y01291,1,0.0186791962252898,0.7562790988629131,1.0,True
Y01652,2,0.1942936660160286,0.9438509558419972,1.0,True
Y01655,3,0.0773315210298371,0.9776356434200728,1.0,True
Y01695,1,0.0737587639939734,0.9999999300200516,1.0,False
Y01719,1,-0.0160472860332162,0.8600368952594722,1.0,False
Y01756,1,0.0222023902064337,0.6863366127376689,1.0,False
Y01794,3,0.2298347890599107,0.9949899483326496,1.0,False
Y01795,2,0.1014493392554026,0.5630400422426274,0.8666666666666667,False
Y01812,2,0.0519244903134793,0.8267860268021123,1.0,False
Y01839,3,0.1273299048384591,0.5921499271705681,0.9,False
Y01922,3,0.1436241999453386,0.8732802140283126,1.0,False
Y01929,3,0.1744690112234009,0.9330249778388432,1.0,False
Y01948,1,-0.0066870587182818,0.9999998618119388,1.0,False
Y01964,3,0.2007572703916921,0.5904059192708219,0.9,True
Y02002,1,0.0482820332594777,0.9999609853873384,1.0,False
Y02117,1,-0.0161741081273311,0.9999992694984388,1.0,False
Y02177,3,0.0816128206029765,0.9975580221859754,1.0,True
Y02212,1,0.012700982289453,0.9995708132343116,1.0,False
Y02274,1,-0.008863226802523,0.9999893218873278,1.0,False
Y02319,1,-0.0593970250845403,0.6328526363681262,1.0,False
Y02322,1,0.1540527251977175,0.9995257416137056,1.0,False
Y02325,1,0.2472759404317374,0.9999941315391142,1.0,False
Y02342,1,0.0648455386904005,0.9417170552751114,1.0,False
Y02354,2,0.2171214062218895,0.9851043029924034,1.0,False
Y02378,1,-0.0161761784646195,0.6674210123304694,0.9666666666666668,True
Y02423,1,0.0352460819372362,0.520491302984318,0.7666666666666667,True
Y02463,3,0.159250474240808,0.7914995146648756,1.0,False
Y02466,2,0.1547905779012311,0.9677195843145456,1.0,False
Y02469,1,0.0073247940364123,0.5897445930772299,0.8666666666666667,False
Y02476,3,0.0649255821646722,0.7866171386831006,1.0,True
Y02494,1,0.1136881869253622,0.999999998930587,1.0,False
Y02510,1,0.0303311707682531,0.9999948507916214,1.0,False
Y02517,3,0.3335781946377996,0.9999409228608138,1.0,False
Y02519,2,0.156038029981343,0.986449556798618,1.0,True
Y02520,1,-0.0667787038048224,0.6289601266519752,1.0,True
Y02521,1,-0.0409449018985088,0.9955289096439608,1.0,False
Y02567,1,0.2472271812732891,0.9999549919073568,1.0,False
Y02571,1,-0.0662835049020295,0.6766549044261898,1.0,True
Y02575,1,0.0751726144455115,0.9999998750514087,1.0,False
Y02578,1,0.1369346135333935,0.9999988935276012,1.0,False
Y02586,1,0.0659671536249425,0.9999974838235488,1.0,False
Y02589,1,0.0722908390898047,0.997126590851299,1.0,False
Y02594,3,0.2723704686904372,0.999398651294654,1.0,False
Y02605,1,0.0640025219804837,0.7993482804816919,1.0,False
Y02606,1,0.0650295700421227,0.987654262007116,1.0,False
Y02611,1,-0.0081323393478364,0.7993914472321761,1.0,False
Y02622,1,0.0289508340644576,0.999999681161744,1.0,False
Y02626,3,0.2812363114454558,0.9991464821639916,1.0,False
Y02627,3,0.2293242128309286,0.9945375756441884,1.0,False
Y02633,3,0.2351294756472056,0.994129671048702,1.0,False
Y02636,1,-0.0396743036900891,0.399536490283255,0.5,True
Y02639,1,-0.0444402960111206,0.8959133627881865,1.0,True
Y02646,2,0.073233481325807,0.9999939258215692,1.0,True
Y02653,1,-0.0049629404025391,0.9999604245513544,1.0,False
Y02657,1,-0.063094308421315,0.8677818784667513,1.0,True
Y02663,3,0.1531096610822092,0.9376186369392426,1.0,False
Y02669,1,0.0013481939213186,0.8242915297260932,1.0,False
Y02671,2,0.0931167240311356,0.9972300446699924,1.0,True
Y02672,2,0.1428049347150941,0.8468497581947081,1.0,False
Y02676,3,0.1287673550852678,0.7997983833052704,1.0,False
Y02684,3,0.0013013088694505,0.9994223146815514,1.0,True
Y02686,1,-0.0495787493246188,0.6985027724502078,1.0,True
Y02692,3,0.0589894974887913,0.9999936972771932,1.0,True
Y02707,1,-0.0082816444258227,0.9927133846542716,1.0,False
Y02713,1,0.1161194612718773,0.9069334529030436,1.0,False
Y02718,1,-0.0295160233241618,0.8725045527901278,1.0,True
Y02720,1,0.0871545070451332,0.986622669584605,1.0,False
Y02721,1,0.091746592490563,0.8904510495273251,1.0,False
Y02736,3,0.2474356607344252,0.9883962869032292,1.0,False
Y02751,3,0.0946934340784876,0.9999418064822868,1.0,True
Y02753,2,0.1021754318184571,0.6955127141631239,0.9666666666666668,False
Y02755,2,0.0757704634828053,0.999569244439418,1.0,True
Y02757,3,0.1332412076901341,0.6815052012910499,1.0,False
Y02767,2,0.1103354052051758,0.9559544283467308,1.0,False
Y02769,3,0.2861454970128764,0.9999368687119724,1.0,False
Y02790,2,0.0439949254244306,0.8626536614344088,1.0,False
Y02794,1,-0.0323528179743767,0.9999985885361452,1.0,False
Y02795,1,-0.0163730041212921,0.9875549810734024,1.0,False
Y02807,2,0.0314196933020045,0.9326822962375414,1.0,False
Y02827,1,-0.0475592597678171,0.8881288550837042,1.0,False
Y02842,1,0.0964204011897085,0.9997849947472728,1.0,False
Y02847,3,0.1057169362408298,0.6812585396284554,1.0,True
Y02849,1,0.1687898019331177,0.9995698786209288,1.0,False
Y02867,1,0.0490001796020603,0.994731679638665,1.0,False
Y02875,2,0.0998466945538179,0.9984970856854792,1.0,True
Y02885,1,0.0760711280332342,0.9842203579878092,1.0,False
Y02886,1,-0.0250118502649149,0.8119910892356015,1.0,True
Y02890,3,0.0428036558110015,0.6880816692971731,1.0,True
Y02893,1,-0.0215756389118322,0.9999991684330224,1.0,False
Y02900,2,0.0835757405305804,0.7592037005662253,1.0,False
Y02906,3,0.0078876535337439,0.9999424737228806,1.0,True
Y02928,3,0.0598751740088351,0.9999914823130732,1.0,True
Y02936,1,0.0652480355526543,0.9866024288958948,1.0,False
Y02946,1,0.1615511483274675,0.9999965241441208,1.0,False
Y02960,1,0.0525762424576873,0.9999771354460306,1.0,False
Y02973,1,-0.0117556425020032,0.5525853008100309,1.0,False
Y02974,1,-0.0132701659396234,0.9999465090967918,1.0,False
Y02986,1,0.1528379369189684,0.9992717379028904,1.0,False
Y02987,1,0.0532043250919213,0.9999999780690668,1.0,False
Y03023,1,0.0710293901023266,0.9927575845141018,1.0,False
Y03035,1,0.0214020466363167,0.8935090224226803,1.0,False
Y03049,3,0.2610757204886681,0.9989681833946378,1.0,False
Y03052,3,0.1587872714592653,0.9799459689286956,1.0,False
Y03063,1,0.1205068787044598,0.8704981822867566,1.0,False
Y03079,1,0.17077188131718,0.9999949382286634,1.0,False
Y03124,2,0.0344840500951092,0.9252050189964331,1.0,False
Y03135,1,0.2273782207342178,0.9999998302985456,1.0,False
Y03222,2,0.1381683037278928,0.8449478597333493,1.0,True
Y03366,1,0.061917817334083,0.6178459210209436,1.0,False
Y03402,1,0.225072815128787,0.9999058098562794,1.0,False
Y03441,3,0.0604770390209275,0.999923546665156,1.0,True
Y03595,2,0.2093965118648569,0.998145306866204,1.0,False
Y03597,3,0.1314761190038807,0.9999909530433018,1.0,True
Y03602,2,0.0809979656481537,0.964038256251646,1.0,False
Y03663,1,0.1700218068021418,0.9996060548202496,1.0,False
Y03664,3,0.1950009028365991,0.6791738446652603,1.0,False
Y03755,1,0.1161770152025054,0.999999957007323,1.0,False
Y04266,2,0.1464047744994927,0.9935952818900512,1.0,False
Y04273,1,-0.0289937052859513,0.9998385350864808,1.0,False
Y04662,2,0.0492600545225372,0.8489151854405775,1.0,False
Y04664,2,0.1637278786505915,0.9877183451909102,1.0,False
Y04809,2,0.0797664147357804,0.9867678381964712,1.0,True
Y04882,3,0.3384097985989474,0.9999048281330584,1.0,False
Y04884,3,0.32323521342392,0.9998423321807528,1.0,False
Y04925,3,0.1067126771245718,0.6803130344609204,1.0,True
Y04957,3,0.3073472672643685,0.9999764752158492,1.0,False
Y04965,1,0.1486832248687302,0.9863574444945364,1.0,False
Y04969,3,0.3067494627286601,0.9990792827734504,1.0,False
Y04977,2,0.1853465452628531,0.8316016495256622,1.0,False
Y04995,2,0.0718798665143533,0.9855600502705724,1.0,False
Y05023,3,0.0137724704472813,0.996517051139577,1.0,True
Y05080,1,0.0721162839129894,0.9970920620062772,1.0,False
Y05167,1,0.0129548126027253,0.9999990331490862,1.0,False
Y05212,2,0.1742375461917412,0.997272106038625,1.0,False
Y05248,2,0.1443835923141812,0.997535422683648,1.0,False
Y05286,2,0.1560967813646016,0.971397746382598,1.0,False
Y05317,3,0.1727432055075937,0.9801512394948124,1.0,False
Y05318,1,0.0471545131257335,0.9951442479936226,1.0,False
Y05330,1,0.121654618862262,0.9941217880292672,1.0,False
Y05346,1,-0.039607520017591,0.8036422075438578,1.0,False
Y05349,3,0.0950254388316731,0.999024617543724,1.0,True
Y05363,2,0.2961008547928409,0.9976554823176956,1.0,False
Y05364,2,0.1424435694952857,0.991788268945618,1.0,False
Y05369,2,0.0184322590087054,0.9956250657426008,1.0,True
Y05622,2,0.0677525468535328,0.99992372352999,1.0,True
Y05690,2,0.0632668613712203,0.9991634681420348,1.0,True
Y05733,2,0.0591897422612707,0.955462133515282,1.0,True
Y05826,1,-0.049508463256619,0.7601002193588133,1.0,False
Y06007,2,0.0603696584814235,0.9552928649669188,1.0,False
Y06113,3,0.1702949751931067,0.9999999870998622,1.0,True
Y06218,3,0.3092267029480419,0.9997997532754928,1.0,False
Y06275,2,0.1037193352647757,0.999475339257986,1.0,True
Y06345,3,0.0498749226603784,1.0,1.0,True
Y06356,3,0.0810640737294023,0.7658098649457901,1.0,False
Y06378,1,0.2052696371677958,0.9999875406658278,1.0,False
Y06443,2,0.2572336574285533,0.9968626104315712,1.0,False
Y06545,1,0.0431729698030142,1.0,1.0,False
Y06592,1,0.0586846523095367,1.0,1.0,False
Y06659,3,0.2201632482357954,0.992372769410266,1.0,False
Y06792,2,0.0580693651618421,0.9996089531281918,1.0,True
Y06810,2,0.0749601680756835,0.8541530429236696,1.0,False
Y07014,1,0.1132186141034583,0.981890005539124,1.0,False
Y07025,3,0.2327356281828743,0.9955304631080548,1.0,False
Y07057,3,0.2404186828503337,0.9935486976576636,1.0,False
Y07059,3,0.2844587908649953,0.9998168571457152,1.0,False
Y07060,2,0.0487503706088639,0.944871739768166,1.0,False
Y07275,2,0.0579593557523484,0.9974466726159038,1.0,True
Y08371,1,0.1070888751320337,0.9996589347853884,1.0,False
