practice_code_standardised,kmeans_cluster,silhouette_value
A81001,1,0.052845884829437376
A81002,2,0.2694420229144385
A81004,3,0.0162503321483272
A81005,3,0.09108633211957795
A81006,2,0.08968546137636965
A81007,2,0.08233817347862799
A81009,3,0.2321007936470451
A81011,2,0.2203232512899995
A81012,2,0.09798048461511659
A81013,2,0.303188281596908
A81014,2,0.19144392387068732
A81016,2,0.10771948594495245
A81017,2,0.07043633723406277
A81018,3,0.08985721431979199
A81019,2,0.21200070765152873
A81020,2,0.08228172935331712
A81021,2,0.22293161495321717
A81022,3,0.098245916394393
A81023,1,0.005329496386577028
A81025,2,0.09468246881194427
A81026,2,0.0771453872215113
A81027,3,0.0631049187583538
A81029,1,0.045152213939072934
A81030,2,0.15721693931917444
A81031,2,0.20524782882448478
A81032,2,0.14110024578588767
A81034,3,0.14741541906993308
A81035,2,0.11558610516125599
A81036,3,0.08273004554007579
A81037,2,0.09069423489847685
A81038,3,0.2778690214050598
A81039,2,0.10520168444337151
A81040,2,0.1141475371699938
A81041,2,0.2688837075495055
A81042,1,-0.07614038579907316
A81044,3,0.28933434071096753
A81045,2,0.12110840373565687
A81046,2,0.09321930889926348
A81048,3,0.02415177684896418
A81049,2,0.06930119649827184
A81051,2,0.13026747672259933
A81052,2,0.10772457062628114
A81053,2,0.19046932122339688
A81054,2,0.08608352524444438
A81056,2,0.08572797287081504
A81057,2,0.10144331617290486
A81058,3,0.2751343311013087
A81060,3,0.2611296575306929
A81063,2,0.12292552877821104
A81064,3,0.21800853327314904
A81066,2,0.31985275250323786
A81067,2,0.12932370605501906
A81070,2,0.1328979013800371
A81602,1,-0.013545613810709832
A81608,1,-0.030299778382601734
A81610,2,0.16010722199314786
A81611,3,0.27555648364427615
A81612,2,0.30832294948754
A81618,2,0.14053646178510143
A81621,2,0.09766229481161387
A81622,2,0.28495552438424165
A81629,1,-0.020398217991094023
A81631,2,0.19483556528519064
A82003,2,0.1305301372044897
A82004,2,0.1114245136646754
A82005,2,0.3102239838192349
A82006,3,0.28231998051908763
A82007,2,0.2069761595191445
A82008,2,0.11354892514164217
A82009,3,0.23566456575085606
A82010,1,-0.03525602135685657
A82012,3,0.13003411439247414
A82013,3,0.13176652439391756
A82014,3,0.05186504833974952
A82015,2,0.1430481805214834
A82016,3,0.007194228002922435
A82018,3,0.27367369068284125
A82020,1,0.04994692119325068
A82021,2,0.08101587401271149
A82022,2,0.03426013615808239
A82023,3,0.3180118020914095
A82024,2,0.16251678978732537
A82025,2,0.2745008091045444
A82026,2,0.23497921550468065
A82027,2,0.01163376127041914
A82028,3,0.08727900880846502
A82029,2,0.291722444590688
A82030,2,0.1677469436927332
A82031,2,0.1791610318258169
A82032,3,0.2780908630924945
A82033,2,0.21936657170251042
A82035,2,0.034800232126723514
A82036,3,0.2596786781684924
A82037,2,0.17038433978157178
A82038,3,0.29846524627643267
A82039,2,0.2645225096558851
A82041,3,0.16426116689382586
A82044,3,0.02775734976589934
A82045,3,0.15266322162044182
A82046,1,-0.05757704426406488
A82047,3,0.15098992037499684
A82053,2,0.012120450328339449
A82055,3,0.16182924069396967
A82062,2,0.1536526110527373
A82064,2,0.16610339943059946
A82068,2,0.21222081884526006
A82070,2,0.30971145741710576
A82071,2,0.17299979708970092
A82072,1,-0.024864951989506546
A82075,2,0.22116761682437647
A82608,2,0.25631719307470285
A82613,1,-0.010081076616834236
A82617,3,0.21152990653144962
A82620,1,-0.0340715336846114
A82629,1,0.055629745556259526
A82631,3,0.2767445775497457
A82646,2,0.17895775514326176
A82647,2,0.06257990694670654
A82650,2,0.1752548341587982
A82651,2,0.2838133769248889
A82654,2,0.10418465700931467
A83001,3,0.11549266895542978
A83003,2,0.2850028459961716
A83005,3,0.19619184701948164
A83006,3,0.17913835213172252
A83007,2,0.2876279811737488
A83008,2,0.0161459905699944
A83009,3,0.07772484076186452
A83010,2,0.25064594312543637
A83011,1,0.016817849676376367
A83012,3,0.03336019630966243
A83013,2,0.23394309439559163
A83014,2,0.19867700178034295
A83015,2,0.2790530991029401
A83016,2,0.04680559278660216
A83018,2,0.0057665990018805026
A83020,2,0.17033283579237773
A83021,2,0.15714222092678892
A83022,2,0.05645533193438809
A83023,3,0.019476032499423517
A83024,2,0.21206141389243519
A83025,2,0.14455842714736122
A83026,2,0.12963960025342533
A83027,2,0.04298124153225523
A83028,2,0.18318931508122402
A83029,2,0.143111962054567
A83030,3,0.12872785156782118
A83031,2,0.19873040398381028
A83032,2,0.03615140069792932
A83033,3,0.09556468861525191
A83034,2,0.15715017210903134
A83035,3,0.19474137804024488
A83036,2,0.022563137749811044
A83037,3,0.21745142113465646
A83038,2,0.08816070604673125
A83040,2,0.1710180234145577
A83041,2,0.1355741261233345
A83043,2,0.2199872469055457
A83044,2,0.09529351741040527
A83045,3,0.10545535231544821
A83046,2,0.29805601620894073
A83047,2,0.176301244690925
A83048,3,0.05630140346823522
A83049,2,0.2088598961873906
A83050,2,0.19774613911748132
A83051,1,-0.03648813037310518
A83052,2,0.12572284722842503
A83054,3,0.16510347761255298
A83055,2,0.005499764444228257
A83057,2,0.005437116036310008
A83060,2,0.13075431684631722
A83061,1,-0.05460054616495848
A83066,2,0.24280263978790248
A83070,2,0.3106892854229301
A83071,2,0.2613018910097384
A83072,1,-0.0561112459346326
A83073,2,0.2561029131601712
A83074,2,0.07574899368167609
A83075,2,0.13885467192788206
A83610,2,0.21289443266395033
A83616,2,0.278790587013756
A83617,2,0.07750102154271456
A83618,3,0.18625862203447507
A83619,1,-0.04212626011372448
A83622,2,0.09696522012544621
A83626,2,0.16457372601378245
A83627,3,0.11145111246034614
A83634,2,0.07816351899701073
A83635,2,0.22296565732853554
A83636,3,0.2710727798801665
A83637,2,0.1558021279797646
A83641,3,0.022429957513560236
A83644,1,0.03171164753356164
A84002,2,0.05682905919533866
A84005,3,0.2558522382719304
A84006,3,0.07228213585329114
A84007,3,0.24153772243917296
A84008,3,0.07945876574448922
A84009,3,0.05720386459926606
A84011,2,0.2768775586911085
A84013,2,0.2162114281964706
A84014,2,0.3107693669512564
A84016,2,0.14368117832115868
A84018,2,0.04211102298799505
A84020,2,0.08038524987267329
A84022,3,0.25106171170749886
A84024,2,0.09831745621507137
A84025,2,0.1537651682377303
A84026,3,0.1546217882459938
A84027,2,0.030047368467513047
A84028,2,0.18450057887941892
A84029,3,0.15927137217351683
A84030,2,0.0944636447012175
A84031,3,0.19243843230639757
A84033,2,0.29681935700470463
A84034,2,0.24514642375724938
A84035,2,0.31257975514595476
A84036,3,0.23694108375971337
A84037,2,0.21163960371811164
A84038,3,0.10069901732173814
A84039,2,0.2614028262987334
A84040,2,0.08399529373968491
A84042,2,0.09278551470331439
A84044,3,0.145390051209042
A84045,3,0.026304356884707916
A84047,2,0.2615117312977202
A84604,2,0.023838080346477004
A84619,2,0.070757616238754
A85001,1,-0.08353832590386806
A85002,2,0.24149805979817068
A85004,3,0.07667439802019961
A85005,2,0.025537817178949793
A85006,3,0.26072261544588893
A85007,2,0.18937551811571862
A85008,3,0.10847975156159723
A85009,2,0.12591640915130645
A85010,2,0.21770435483495632
A85011,2,0.00874232002047252
A85013,2,0.1690808990835323
A85016,2,0.12846544362464818
A85017,2,0.18662280947624466
A85018,2,0.05410598501593848
A85019,2,0.06487491292340467
A85020,2,0.15880602306081676
A85021,2,0.12931271639719571
A85024,1,0.05248247457145065
A85026,3,0.116992625320586
A85611,2,0.025472135457456607
A85614,2,0.2547539463050453
A85616,2,0.17382352160704126
A85617,2,0.07471677373055942
A86003,1,0.00572186180340206
A86004,2,0.07647418431534432
A86005,2,0.07797797131315838
A86006,2,0.2775111804513498
A86008,2,0.21157951469944586
A86010,3,0.26191519402809
A86011,3,0.1638598262980143
A86012,2,0.06114359481644317
A86013,3,0.10160413245346728
A86016,3,0.20714537464515412
A86017,2,0.08723775087022058
A86018,3,0.30275531644229436
A86020,1,-0.0030870175686884254
A86021,3,0.09112909284143192
A86022,3,0.17469134986559975
A86023,3,0.25837733046893135
A86024,2,0.0013459296059315318
A86025,3,0.1054770742331863
A86026,3,0.14147420490028673
A86027,1,0.07962977544383881
A86028,2,0.05927104464911205
A86029,3,0.2438076758532998
A86030,2,0.21618625426570381
A86031,2,0.061661755744431584
A86033,3,0.0646573285538801
A86037,2,0.20146509854811553
A86038,2,0.07757886534496419
A86040,3,0.32059375812056795
A86041,2,0.19825209626728657
A86601,2,0.07898700819112729
A87002,2,0.11041405026780444
A87004,2,0.29441818435066847
A87005,2,0.30928121609158565
A87007,2,0.023699657726301025
A87008,3,0.024901897863363918
A87009,2,0.18455663111674406
A87011,3,0.05096783101929817
A87012,2,0.23132915071769233
A87013,2,0.15235920571889885
A87016,2,0.17572290463091997
A87017,2,0.18941007462852044
A87020,2,0.10412828479615743
A87022,3,0.11566332672675438
A87029,2,0.03177883567885651
A87030,2,0.09369212915366408
A87612,3,0.25015045218033494
A87615,2,0.047369460556299564
A88001,3,0.09279793642169752
A88002,1,-0.002378665841022015
A88003,1,-0.05225359102470944
A88004,2,0.15636539554963352
A88005,3,0.17475085602323215
A88006,2,0.1358130083092378
A88008,2,0.15788965800225993
A88009,1,0.08142944382431255
A88010,2,0.034148103455693316
A88012,3,0.0913418296281371
A88013,3,0.06538828986508499
A88014,1,0.05809798688407736
A88015,2,0.1671918355386974
A88016,2,0.11178613393388503
A88022,2,0.10513506736705697
A88023,2,0.26450382354477636
A88025,1,0.07599226992445704
A88601,1,-0.0683101355669892
A88608,2,0.12522434004362973
A88613,1,0.13679209140282636
A89001,2,0.11253444919559691
A89002,2,0.147476147928914
A89004,3,0.2220146710997946
A89005,1,0.11420124299747277
A89006,2,0.08888526016804504
A89007,1,0.13929031025872546
A89008,3,0.1354866304588621
A89009,1,-0.030522067590190775
A89010,2,0.12643185111140898
A89011,1,0.017050211329647617
A89012,1,-0.062252201805523405
A89013,2,0.07669851236625061
A89015,2,0.03423912228486406
A89016,3,0.13454828190307663
A89017,2,0.07023844289642973
A89018,1,-0.024352943967056093
A89019,3,0.2494262734215642
A89020,3,0.3213560787950627
A89021,2,0.14556696226375174
A89022,2,0.21918701562581802
A89023,2,0.049335380951787466
A89024,2,0.24753748515340437
A89025,2,0.16600723673941847
A89026,2,0.256005201425557
A89027,3,0.043383352576266375
A89028,2,0.23673160348084402
A89030,2,0.058995633744221544
A89031,2,0.13805325261563137
A89034,2,0.21061675383260692
A89035,2,0.12768535225457853
A89036,1,-0.0027521564781198284
A89040,1,0.1327694557005042
A89041,2,0.1097187340320168
A89616,2,0.10030962934899039
A89617,2,0.16608168842833484
A89623,1,0.04481155053582972
B81003,3,0.30155798470975387
B81004,2,0.007934206338826407
B81005,3,0.20324679339624876
B81006,3,0.024288100383927688
B81007,2,0.09920352777622987
B81008,3,0.27936917304192077
B81009,2,0.17230795425212606
B81011,2,0.21963536123213048
B81012,1,-0.02623504513567601
B81013,3,0.037321673839044806
B81015,3,0.18880232060068344
B81016,3,0.18275658239098302
B81017,1,-0.026276505778013978
B81018,3,0.11984403941285632
B81020,2,0.07501774076238962
B81022,3,0.1039554595839207
B81024,2,0.14353787391819894
B81025,3,0.06185103522608639
B81026,3,0.05008988872696897
B81027,1,0.004072712761700972
B81029,2,0.21065707731451858
B81030,2,0.2044222211121314
B81031,2,0.05800996718744236
B81032,2,0.12644161280956653
B81034,3,0.016906745601498834
B81035,2,0.3151462965206859
B81036,3,0.24220717722662172
B81037,2,0.12532438489167125
B81038,3,0.011398468221627451
B81039,1,-0.015336878095270465
B81040,2,0.23762772024872925
B81041,3,0.286313279566359
B81042,3,0.03891987348488288
B81043,2,0.1799112365852067
B81045,3,0.046329227080489144
B81046,2,0.017591412986228086
B81047,2,0.19938531702935547
B81048,1,0.0033432055111124025
B81051,2,0.20188463439071086
B81054,2,0.1506606329111347
B81061,2,0.011040343166566418
B81063,2,0.13302943869897013
B81064,3,0.0733314248078689
B81068,2,0.026811421478232747
B81069,3,0.17309305679353956
B81074,2,0.1430231366296416
B81075,3,0.14210067334551307
B81082,2,0.27880099795220714
B81085,2,0.07889775041393356
B81087,2,0.16911329909020945
B81088,3,0.1535316930880363
B81090,2,0.1217821232411391
B81091,3,0.12276160176265839
B81092,2,-0.006108717868893603
B81097,1,0.05426174191275662
B81099,3,0.09406778242303834
B81100,2,0.1570169718205322
B81101,2,0.10249133309429795
B81104,2,0.10110153733310365
B81108,1,-0.028412334591576913
B81109,3,0.20461246400503927
B81112,3,0.07664501015016156
B81113,3,0.12408195665144893
B81118,2,0.23599549682513657
B81119,2,0.07098306291740407
B81606,3,0.11240821387553512
B81616,1,-0.05499906867037034
B81617,2,0.0826697194578645
B81619,1,-0.010058446788721639
B81628,1,0.09007162776282773
B81631,2,0.28374422848812425
B81635,2,0.2501987088406114
B81642,3,0.13267313458399266
B81647,2,0.1043912721539682
B81648,2,0.02079875510906976
B81653,2,0.15105285000060198
B81655,1,-0.0428571241855851
B81656,1,-0.03655704265558053
B81663,1,0.012824465109174274
B81665,3,0.07830601959720682
B81666,1,0.05403612837849633
B81697,1,-0.04358568735868487
B82002,3,0.22509794690177717
B82004,3,0.18341701101121738
B82005,1,-0.03670718174956121
B82007,3,0.05234909306556728
B82008,3,0.1118652991363627
B82010,3,0.10289848760001834
B82011,2,0.09718929987141971
B82012,2,0.17464471233333398
B82013,1,0.014258573361600633
B82014,3,0.032469776423186075
B82016,3,0.2866953645671364
B82017,2,0.28726669491774276
B82018,2,0.29516279493135533
B82019,2,0.22336594770347623
B82021,2,0.25564523186942345
B82022,3,0.003641057660792668
B82023,2,0.05717339339192761
B82024,1,-0.027010976845978772
B82025,2,0.3010483697561353
B82026,2,0.08633754025488474
B82027,3,0.24591379349485462
B82029,2,0.048863730520387075
B82030,2,0.2439411269689137
B82031,3,0.1846050124813203
B82032,3,0.24970611405866092
B82033,2,0.20880388194181246
B82034,2,0.11956146120618005
B82035,2,0.059048940716758
B82036,2,-0.00023987154199922158
B82037,3,0.010342697677597601
B82038,2,0.21914149626369084
B82041,2,0.04919552300505775
B82042,2,0.05120166470554733
B82044,2,0.0471506366290555
B82045,3,0.06252144250487852
B82046,2,0.16051650454297595
B82047,2,0.0877093038517325
B82049,3,0.19760051405079054
B82050,2,0.24274156753842493
B82053,2,0.10890119144618342
B82054,2,0.126251619134687
B82057,3,0.058134604900936464
B82059,3,0.2296702560408807
B82060,3,0.2512677594540108
B82061,2,0.1062309302818726
B82063,2,0.2997283986344724
B82064,2,0.07501507761124816
B82066,2,0.1792209523683449
B82067,2,0.05608067549767308
B82068,2,0.1308375481979986
B82069,3,0.18922731785155125
B82071,2,0.26795113966758644
B82072,2,0.09926500468947638
B82073,2,0.2651766933913515
B82074,2,0.22995737467155714
B82075,2,0.18594394729711636
B82077,3,0.06938697493950678
B82078,2,0.0644701976215026
B82079,2,0.055857491989303704
B82080,3,0.2852119725620334
B82081,3,0.2974149695290364
B82083,3,0.1685803483331169
B82086,1,-0.0420281023665678
B82088,2,0.12215264611412183
B82097,2,0.14785347679512292
B82098,2,0.12366069490968763
B82100,3,0.18719218533326387
B82101,3,0.2633481244866509
B82104,3,0.19696564287101245
B82105,3,0.03288985047698185
B82106,2,0.24192785181937237
B82609,2,0.25801042662613105
B82619,1,-0.0030431535116430663
B82622,1,-0.003835843502016348
B82628,2,0.29464197634487055
B83002,2,0.155236974025559
B83005,3,-0.0003797180387470232
B83008,1,0.036891318156480536
B83009,1,-0.033660746370686306
B83010,3,0.07666930656287477
B83012,3,0.0897372849951137
B83014,2,0.027176380292108202
B83015,2,0.005719207989200931
B83016,2,0.16255119709160706
B83018,3,0.17969551174757203
B83019,3,0.06346280385717457
B83020,3,0.164764877724629
B83022,2,0.22876314893547356
B83025,2,0.08415790139342431
B83026,3,-0.0019411469786299246
B83028,2,0.02086580714108185
B83029,2,0.22247684747983787
B83031,3,0.06307505244279143
B83032,3,0.12673070661411057
B83033,3,0.17950531767814168
B83034,3,0.1750082310721157
B83035,2,0.06834781599235858
B83037,3,0.11641345888958304
B83038,3,0.28001197202356504
B83039,3,0.0989516361675018
B83041,1,-0.027088914944025693
B83042,3,0.07808651749266304
B83045,3,0.11018914831836406
B83051,3,0.09093587143816449
B83052,2,0.0034330185926385137
B83054,3,0.2711086606575485
B83055,3,0.08563055529876269
B83056,2,0.05309001096167565
B83058,3,0.08605072760811634
B83062,2,0.07461689335870005
B83063,3,0.17089058737309468
B83064,3,0.3320218079498056
B83067,2,0.021645741528225543
B83604,1,-0.036024922746609844
B83611,3,0.03315885848840685
B83614,3,0.07548114584091586
B83620,1,-0.021803569360328973
B83622,3,0.03481013624223497
B83624,2,0.06637058352734747
B83626,3,0.089700307428401
B83627,2,0.07822820746878867
B83628,3,0.09949185629322793
B83629,1,-0.02413212308150462
B83641,2,0.06248298052681522
B83642,2,0.2089170684173273
B83653,3,0.10792709748781615
B83657,1,-0.0016558402148100554
B83659,3,0.024885973455156328
B83660,3,0.10182645167687286
B83661,3,0.07966527775876554
B84001,3,0.32670747010454415
B84003,2,0.20926283144797872
B84004,2,0.28998362528926963
B84006,2,0.2325874609427482
B84007,3,0.22604246071073786
B84008,3,0.2575058067295797
B84009,2,0.12311721131936623
B84010,3,0.28340503449629373
B84011,2,0.10696380895616285
B84012,2,0.045572317370768944
B84013,2,0.08514562184157376
B84014,2,0.26928308054704597
B84016,2,0.060958507005048936
B84019,2,0.11541803052700841
B84021,2,0.11589276135584152
B84612,3,0.09061020603254431
B84613,2,0.21478404354521555
B84618,3,0.1618148127958128
B84623,2,0.15030608062394854
B85001,2,0.10385291340901748
B85002,2,0.277230806459261
B85004,2,0.09303073121693656
B85005,3,0.05580651358268529
B85006,2,0.14883409477500734
B85008,2,0.09670181377865912
B85009,2,0.1808973828519362
B85010,1,0.010615991087017034
B85012,2,0.04255275432676112
B85014,3,0.06980756520781843
B85015,3,0.03701049000093038
B85016,2,0.195901709930834
B85018,2,0.09318002989237092
B85019,2,0.11744989737052054
B85020,2,0.1523214819243945
B85021,2,0.2056819945436237
B85022,2,0.21365548077056748
B85023,3,0.18901959643693333
B85024,2,0.0666423386381633
B85025,2,0.22481245939184286
B85026,3,0.10250048137707544
B85027,3,0.2731949582755445
B85028,1,0.004773686132637807
B85030,3,0.09947817316146199
B85031,2,0.25800761106375014
B85032,2,0.15129438460788305
B85033,3,0.17780866129544054
B85036,3,0.011208187822067582
B85037,2,0.2139133809619208
B85038,2,0.02202316473483597
B85041,1,0.0518670028164297
B85042,2,0.08091624869232672
B85044,1,0.0034301538484589195
B85048,1,0.09991700942258716
B85051,3,0.07504281496444884
B85054,3,0.026946212395842238
B85055,3,0.14195815643755905
B85058,1,-0.044246690237978614
B85059,3,0.15203373306723758
B85060,3,0.3063236597204866
B85061,2,0.26815144554552317
B85062,1,0.05789620109568048
B85606,3,0.03188147726083118
B85610,3,0.0654852046205244
B85611,1,0.17391270872326858
B85612,2,0.10285090807974019
B85614,1,0.0039086409541599035
B85619,1,0.0021883542906097372
B85620,1,-0.0228913955146181
B85623,3,0.11849786922662964
B85634,3,0.020427546137373513
B85636,2,0.0939111418493813
B85640,1,-0.04810388365710685
B85641,2,-0.0018016215033416056
B85645,1,0.08338025332489626
B85646,2,0.08619742872208683
B85650,2,0.20401552700457912
B85652,2,0.11291582392003632
B85655,2,0.054844463207880834
B85659,1,-0.00807606814506808
B85660,1,0.04839388514187172
B86002,2,0.0827909735465926
B86003,2,0.13685885313347304
B86004,2,0.1970705956493889
B86005,2,0.28670353452638575
B86006,3,0.11509170437679762
B86007,2,-0.010455017933039993
B86008,2,0.11904964853429911
B86009,2,0.10593630842353485
B86010,2,0.12278807690908883
B86011,2,0.19088494492344965
B86012,3,0.031872453479410395
B86013,1,-0.0461848803206254
B86014,2,0.19563931713297128
B86015,2,0.04713239209542355
B86016,3,0.2987269315298501
B86017,3,0.16505129265727966
B86018,2,0.09185449334738931
B86019,2,0.10889327415416888
B86020,2,0.24254545925316245
B86022,1,-0.06735461693926723
B86024,2,0.15517048899656438
B86025,2,0.12555048802939772
B86028,2,0.060612353892972974
B86029,2,0.029637547994074514
B86030,2,0.08226533627656928
B86032,3,0.1682969560413218
B86033,3,0.14464573795495114
B86034,2,0.22321694514893523
B86035,2,0.12433870046588431
B86036,3,0.0912024434105114
B86038,2,0.1331918969650702
B86039,3,0.29766208062897914
B86041,3,0.2964155843791936
B86042,2,0.1359221626332722
B86043,2,0.22361241587467262
B86044,3,0.20515985734927633
B86048,2,0.14856741860608605
B86049,2,0.15156714893245168
B86050,2,-0.00980529589418642
B86051,2,0.11776185975035192
B86052,2,0.23271732876313692
B86054,3,0.281299387863252
B86055,1,0.12891063351052479
B86057,2,0.043533149570116926
B86059,2,0.10644730249057159
B86060,3,0.10689196045086417
B86061,1,-0.019364106313801806
B86062,3,0.3146611730161362
B86064,2,0.26806545649410063
B86066,3,0.235418806321743
B86067,2,0.01962316227195576
B86068,3,0.1675309137677755
B86069,2,0.1484893308249563
B86070,2,0.00750040780554001
B86071,3,0.23335480297706385
B86075,3,0.264535620391451
B86081,2,0.08291056496556212
B86086,2,0.17453031126208687
B86089,1,0.015180340554019926
B86092,2,0.18988225188145702
B86093,3,0.18536856404439891
B86094,1,0.07143319693487908
B86096,2,0.1558042710410793
B86100,3,0.16544068121703012
B86101,2,0.2420399886552809
B86103,1,-0.08363960043342213
B86106,2,0.18834066230076882
B86108,2,0.2570503263459605
B86109,2,0.11249831394196722
B86110,1,0.09552359220027806
B86623,1,0.13018931290908003
B86642,2,0.16203433547258964
B86643,1,-0.007877937776878915
B86648,3,0.23323524216834063
B86655,2,0.15187764786998306
B86658,2,0.23959317614513698
B86666,3,0.06789571961361064
B86667,2,0.3045252792214847
B86669,1,0.01084413168065481
B86672,3,0.006785324183713281
B86673,2,0.19888539470969255
B86675,1,0.14735013194791105
B86678,2,0.07964021602061891
B87001,3,0.09431082576642541
B87002,3,0.08643490872209449
B87003,2,0.11969288639652877
B87004,3,0.009788159753444072
B87005,2,0.18216507261730272
B87006,2,0.20441306024951922
B87007,3,0.19138601280790693
B87008,2,0.10460499186499769
B87009,3,0.09657720279378812
B87011,3,0.12294066960015536
B87012,3,0.02624575573830277
B87013,2,0.1787103490722486
B87015,3,0.018119694801642404
B87016,2,0.15513353899036622
B87017,3,0.10315607607632717
B87018,3,0.030785242990457456
B87019,2,0.23719695130370025
B87020,2,0.04323600245405422
B87021,2,0.2178032234057187
B87022,2,0.11239737886048239
B87025,2,0.04250235497327551
B87026,2,0.23239327219447214
B87027,2,0.2429383919539099
B87028,2,0.11070345605822701
B87030,3,0.26877820879693926
B87031,2,0.1253038833683523
B87032,2,0.2131664504271777
B87033,2,0.32475635434360706
B87036,2,0.1121369878022003
B87039,3,0.06977899007938895
B87042,2,0.07578412639579417
B87044,1,-0.03261893440257108
B87602,2,0.023217257562996273
B87604,1,-0.045507738016605216
C81001,3,0.30967393073806565
C81002,3,0.1830765396223897
C81003,2,0.19885618620575488
C81004,3,0.03572930400965507
C81005,3,0.11558582002335668
C81006,1,-0.02320690351260358
C81007,2,0.15603885125232372
C81008,2,0.04807872031595649
C81009,1,-0.02079327511237309
C81010,1,0.046333228779814384
C81012,3,0.07045653000940598
C81013,2,0.017770492523050827
C81014,2,0.0831805785081161
C81015,2,0.25872829972641315
C81016,3,0.023410289069470305
C81017,2,0.18935370601518547
C81018,2,0.15750407739016795
C81020,2,0.10538747052026777
C81021,2,0.23975207131617884
C81022,2,0.1775675157137138
C81023,2,0.2812976656400656
C81025,2,0.06613330409685493
C81026,2,0.12715561229593078
C81027,2,0.15630534824709985
C81029,2,0.13882956449916212
C81030,3,0.10545280922027307
C81031,2,0.06804389258837822
C81032,3,0.027354934957212074
C81034,3,0.17612302756288215
C81035,2,0.14436734496678355
C81036,3,0.23283142330220352
C81037,2,0.26250018451736
C81038,2,0.13928365851106092
C81039,2,0.0866812598259398
C81040,2,0.11682481499007287
C81041,3,0.25602743773090275
C81042,3,0.03101971749415633
C81044,3,0.03459235631563645
C81045,2,0.16295344219674057
C81046,2,0.14520993941661464
C81047,3,0.06245129838348067
C81048,3,0.09647968162499411
C81049,3,0.11042297241538036
C81050,2,0.28426734031858025
C81051,3,0.18281100433354247
C81052,2,0.038884538671142325
C81053,2,0.10125000269716936
C81054,1,0.0346300482723431
C81055,2,0.08720650097039079
C81056,2,0.2463564229495605
C81057,2,0.19886441649923295
C81058,2,0.0898164162262397
C81059,2,0.11378027971664294
C81060,2,0.19818365290173862
C81061,2,0.07159082383537788
C81062,2,0.1486344847376133
C81063,3,0.0803326387770111
C81064,2,0.110390080022884
C81065,2,0.02277228931523268
C81066,3,0.08701803687648237
C81067,2,0.21008468853699303
C81068,3,0.06745910667706291
C81069,2,0.16873240114089672
C81070,3,0.12048073294189533
C81071,1,0.1019523400781455
C81072,3,0.32236274863548137
C81073,2,0.1814657740722345
C81075,2,0.2539928857287609
C81080,2,0.12352841682192674
C81081,3,0.2907290040852749
C81082,2,0.18434666162996033
C81083,2,0.15173701357692096
C81084,3,0.16556409809731476
C81086,2,0.09072790388031722
C81089,2,0.18455479010938436
C81091,3,0.06270508046385609
C81092,2,0.17827137306770213
C81094,2,0.13964577375013323
C81095,2,0.08610717675435976
C81096,2,0.17313502017239793
C81097,2,0.2501446758298379
C81099,2,0.17083872524631669
C81101,2,0.269301433584462
C81106,3,0.2691672763952043
C81108,2,0.08998181618716594
C81110,2,0.1928391159224015
C81113,3,0.2589124641937885
C81114,2,0.20432602924365564
C81115,3,0.0400740022406503
C81118,3,0.05173643458250882
C81604,2,0.1732881267302249
C81611,3,0.13500566637838451
C81615,3,0.10078212243204637
C81616,3,0.02065434597096024
C81634,2,0.1817106896161964
C81638,2,0.0988844922062828
C81640,1,-0.029434261802981424
C81647,2,0.15265171111032763
C81649,2,0.10937388330359209
C81652,2,0.1029143456889652
C81653,2,0.113515644848664
C81655,2,0.1421378287726837
C81658,3,0.09969901420549392
C81662,2,0.03438478270363493
C82001,2,0.13076194734295027
C82002,3,0.23796194388027056
C82003,2,0.2524761307992033
C82005,1,-0.03723047340617361
C82007,2,0.24003442625659224
C82008,3,0.19942574245646943
C82009,2,0.023893372552231687
C82010,2,0.029951391890465938
C82011,2,0.22663020482614185
C82012,2,0.10310059612182175
C82013,3,0.09099168600586162
C82014,2,0.17120006642281171
C82016,3,0.18774981379729777
C82017,3,0.05544875072027639
C82018,1,0.055685537666220634
C82019,2,0.12210404865800477
C82020,1,-0.0034367102457318432
C82021,3,0.19785659033430944
C82022,2,0.09436786750915074
C82024,3,0.06152978568286276
C82025,2,0.0251377952072814
C82026,2,0.21442036874352302
C82027,2,0.02983789875772426
C82028,2,0.2154157607002495
C82030,3,0.03589375164706569
C82031,3,0.2004298947317649
C82032,2,0.1651815621078277
C82033,1,-0.011148847377294116
C82034,3,0.003312353550534497
C82035,2,0.21240132299411296
C82037,1,-0.05793438655208971
C82038,3,0.023889998076399774
C82039,3,0.04029879189389297
C82040,2,0.26719354775919635
C82041,2,0.17984135231745474
C82042,2,0.05732752738472796
C82043,2,0.26956769113362483
C82044,3,0.13273443291906953
C82045,2,0.1151953951452307
C82046,3,0.03286949388320943
C82047,2,0.1801630337343232
C82048,3,0.02481742679534049
C82050,2,0.2401906230050097
C82051,2,0.11511960786016633
C82052,2,0.25277294653256455
C82053,2,0.1405302830280039
C82054,3,0.12007669732922319
C82055,2,0.27963816338213654
C82056,1,0.01866385893404679
C82059,1,0.015068039956039479
C82060,2,0.18613538148725164
C82061,2,0.14890006901924113
C82062,2,0.05397282085387317
C82063,2,0.10707543695783919
C82064,3,0.024041304542647208
C82066,2,0.12640138598175835
C82067,2,0.024388849325307736
C82068,2,0.16379261245713114
C82070,2,0.19115959173595282
C82071,3,0.024234832750345915
C82072,2,0.06392510052499559
C82073,2,0.12528748926653469
C82075,2,0.05197061038216139
C82076,2,0.13318546751765847
C82077,3,0.0833809044668416
C82078,2,0.23983645795916675
C82079,3,0.09197200907093787
C82080,1,0.01126378758230722
C82082,2,0.32978517547538927
C82084,2,0.07140713249232394
C82086,2,0.20740701497999064
C82088,3,0.1800423300571374
C82091,2,0.15271491748865162
C82092,1,0.12661225480393282
C82093,2,0.283667757247495
C82094,2,0.059283212905504985
C82095,2,0.26850124216442783
C82096,2,0.14645456537140034
C82097,2,0.19558532775901333
C82098,2,0.1483317864944755
C82099,3,0.04746666738414957
C82100,3,0.2030635425436304
C82102,1,-0.07704394921708207
C82103,2,0.16296554898615495
C82107,2,0.22142725853590303
C82109,2,0.2899819263314742
C82111,1,0.16047550602620475
C82112,1,0.09114155901179087
C82114,1,0.05767872002147831
C82116,1,-0.007068766590720215
C82119,3,0.12400569918104777
C82120,2,0.1601364348113348
C82121,2,0.22518969712300513
C82124,3,0.10563708263947988
C82600,3,0.03727929149252715
C82610,1,0.08827120835656492
C82611,2,0.2604957513080425
C82614,3,0.2976514076847905
C82620,1,0.01887261532466751
C82624,3,0.35208873689809234
C82627,1,-0.011201856515556862
C82628,1,-0.06319878831767636
C82631,2,0.08864810894825972
C82634,3,0.22317320042897817
C82639,2,0.22606774846301522
C82642,2,0.212356718646597
C82643,2,0.08296211539095798
C82644,2,0.05635706227185756
C82649,2,0.08038281160390871
C82650,2,0.1258730701514527
C82651,1,0.061052246971307386
C82653,2,0.0392316633073191
C82656,2,0.2207197534597005
C82659,3,0.13565330550206497
C82660,3,0.2103651650287219
C82662,2,0.05594793872283329
C82667,1,-0.011945052271309277
C82669,3,0.017714034689284872
C82670,1,0.05131480612063811
C82671,1,-0.03565068730533177
C82676,3,0.17277105430401107
C82678,2,0.02070174478101601
C82680,3,0.26117480082684935
C83001,3,0.14682348401274978
C83002,3,0.11377081692306197
C83003,2,0.0428297340362012
C83004,2,0.12777185893383752
C83005,1,0.01020113080326483
C83007,3,0.29936467922311627
C83008,2,0.11498009670077147
C83009,3,0.12529219211502823
C83010,2,0.19521530775979784
C83011,2,0.010147517687428602
C83013,2,0.06247057312209524
C83014,2,0.16976075834760251
C83015,2,0.06314044587005652
C83018,2,0.1163090967986257
C83019,2,0.15642785238845527
C83020,2,0.06657721331839607
C83022,2,0.25713845648040046
C83023,3,0.19639171815834983
C83024,3,0.04812913909305555
C83025,2,0.2114150372049386
C83026,2,0.04264506093082787
C83027,2,0.07437219406560941
C83028,3,0.2035881672256952
C83029,2,0.14937460148746912
C83030,3,0.11467862019007019
C83031,3,0.2255572450542189
C83032,3,0.09394400207659838
C83033,2,0.27352570194178477
C83035,3,0.3030686340079125
C83036,3,0.24398544034298844
C83037,2,0.06149412900094552
C83038,2,0.139547384858651
C83039,3,0.31412574514298514
C83040,3,0.13387767247967597
C83041,3,0.0687254849363748
C83042,3,0.031624188636742136
C83043,3,0.08957158473363111
C83044,3,0.27218786755022006
C83045,3,0.07467403864891756
C83046,2,0.12457995472218493
C83048,3,0.1917129999867279
C83049,2,0.2445973543249556
C83051,3,0.0252953545983152
C83052,3,0.006974610827652045
C83053,2,0.16963197625003454
C83054,2,0.022529432176599865
C83055,2,0.2528854098464797
C83056,3,0.2806807338113955
C83057,3,0.21389953388605787
C83058,2,0.24788653539518415
C83059,3,0.10733137445156876
C83060,2,0.13284299131550342
C83061,2,0.18653529154266718
C83062,3,0.14113250868276117
C83063,2,0.22622592935098879
C83064,2,0.1283192200555362
C83065,2,0.003011022634670835
C83067,3,0.30786525955716837
C83072,3,0.3013453699666265
C83073,3,0.29746597732287816
C83074,2,0.10909078494593677
C83075,3,0.13467565099574147
C83078,2,0.025699861955319588
C83079,3,0.19869035082204742
C83080,3,0.1296330304573641
C83082,2,0.13907439899496457
C83083,2,0.10775365530513693
C83085,3,0.10100972723977152
C83611,3,0.003914630399793478
C83613,2,0.21671432588119785
C83614,3,0.15971846407744342
C83617,2,0.14370510764684272
C83626,1,0.05211002935203236
C83634,2,0.12634511394742945
C83635,2,0.06189656054418209
C83641,3,0.10036925251917096
C83643,2,0.19868831835974834
C83649,3,0.2615992608481233
C83650,2,0.16838642673327023
C84001,3,0.2828144422221546
C84004,1,-0.031550033363045515
C84005,3,0.31666605593466013
C84008,3,0.25906075375508825
C84009,2,0.3168313451474497
C84010,2,0.07237040733163717
C84011,2,0.2748478459249803
C84012,2,0.20327723693417837
C84013,2,0.1337957006281993
C84014,2,0.21888661446180963
C84016,2,0.15752921103549258
C84017,2,0.0921901665706803
C84018,2,0.013652608557764854
C84019,2,0.1985181758582353
C84020,2,0.20338281735928093
C84021,3,0.14436658531312166
C84023,1,-0.007053335232507369
C84024,3,0.28420781476501084
C84025,2,0.14327187077765136
C84026,2,0.01656964134352871
C84028,3,0.25003834916294804
C84029,3,0.04094153267180236
C84030,2,0.0012211737004019555
C84032,3,0.31019623267593943
C84033,3,0.07355455754353445
C84034,2,0.1940929057017639
C84035,2,0.032257540104937886
C84036,2,0.25280076321309203
C84037,3,0.09310538989499541
C84039,2,0.08095711787470562
C84042,3,0.04588105648068774
C84043,1,0.09045591038060788
C84044,2,0.2340137098951163
C84045,2,0.26306012165469395
C84046,3,0.28955593967864623
C84047,3,0.10077230612272321
C84049,3,0.11501604917751937
C84051,3,0.15797344321617984
C84053,2,0.021958330612435763
C84055,3,0.2181976599177524
C84057,2,0.2652697700651296
C84059,2,0.18788768840879785
C84060,2,0.10556119732858942
C84061,2,0.2474994830257112
C84063,3,0.2184281694538016
C84064,2,0.1709975014806848
C84065,2,0.16925507566625694
C84066,2,0.1793198306600774
C84067,2,0.1979897326955737
C84069,2,0.3465639914100746
C84072,3,0.3028716240085003
C84074,2,0.23910307334893738
C84076,2,0.2859595363635099
C84077,2,0.008967727750018906
C84078,2,0.01300849555181121
C84080,2,0.09674381432021727
C84081,2,0.21498897728384755
C84084,2,0.03557692311494512
C84085,2,0.1801894991648237
C84086,3,0.23573308717215022
C84087,2,0.17113776051866292
C84090,3,0.11270954167472956
C84091,2,0.21209963858759678
C84092,1,0.04727422344818145
C84094,3,0.24341564126094878
C84095,2,0.12390967790263817
C84101,2,0.24777150396604808
C84105,1,0.14327560556952523
C84106,2,0.21159060377175312
C84107,3,0.1771164991249385
C84112,2,0.26022676529032784
C84113,2,0.10579048517805688
C84115,3,0.008029037396077968
C84116,2,0.11409724598856608
C84117,1,0.13703616966796098
C84120,3,0.0028610419454352084
C84122,2,0.22456161525251625
C84123,2,0.07072679524390273
C84129,3,0.03614479694222674
C84131,3,0.0862589107186386
C84136,1,-0.0005770093663081343
C84140,2,0.23358407206725998
C84142,2,0.18705827493684615
C84144,2,0.21141358618050982
C84150,2,0.23107768798942002
C84151,2,0.1150645086160782
C84605,3,-0.002732497242553595
C84613,3,0.1939538758736145
C84619,3,0.011245459400158258
C84621,3,0.016366187865768028
C84624,2,0.13223906078451048
C84628,1,0.10342072542736046
C84629,2,0.19885538613626266
C84637,2,0.20691059328519368
C84646,3,0.1082514363701475
C84654,2,0.1251659372862527
C84656,2,0.050370316838005184
C84658,2,0.1908963989853389
C84660,2,0.259698297386209
C84664,2,0.1662766305188786
C84667,2,0.03465522725044162
C84676,1,0.13435383379749727
C84679,1,0.050230170234363686
C84682,2,0.19915659345642414
C84683,2,0.08153901278513047
C84691,3,0.1231342603826911
C84692,2,0.22796924277151837
C84693,1,0.18422904524344827
C84694,2,0.09620192242068899
C84695,2,0.16030389507441611
C84696,2,0.12416460265213268
C84703,2,0.21494921567765748
C84704,1,0.0599083100035499
C84705,2,0.019804652676197344
C84714,1,0.22377055933102233
C85001,2,0.2788435682126909
C85003,3,0.09986589882473623
C85004,3,0.22641742036680126
C85005,2,0.22239103136902064
C85006,2,0.01586679225254462
C85007,2,0.03163115103758581
C85008,2,0.2837333093807689
C85009,2,0.09551921078833076
C85010,3,0.16127346449977908
C85013,3,0.23262102631451217
C85014,2,0.1396087866830452
C85016,2,0.11558058631770414
C85017,2,0.03686206883351466
C85018,3,0.15672794616661412
C85019,2,0.13188478989562988
C85020,3,0.024965401390162612
C85022,2,0.13669946169579675
C85023,2,0.12216535163398735
C85024,2,0.1299499883358689
C85028,1,0.04666413625346049
C85030,3,0.04195703513122398
C85033,3,0.05400943313212714
C85614,1,0.03325018869119918
C85619,2,0.28202834667571663
C85622,1,0.0639354613705793
C85623,2,0.26004339803061877
C86001,3,0.24028126292962948
C86002,1,0.08971149762342473
C86003,2,0.28308813120223536
C86005,1,-0.056362571623025166
C86006,2,0.1310327191213065
C86007,2,0.16923348061714988
C86009,2,0.05071114934322969
C86011,3,0.11857935168308553
C86012,2,0.06764247689270764
C86013,2,0.27088839681445875
C86015,2,0.2041663326341856
C86016,3,0.20322787994381858
C86017,2,0.1225794203445728
C86018,2,0.009782129888551743
C86019,1,0.14486583361935268
C86020,1,-0.037326473431627843
C86021,2,0.05871371918091408
C86023,3,0.05261301754540479
C86024,3,0.2607312715683323
C86025,2,0.17130855948328774
C86026,2,0.2399443100932004
C86029,2,0.0670211855983576
C86032,3,0.040487086393484945
C86033,1,0.025530079455971817
C86034,1,-0.06411455262118088
C86037,2,0.030474682200238693
C86038,2,0.04726200700419184
C86605,2,0.11903193747159167
C86609,2,0.20964747055599162
C86611,3,0.0022484786542402075
C86614,2,0.2732531344028245
C86616,2,0.21988676664603038
C86621,2,0.25671642983101955
C86625,2,0.2589672272559498
C86626,1,0.054222717575203354
C87002,2,0.05274525343646621
C87003,3,0.1649875260223832
C87004,2,0.2392603311255952
C87005,2,0.2312550849048205
C87006,2,0.13028912636728962
C87007,2,0.023994625456541553
C87008,2,0.2775938486364677
C87009,3,0.07306551908452658
C87010,3,0.011833299800371377
C87012,2,0.03197848929153279
C87013,2,0.2708231055262386
C87014,3,0.30845901947800397
C87016,3,0.24947844478007117
C87017,3,0.2117035140408474
C87018,2,0.2679805614231677
C87020,2,0.20870967928948336
C87022,3,0.034134950497948666
C87024,2,0.2304567903927618
C87029,2,0.17269254021333408
C87030,2,0.06141151990839388
C87031,3,0.21039133937735213
C87603,2,0.11310399753185271
C87604,2,0.12926235242017856
C87608,1,0.055680295974518644
C87616,3,0.18735332041937022
C87620,3,0.1613032161928977
C87622,2,0.08239684225591978
C88005,3,0.22137938634971965
C88006,3,0.14635782259109995
C88007,3,0.010720004296745479
C88008,2,0.08621494739685957
C88009,3,0.16513895241597826
C88010,3,0.22563476650751998
C88011,3,0.23511023440530124
C88014,3,0.25746937004388615
C88015,3,0.2507741010178246
C88016,3,0.10492942715661716
C88018,2,0.10638001685017004
C88019,3,0.007197359657737516
C88020,2,0.012231140131953063
C88021,2,0.22278337814162769
C88022,2,0.13368122806999
C88023,3,0.18503406701510783
C88025,2,0.14650079213527245
C88026,3,0.15825615604857723
C88027,3,0.2967583805875488
C88028,2,0.13870060222143013
C88030,3,0.17766330871325348
C88031,3,0.0361496565426964
C88032,2,0.15700072130658227
C88034,2,0.20254146369785447
C88035,1,-0.05511292455216814
C88036,3,0.2548594116353241
C88037,2,0.06568982682722711
C88038,3,0.07802103259431702
C88039,3,0.02012189001174825
C88040,2,0.17631879658003827
C88041,3,0.2609297686224936
C88043,3,0.11476638238044418
C88044,3,0.15822344681890949
C88045,2,0.017281716296396746
C88046,3,0.17705615914551487
C88047,2,0.1866981191488616
C88048,3,0.06085705326833052
C88049,2,0.02818754117505559
C88050,2,0.1550124444376394
C88051,2,0.13485212665577678
C88052,3,0.2540307380057768
C88053,3,0.07910911629203964
C88054,1,0.00044163345027503035
C88059,1,-0.005182819174750576
C88060,2,0.19682527159207194
C88062,2,0.17512125300036369
C88069,3,0.011292895150745271
C88070,3,0.09550090315540152
C88072,1,-0.030942848464349075
C88073,3,0.15717514513929323
C88074,2,0.24054222746427817
C88076,3,0.10427794672847131
C88077,3,0.19062680319278705
C88078,3,0.29420846015005503
C88079,2,0.23586182464030156
C88083,3,0.12963382596543857
C88084,3,0.08261013554030182
C88085,3,0.11726416556933512
C88087,2,0.10766360453651436
C88088,3,0.26529184427067504
C88090,3,0.3303149651919567
C88091,1,0.0018127569749899416
C88092,2,0.21817516772559412
C88095,3,0.18812747772674357
C88622,1,0.13599421481845356
C88627,1,-0.009170114048956948
C88631,3,0.13705814266853586
C88647,3,0.2653686945247783
C88648,2,0.1005755795993809
C88652,3,0.25731097130322517
C88655,3,0.059740117779027706
D81001,2,0.11889342499256039
D81002,2,0.12677587800271364
D81003,3,0.08037502329050962
D81004,2,0.24799238440970361
D81005,2,0.1708894188457298
D81008,3,0.2675007566085637
D81010,2,0.17419580687254813
D81011,3,0.18004768638733942
D81012,3,0.10358699450612928
D81013,2,0.20263228018207396
D81014,3,0.021094453539835353
D81015,3,0.03318445130415714
D81016,2,0.23931673483310445
D81017,3,0.16040686896086184
D81018,3,0.30287841614768535
D81021,3,0.16703791409175317
D81022,3,0.078755859866147
D81025,2,0.13564590282031092
D81026,2,0.11644123765522384
D81027,2,0.04694548143504184
D81028,3,0.04615327958128143
D81029,3,0.283826214985555
D81030,3,0.19361470410364615
D81031,3,0.32299513125689633
D81033,2,0.302152083468987
D81034,2,0.12046118840832744
D81035,2,0.00505845262867563
D81036,2,0.09515518981528416
D81037,2,0.1662555311782662
D81038,2,0.08210622864946036
D81041,2,0.3253979305921279
D81042,2,0.09726414616199253
D81043,3,0.08089142206288798
D81044,1,-0.015750927065360017
D81045,3,0.10923312168477445
D81046,3,0.3182100482936176
D81047,3,0.23719198015108306
D81049,3,0.21148942101838522
D81050,3,0.16019937126076456
D81051,2,0.03457831055598297
D81052,3,0.09946011257812691
D81054,3,0.05163965919089332
D81055,3,0.2863091767798175
D81056,3,0.03893564661805069
D81057,3,0.2878628488334763
D81058,2,0.2311834800190446
D81059,2,0.12140125652424706
D81060,3,0.12460938907209897
D81061,2,0.14031909102376677
D81062,3,0.031176842002617864
D81064,2,0.003661730815020461
D81065,3,0.1762856990660545
D81066,2,0.09836040634505208
D81070,3,0.1163368996019721
D81073,3,0.22877329727114448
D81078,2,0.17366571290457436
D81081,2,0.08998924600653145
D81082,2,0.22351392530502823
D81084,2,0.19960039420486975
D81085,3,0.1565628601627865
D81086,2,0.18335286307512255
D81603,3,0.0722699488288745
D81606,3,0.1395629062553908
D81607,2,0.2200475579982586
D81611,3,0.19698201477262142
D81612,2,0.2008925034141175
D81615,2,0.10033610154708685
D81618,2,0.1174410964224178
D81622,3,0.18090482907849142
D81625,1,0.11724642222164089
D81629,1,0.00909907318030507
D81630,1,0.11681685609063819
D81631,3,0.2316067419248759
D81633,3,0.13470397005147383
D81637,2,0.031868476262032513
D81645,1,-0.025051193955204543
D82001,2,0.22127467188810043
D82002,3,0.1456744942592074
D82003,2,0.1664372889179617
D82004,3,0.07979645563032575
D82005,3,0.22936264735005937
D82006,2,0.03060116842996476
D82007,2,0.21671480048005676
D82008,2,0.047545166080517204
D82009,3,0.13158487003515246
D82010,2,0.17128576663027026
D82011,2,0.13149075552870057
D82012,2,0.15314140754700584
D82013,2,0.0058499324327339975
D82015,3,0.2667126826522749
D82016,2,0.021096120669924723
D82017,2,0.11602372819664915
D82018,2,0.15370091126591393
D82019,3,0.0066038693758947685
D82020,3,0.14297580917591185
D82022,2,0.1599271934370398
D82023,2,0.10594378929846657
D82024,2,0.07478282271809512
D82025,2,0.1873382454596084
D82026,2,0.043832693138084564
D82027,3,0.10100316261212665
D82028,2,-0.005788944618227169
D82029,2,0.2399742671769473
D82030,3,0.13512563043967502
D82031,3,0.12776758650580328
D82032,2,0.14754039006158903
D82034,2,0.037047828182891464
D82035,2,0.0734615205290923
D82036,2,0.11247250269676137
D82037,3,0.015481335547398634
D82038,2,0.23553644774298776
D82039,2,0.1433968942862481
D82040,2,0.22687849673230212
D82041,3,0.09035441610431927
D82042,2,0.18997751547853475
D82043,3,0.01959203038565014
D82044,2,0.20844585153798187
D82045,2,0.12435593145451299
D82046,2,0.09339900970005578
D82047,2,0.047310918578450364
D82048,2,0.05399387494070974
D82049,3,0.0854757270904421
D82050,2,0.10640429273982126
D82051,2,0.18206605699405892
D82053,2,0.17870107141710498
D82054,3,0.030963937042916032
D82056,3,0.2669652904311633
D82057,3,0.0062575977272430715
D82058,2,0.16215792101384854
D82059,2,0.11198166087380182
D82062,2,0.17883644823460282
D82063,3,0.04313130595026788
D82064,2,0.032400190788800264
D82065,3,0.10559484995691543
D82066,2,0.2237518988579532
D82067,1,-0.022215714914181076
D82068,2,0.017235398473179488
D82070,2,0.13904276885863662
D82071,2,0.21238613447959453
D82072,2,0.1519066258260708
D82073,3,0.1721669534256876
D82076,3,0.05385053436092893
D82078,2,0.19308791588570848
D82079,2,0.16282363645393302
D82080,2,0.17682845812854395
D82084,3,0.04999405219680778
D82085,2,0.16291142521286361
D82087,2,0.06727944676520575
D82088,2,0.1751397191583138
D82096,3,0.05576292561789524
D82099,3,0.2778517969636611
D82100,2,0.06885290898818104
D82104,3,0.2589830523556391
D82105,2,0.19434179354970882
D82106,2,0.12194767863749338
D82600,2,0.10423280428604223
D82604,2,0.08419251285291723
D82618,2,0.04780098052339062
D82621,2,0.050128913817733434
D82624,2,0.19778954383069705
D82628,2,0.1562571816095239
D83001,3,0.1545257205440468
D83002,2,0.23349767894086335
D83003,2,0.1555611340793112
D83004,3,0.15133531441729117
D83005,3,0.033544095127751056
D83006,2,0.04016229172543711
D83007,2,0.14845226056500047
D83008,3,0.2794065101095791
D83009,3,0.032536872156246184
D83010,2,0.24254759378321747
D83011,2,0.20877024868565852
D83012,1,-0.020843141309372447
D83013,2,0.2562906877520377
D83015,3,0.08726255764498407
D83016,2,0.19536022523966567
D83017,3,0.24259128063197177
D83018,3,0.31140711462914505
D83019,2,0.15327140950494636
D83020,2,0.15280627528199653
D83021,3,0.16442129257606306
D83023,2,0.21258554936689114
D83024,2,0.019359263089153676
D83026,3,0.19747556465142482
D83027,2,0.06917845285733196
D83028,2,0.031145943462831126
D83029,3,0.05494157146660724
D83030,3,0.10716402377266865
D83033,3,0.3192902462762089
D83034,2,0.09739476592866325
D83035,3,0.050137720118439116
D83037,3,0.2977111838671135
D83038,3,0.16286290426932662
D83040,2,0.2870890470210538
D83041,3,0.03328627191955821
D83043,2,0.06919416125144744
D83044,3,0.02369333095471043
D83045,3,0.3123130069312643
D83046,3,0.13924765637709866
D83047,3,0.19000038493847865
D83048,3,0.2399360737470424
D83049,2,0.20137081201613447
D83050,2,0.12172547728039397
D83051,3,0.10437421233328775
D83053,2,0.06603976412652149
D83054,2,0.025674706514749505
D83055,3,0.2805208211230861
D83056,1,0.006827327966537033
D83057,2,0.1258993850070027
D83059,1,-0.011288216395083409
D83060,2,0.1669012427295765
D83061,2,0.29318072513780435
D83062,3,0.23974181322173285
D83067,3,0.006365809391605251
D83069,2,0.09989353402212088
D83070,2,0.2069329928541434
D83073,1,0.028743388722957626
D83074,3,0.013785447017059617
D83075,2,0.20503689557473034
D83076,2,0.11647641798115528
D83078,3,0.1984894577423514
D83079,3,0.032958316134274974
D83080,3,0.10087868746380117
D83081,3,0.07113515291203694
D83084,3,0.054396405564137426
D83608,2,0.2644444767350581
D83610,3,0.2455328629550152
E81002,3,0.19893017010910435
E81003,3,0.18732871126198444
E81004,2,0.18157584855940564
E81005,1,-0.02502350481740767
E81006,3,0.2652392636772693
E81007,2,0.10950393208032816
E81008,2,0.14177514212794698
E81009,2,0.012209854556939289
E81010,3,0.25551934840651797
E81012,2,0.09577180874147823
E81013,1,-0.05183503249684244
E81014,3,0.17958005020679454
E81015,2,0.08741658767254963
E81016,1,0.1801247203970002
E81018,1,-0.03715240443639983
E81019,3,0.13209700148604495
E81021,3,0.34992392787893156
E81022,2,0.17473886813316458
E81024,2,0.119727971889396
E81025,1,0.024495392509577177
E81026,3,0.2698644857475058
E81027,3,0.06854197431357212
E81028,1,0.06034637718339833
E81029,1,0.006649176380748074
E81030,1,0.11461223814707906
E81031,3,0.2276947445477743
E81032,1,0.04497139262397806
E81033,2,0.16335552409170687
E81034,3,0.08999380545542404
E81035,3,0.08596331489095425
E81036,3,0.2939251505702155
E81037,3,0.3295234890872293
E81038,3,0.19834237714656586
E81040,3,0.3181299245075672
E81041,1,-0.03413784982321598
E81043,3,0.33693411551680147
E81044,2,0.101387113972957
E81045,1,0.01198518039429751
E81046,2,0.06255955085931574
E81047,3,0.268781184946442
E81048,3,0.18005701344282235
E81049,2,0.11121510126306577
E81050,2,0.10177854551936522
E81052,2,0.1548471511317642
E81057,2,0.1740368201818874
E81060,1,0.03993593582360129
E81061,1,-0.06867789433479812
E81063,3,0.27631463760956876
E81069,2,0.009950946319690693
E81073,2,0.13654214575352744
E81074,3,0.16440975907847455
E81076,3,0.27216883262432273
E81612,3,0.1128507950710912
E81615,1,0.1323091568677309
E81617,3,0.23557508398878965
E81631,3,0.20409392968217369
E81632,2,0.09232156053676129
E81633,1,0.08984197843033745
E81635,1,0.017348146876214755
E82001,2,0.13177862103987373
E82002,1,-0.03931221870788925
E82004,1,0.10751243473901916
E82005,3,0.061373410667965485
E82006,3,0.14606761875255042
E82007,3,0.11489487178212016
E82008,2,0.13962514691040032
E82009,1,0.056679396656614006
E82012,3,0.2347446034090123
E82013,3,0.2925560594672525
E82014,2,0.0592638645795503
E82015,1,-0.02857797304746065
E82017,3,0.09949481099942972
E82018,2,0.1679515474387125
E82019,1,0.0021183744642748973
E82020,1,-0.05226145302685131
E82021,1,0.002275896727502273
E82022,2,0.07194883315655848
E82023,1,-0.05445961932720367
E82024,3,0.3057691435620127
E82027,1,0.1349795308815284
E82031,1,0.12623339415836024
E82032,1,0.03974894105855842
E82035,2,0.1622446874730378
E82037,2,0.20427293400975793
E82038,2,0.12914903510535597
E82040,2,0.05875544270576078
E82041,1,-0.049791701066703616
E82042,3,0.29957262117773087
E82043,3,0.3306896636054366
E82044,3,0.08069562922448198
E82045,3,0.2314813232163201
E82046,3,0.13203534722050886
E82050,2,0.15550897879096692
E82051,3,0.214255936250877
E82053,2,0.0773563345657044
E82055,3,0.1342507028893725
E82056,2,0.1571432639953442
E82058,1,0.06947432254748402
E82059,2,0.18236329522655803
E82060,1,-0.012974578427451226
E82061,2,0.043031415894614906
E82062,3,0.18735656394698602
E82063,3,0.25114703878225203
E82066,2,0.06835700251897776
E82067,1,0.034263130376163
E82068,2,0.0751017693557794
E82069,1,0.06941355745852178
E82070,1,0.05722413468155213
E82071,2,0.14377776243047724
E82073,3,0.2238375655792449
E82074,3,0.08348786070741786
E82075,3,0.25581069475079043
E82077,1,0.07451357654043075
E82078,2,0.07558336697804616
E82079,1,-0.0032859137043290054
E82081,2,0.07939925640238159
E82082,2,0.012921452800846724
E82083,3,0.18176414185489354
E82084,1,-0.02986053189862477
E82085,2,0.11862069294098157
E82086,3,0.03057469531401507
E82088,3,0.28856372770533506
E82090,3,0.058930227498474826
E82091,1,0.17898898177907718
E82092,2,0.10768796753587657
E82093,3,0.08122728218915243
E82094,2,0.24861363997505107
E82096,1,0.04057994817543143
E82098,3,0.08982863178432705
E82099,3,0.016713540300177864
E82100,3,0.09577987165920131
E82102,2,0.19319751755683498
E82106,3,0.22046277814136947
E82107,3,0.18918814792907906
E82111,2,0.191810351465291
E82113,2,0.07655191976792176
E82115,3,0.12454117862067778
E82117,3,0.264724172596307
E82121,2,0.0242520007378997
E82123,1,0.07770472255716905
E82124,2,0.2294530357189182
E82129,3,0.036126182258037626
E82132,2,0.11207035134346303
E82133,1,-0.05705562180396725
E82626,1,0.0375562315164865
E82638,2,0.10429681476376863
E82643,2,0.14373781240250139
E82652,1,0.04802839457518854
E82654,2,0.1799654024806463
E82655,3,0.19765802458019524
E82657,1,-0.050177294939962126
E82661,1,0.07584855584453358
E83003,2,0.11838686107974099
E83005,3,0.24978229048511932
E83006,3,0.26222948832470916
E83007,3,0.2593021626822952
E83008,1,-0.010685937236138254
E83009,3,0.2412216012631881
E83010,3,0.2307062296197087
E83011,3,0.09111077231436675
E83012,3,0.126152579345206
E83013,3,0.31611785743920445
E83016,3,0.2523091506902294
E83017,3,0.21197505663753025
E83018,3,0.2704954710410436
E83020,3,0.11504459132228045
E83021,3,0.3158024382637301
E83024,3,0.17999838203042912
E83025,2,0.12110997541394516
E83026,1,0.01046671032861254
E83027,3,0.19966262461782908
E83028,1,0.054365122207727754
E83030,2,0.06743583944007762
E83031,3,0.18531944751393153
E83032,1,0.1269206963006791
E83034,1,0.03715085277728704
E83035,3,0.28765977227639294
E83038,3,0.045075924891548984
E83039,2,0.12180415387421742
E83041,1,0.08376024705237949
E83044,1,-0.04927188411203532
E83045,3,0.2850250586734426
E83046,1,0.04172406844327429
E83050,3,0.15300928537700134
E83053,3,0.2730252207391661
E83600,3,0.12469499019291147
E83613,3,0.1524824889284507
E83621,1,-0.02469569305056866
E83622,1,0.02815325189943413
E83637,2,0.0475398830614273
E83638,1,0.2044434669307986
E83639,3,0.25206386884581783
E83649,2,0.1349724868457709
E83653,1,0.11307849459067833
E83668,1,0.07769298749808136
E84002,1,0.12491019636248263
E84003,3,0.1351055038940724
E84004,2,0.08645717986707085
E84005,2,0.11165931899332825
E84006,1,-0.06457952531006564
E84007,1,-0.03756557965462063
E84008,1,0.11457326103094302
E84009,3,0.24335337780839641
E84011,1,0.11602054192581542
E84012,2,0.1075663495616346
E84013,3,0.2823853070111423
E84014,3,0.07177511333049041
E84015,3,0.31510056329234865
E84017,1,-0.005154940180603259
E84018,1,0.13585673471024046
E84020,3,0.14563098775088795
E84021,1,0.10766546833097414
E84022,1,0.21656801907336504
E84024,3,0.25941709500234145
E84025,3,0.07275389540578002
E84028,1,0.1627440866675074
E84030,1,0.06344076147900331
E84031,3,0.2419302555423382
E84032,1,0.008232165292785677
E84033,1,0.10085339186057672
E84036,1,-0.026847349244191607
E84039,1,-0.015147336060267287
E84040,1,0.20443108252258435
E84042,1,0.17683275444261012
E84044,2,0.15215352854214995
E84048,2,0.11637907577258688
E84049,3,0.08640583932678839
E84051,1,0.039403670773976954
E84053,1,0.04824233785995718
E84057,2,0.13548346028473487
E84058,1,0.014780106990831812
E84059,1,0.10767982837333606
E84061,3,0.22530578731356632
E84062,3,0.17264930692992286
E84063,1,-0.016802497077572837
E84066,1,0.12680145423667047
E84067,1,-0.041799151866486924
E84068,3,0.1279970535239887
E84069,3,0.2493107143392814
E84070,1,-0.009387299566677875
E84074,1,0.25699290040676137
E84075,3,0.1904925369655956
E84076,1,0.09519124614479381
E84078,3,0.2916245991410331
E84080,2,0.11443542485939118
E84083,1,-0.016208057514757512
E84086,1,-0.012310128872220298
E84601,1,-0.0475074823813071
E84617,1,0.23292959354400952
E84620,1,0.03450440731920009
E84626,1,0.06400793188312212
E84635,1,0.19407279869141875
E84637,2,0.04540154199196087
E84638,3,0.013722318114072145
E84645,3,0.09309058032946624
E84646,1,0.1269892994839919
E84647,1,0.06943916146211371
E84653,1,0.13380956835015237
E84656,1,0.11640118424223866
E84658,1,0.0313885718891034
E84663,3,0.18138220525450052
E84665,1,0.15496979540560882
E84674,1,0.17960440084612
E84676,1,0.16107877171933785
E84678,1,0.1397770955823614
E84680,1,0.23959122149816306
E84684,1,0.15666997807520086
E84685,3,0.16178403427112123
E84693,3,0.28895249931623584
E84699,1,-0.0548175974111468
E84701,2,0.14580089324308956
E84702,1,-0.019010891496378725
E84704,1,0.09100967513604209
E84709,1,0.13976043654019796
E85001,2,0.0780748526771225
E85003,3,0.12179701587972225
E85004,1,0.011540553202457067
E85005,1,0.0494052292633736
E85006,3,0.22118858502685795
E85007,3,0.26674727608030796
E85008,3,0.21666529253295813
E85012,1,-0.08919630547860713
E85013,2,0.2333425123468642
E85014,3,0.08783781324458668
E85015,3,0.020498935275887822
E85016,3,0.09712633283752414
E85019,3,0.3186167702265141
E85020,1,0.0392638964674464
E85021,1,0.07621650591762999
E85023,3,0.13250015834612072
E85024,2,0.17627297391210603
E85025,3,0.1229007132407599
E85026,2,0.2628304627438257
E85028,1,0.11237389312640823
E85029,1,0.18471393894013166
E85030,2,0.1826527849336622
E85032,1,0.011687965430654985
E85033,1,0.0190028877169664
E85034,1,-0.051156358201140534
E85035,1,0.16206099720022965
E85038,1,0.06519136323789536
E85040,3,0.21956253076986376
E85041,1,-0.02723051351749777
E85042,2,0.258601696498947
E85045,2,0.0705670589424815
E85046,2,0.10185886939417689
E85048,3,0.10837579085287428
E85049,1,-0.03143432847506362
E85050,1,-0.0389233663243745
E85051,2,0.22728539771681344
E85052,3,0.11875138257511154
E85053,3,0.14658790108520095
E85054,1,0.06415753654166308
E85055,3,0.004973548403071222
E85056,1,0.107760096356006
E85057,2,0.1633110279068668
E85058,2,0.131044528731272
E85059,2,0.09039630545046878
E85060,2,0.16628809097826014
E85061,1,-0.07262006356363353
E85062,3,0.20925483220760924
E85064,2,0.13307640157940526
E85066,2,0.17627892315743499
E85069,2,0.1055461948692614
E85071,1,0.06209189128910194
E85074,1,0.10434787467276188
E85075,3,0.1437135786801716
E85077,2,0.1655778681302251
E85083,2,0.10151531776814024
E85088,2,0.2180818638902751
E85090,2,0.07166513586913588
E85091,1,0.0370626715775496
E85096,1,0.007534815968336094
E85098,1,-0.06274213590166064
E85099,2,0.18716145993203562
E85103,1,-0.043359522813019795
E85107,3,0.11771526929625196
E85108,2,0.10486818535184014
E85109,2,0.13208356637610041
E85111,1,0.1412434143674596
E85112,1,0.09699168486186148
E85113,2,0.13537290633021404
E85114,3,0.31272591118298804
E85115,2,0.2316283746349657
E85116,1,-0.008954100512548442
E85118,1,-0.008207480488609623
E85119,2,0.09118376427564712
E85120,3,0.24599672051144367
E85121,1,-0.022113039027914057
E85122,1,0.11666289851122383
E85123,3,0.31963040963178035
E85124,1,0.1933373240317882
E85125,3,0.11255746840231189
E85126,1,-0.03500286211555912
E85127,3,0.2530798829143399
E85128,3,0.1691126159786852
E85129,1,0.18223207046225484
E85130,1,-0.04306416207520245
E85600,3,0.2950574718161149
E85605,3,0.20674145188361254
E85623,1,-0.009586696783949819
E85624,2,0.08116439170050133
E85628,1,0.040766214665912216
E85633,1,0.09389338684236342
E85635,2,0.22978619019900132
E85636,2,0.07667526795089699
E85640,1,0.18681377204935448
E85643,1,0.04003705642065317
E85649,1,-0.044448643114456295
E85656,1,-0.054013658186080754
E85657,2,0.0711396774536565
E85658,1,0.006989316193606165
E85659,2,0.12917724612960893
E85663,1,0.12838797984394335
E85677,1,0.05795955260073043
E85680,3,0.24885188603524133
E85681,3,0.26832631291708803
E85682,1,0.059529778947873965
E85683,1,-0.03842081395915383
E85685,3,0.27076485842290177
E85687,1,0.06114760283467854
E85693,3,0.1018505908576186
E85694,2,0.1214142798426119
E85696,3,0.179955713888352
E85697,2,0.2755972556471391
E85699,3,0.0536209505021004
E85707,2,0.14797515465025204
E85708,2,0.1700547570943816
E85712,2,0.10987751928514417
E85713,1,0.08994478608318535
E85715,2,0.0956967220425549
E85716,1,-0.052354964599356985
E85718,2,0.08492533127816497
E85719,1,0.02050869705815492
E85721,1,0.0551207074386267
E85725,1,0.08620173849505026
E85726,2,0.09827722601770832
E85734,1,0.09089677757298756
E85735,1,0.11005290990653306
E85736,3,0.018513742913706558
E85739,2,0.08026817175613603
E85743,1,-0.05485689670511975
E85744,3,0.026882182807237844
E85745,1,-0.05282440735959558
E85746,2,0.1862720026378719
E85748,2,0.16761833960235323
E85750,1,0.06333449285926705
E86001,3,0.24337016154392527
E86004,1,-1.5962021099399135e-05
E86005,2,0.010689039670601192
E86006,1,0.12322988924410459
E86007,1,-0.014522698846048477
E86009,2,0.12955303713640912
E86010,1,0.174453161777685
E86011,2,0.1233948735560673
E86012,3,0.12720637086449754
E86014,3,0.18833360720309567
E86015,2,0.15814239789754359
E86016,2,0.15113774005630934
E86017,1,0.16220197741019124
E86018,1,0.14475319540882653
E86019,1,-0.03598285071035351
E86020,1,0.12894931437851817
E86022,1,-0.056267977413498795
E86024,3,0.2735249639753541
E86026,1,0.23243428257167903
E86027,1,0.05097305155631462
E86028,3,0.23103776999831485
E86029,1,-0.06999678871860295
E86030,1,0.09031136891470072
E86033,1,0.17679000767140357
E86036,3,0.13885737201369405
E86038,1,0.04733362809353817
E86041,3,0.10665494241321402
E86042,1,-0.045855836378742104
E86605,1,-0.02661740227012487
E86609,1,0.12622602302546587
E86610,1,0.14238278339456562
E86612,3,0.15730438904813
E86615,3,0.15263643349184156
E86618,3,0.14497336815468922
E86619,3,0.17422473488491652
E86625,1,0.12861382033517302
E86626,1,-0.04572026034865175
E86629,1,0.024822857261007174
E86632,1,0.012754701149764668
E86637,3,0.174742324302351
E86640,2,0.021184812188998883
E87002,2,0.12832943738580355
E87003,1,-0.03196242123686325
E87004,3,0.09870589561659172
E87005,3,0.2061547116453528
E87006,1,-0.010956118667138378
E87008,1,-0.006018222547648659
E87009,1,0.019054133149716004
E87010,2,0.23164980209804817
E87011,1,0.04625754883218068
E87013,2,0.1113896327992842
E87016,3,0.013885088458082999
E87021,3,0.09375579001144492
E87024,2,0.12122494641619552
E87026,1,0.10800641123092695
E87029,1,-0.06489394992867847
E87034,3,0.10478000027289563
E87037,1,-0.027746884154686687
E87038,3,0.0030193552621938765
E87043,1,0.04989892819491911
E87045,2,0.15316784658636756
E87046,2,0.04302574271274473
E87047,3,0.0736892932449858
E87048,1,-0.03935274562601739
E87052,1,0.012407388677553264
E87061,1,-0.013549609416104922
E87063,2,0.011195465002997229
E87065,3,0.034386540995265495
E87066,1,-0.03416879763324141
E87067,3,0.08690235903444973
E87069,2,0.06766966324457668
E87070,1,0.040656189566792685
E87609,3,0.08120675132220358
E87637,1,-0.024829980177016063
E87648,3,0.11210140657562477
E87663,1,-0.05941459499351923
E87665,2,0.06465913587091861
E87677,1,0.09999660018155705
E87681,1,-0.048841512656995226
E87701,1,-0.009413125214073762
E87702,1,0.10164806222322731
E87706,1,0.13028069981613652
E87714,1,0.0027517885841388903
E87715,1,0.08264970104337024
E87720,3,0.10132026456325646
E87722,2,0.07988578321185404
E87733,1,0.017063932933574433
E87737,2,0.07957912729565118
E87738,3,0.1612225946478468
E87739,3,0.0547639590352154
E87741,1,0.022002141022820602
E87742,3,0.12450003520065249
E87745,1,-0.04617273263473249
E87746,1,0.05620574966794306
E87750,1,0.09073243140920345
E87751,3,0.07773210692570226
E87753,1,0.057546587709155834
E87754,1,0.1046360383363969
E87755,3,0.20208499456365822
E87762,1,0.0003335269440003563
E87768,1,0.004716666248451218
E87772,2,0.08072713634322777
F81001,2,0.19995714398648437
F81003,2,0.14442007551777622
F81004,2,0.24853136882975077
F81006,1,0.08845866929785762
F81007,2,0.09042565232912732
F81009,2,0.1594819737305536
F81010,1,-0.05247163073756545
F81011,3,0.19317694056662124
F81012,2,0.1803139792569589
F81013,2,0.06413051366068374
F81014,2,0.02519059602566963
F81015,3,0.23461008650116255
F81017,3,0.10870804926580963
F81019,3,0.07440804870618557
F81020,2,0.2117227944237475
F81021,2,0.052379966557890144
F81022,2,0.09317300798779007
F81023,3,0.22102710554807797
F81025,3,0.15846901425712506
F81026,2,0.024906231862019963
F81027,2,0.009654059730148901
F81028,2,0.18056698082052033
F81029,3,0.2965928188339671
F81030,2,0.2404531188773068
F81031,1,0.08175163241584063
F81032,2,0.22165575105742333
F81034,2,0.3191865039121118
F81036,3,0.2215110113787801
F81037,1,0.09662014296743392
F81038,2,0.18316826559496097
F81040,2,0.17016202412341125
F81041,2,0.125659450365741
F81042,2,0.10091350925639686
F81043,3,0.11841245515137887
F81044,3,0.2752388440312652
F81045,3,0.23286925474233972
F81046,3,0.06325157303230716
F81047,3,0.13730799776219013
F81048,2,0.02530620626733904
F81049,3,0.07098178398658142
F81051,1,-0.04175565643816078
F81052,2,0.017938138079115918
F81053,2,0.048613895028742325
F81055,2,0.25758538733612374
F81056,2,0.1793941543123515
F81057,3,0.1594432455410571
F81060,3,0.29987658582413673
F81061,2,0.2161348492898414
F81062,2,0.126892940831938
F81065,3,0.13589169029119855
F81066,2,0.2184856065136114
F81067,2,0.1793060819587186
F81068,2,0.09691775953773085
F81069,2,0.20235028607521383
F81071,1,0.01569520588288526
F81072,3,0.13428682653303364
F81075,2,0.13596890024295005
F81076,2,0.21287820914348474
F81078,1,-0.024522457363681673
F81080,3,0.2479554913000494
F81081,3,0.11241461582396543
F81082,3,0.19408418186444326
F81083,3,0.15688651215730953
F81085,2,0.029564851139152946
F81086,1,0.011896898467096283
F81087,1,-0.0816037026383157
F81088,1,0.03019209001896336
F81089,2,0.2997095156366082
F81090,2,0.29411029794096344
F81091,2,0.1238364586039846
F81092,3,0.08133612679550202
F81095,2,0.20233658094514545
F81096,2,0.03675128892984188
F81097,3,0.25002011966931437
F81098,2,0.3349564407824276
F81099,2,0.17167467956235924
F81100,3,0.04514781912951989
F81101,2,0.19339041861594614
F81102,2,0.2105782691962184
F81104,3,0.19028794318465644
F81105,3,0.07071030638520183
F81106,3,0.2971588207445966
F81108,1,0.0404092934498974
F81110,1,-0.03637506544493906
F81112,2,0.11179841178346595
F81113,1,-0.027218710059247954
F81114,2,0.16037446208173273
F81115,2,0.15510169389443867
F81116,3,0.07920797659679471
F81117,1,-0.05123688387048983
F81118,2,0.11868320405542461
F81119,3,0.0949029779124652
F81120,2,0.026339589133624722
F81121,1,-0.024770762742585526
F81122,2,0.14671221700601914
F81123,3,0.05589505887357202
F81125,2,0.0898226177249458
F81126,2,0.24708547726128596
F81128,3,0.2307451540191365
F81130,2,0.24097272015849325
F81131,2,0.27561048866064675
F81132,3,0.02772502587171977
F81133,2,0.10829599781639762
F81134,3,0.013130073191755298
F81136,2,0.06692679173488246
F81137,3,0.16392054533346537
F81141,1,-0.053557035382844224
F81142,2,0.21387335795889545
F81144,3,0.27129830973598196
F81147,2,0.188720033168433
F81149,2,0.040475603189334
F81150,3,0.17521068448127466
F81152,3,0.18896112445328656
F81153,3,0.20600457119522958
F81155,3,0.2318801925744784
F81156,3,0.05218936489777155
F81158,3,0.040510038850316656
F81159,1,-0.03812139626536249
F81163,3,0.05396492929836001
F81164,1,0.06060815710095495
F81165,2,0.24047823389201792
F81169,2,0.17641152837240892
F81170,2,0.22267992279237767
F81173,2,0.24977886210810862
F81176,3,0.09756108648421898
F81177,1,0.030020384279492815
F81181,1,0.030944083929825058
F81183,3,0.0681700170359136
F81184,2,0.16332231485338708
F81186,1,-0.06658965883260302
F81192,1,-0.026202196128320622
F81193,2,0.17200181309406692
F81197,3,0.14867607916677497
F81198,3,0.14053733514010042
F81205,2,0.10013239008252052
F81206,1,-0.0493282884192073
F81207,1,0.09495874466499928
F81211,3,0.09153183849608892
F81212,2,0.18523254025886396
F81213,3,0.16774395976240722
F81215,2,0.30767125616415125
F81216,2,0.10878991528721901
F81219,3,0.1560234585246493
F81221,3,0.14647219664265038
F81222,3,0.21955298930056463
F81223,1,0.11411112409552959
F81606,2,0.02578613155562639
F81613,2,0.07225770317231225
F81618,2,0.30984818365015504
F81619,1,0.09658223701109647
F81623,1,0.04884013319700271
F81632,2,0.08308442816203931
F81633,1,0.08233043912033303
F81635,3,0.20056695026890248
F81636,2,0.09623014138956507
F81640,3,0.2868765512845243
F81641,1,-0.010760506535823866
F81645,1,-0.05395138977831314
F81649,2,0.05155156637812567
F81652,3,0.04841078507699648
F81656,1,0.10063040821186016
F81665,2,0.13793326071764703
F81666,1,0.06782036380556968
F81669,1,0.1926458500246301
F81674,3,0.20642996045100973
F81675,2,0.1194390619291211
F81679,1,-0.06385765490221372
F81681,3,0.09906815553225154
F81683,1,-0.05826396534595463
F81690,3,0.22558556661231538
F81696,3,0.16974328262734234
F81697,1,0.13968658381368323
F81700,2,0.09870237625938014
F81704,1,-0.06020865170066156
F81707,3,0.22344967544040245
F81708,1,0.16363956773086163
F81711,3,0.2232344681919844
F81713,2,0.1620240018815524
F81716,2,0.08339239799035691
F81725,2,0.18193698758748267
F81729,3,0.05702374230819624
F81730,3,0.2659711614525908
F81732,3,0.062366298320959045
F81737,1,0.08612467445398116
F81739,3,0.2122315958423058
F81740,3,0.09396002918849113
F81741,2,0.07701060716936052
F81744,1,-0.0513811851108007
F81746,1,-0.023232654234002184
F81749,3,0.0843236849436417
F81751,1,0.09542442125645036
F81757,2,0.18069703081902688
F82001,1,0.06375357662076123
F82002,2,0.18835913818296285
F82003,1,0.10746288437235166
F82005,1,0.11799721612594845
F82006,2,0.24280512854024985
F82007,2,0.13726829254160702
F82008,1,-0.03427884411990762
F82009,3,0.10000382469297123
F82010,1,0.03146412872287267
F82011,1,0.06526768912020187
F82013,2,0.08183771484867695
F82014,2,0.13024490765199542
F82015,1,-0.06268536379883032
F82016,1,0.17493189197440245
F82017,1,0.15904577792246316
F82018,1,-0.04845718758557438
F82019,2,0.10656639279261416
F82021,3,0.00525085145056341
F82022,2,0.014953288759055933
F82023,1,-0.03901231792132746
F82025,1,0.028045906399576444
F82027,3,0.09928486498431399
F82028,1,-0.08362748623722188
F82030,2,0.08861699154004077
F82031,1,0.03434446724512681
F82033,1,-0.050414064595746336
F82034,1,0.043885245120204114
F82038,1,0.03831806436890102
F82039,1,0.03290299673897012
F82040,1,0.13331046790470072
F82042,3,0.021721731099683422
F82045,2,0.06518662773895388
F82051,3,0.17640498185039022
F82055,2,0.09241127194216153
F82604,1,-0.009192848413832848
F82607,2,0.2209251987673733
F82609,2,0.21058833409964908
F82610,2,0.10844905021022158
F82612,1,0.08542857950793749
F82619,1,0.182702157732152
F82624,1,0.008421655070884618
F82625,2,0.11759598657134793
F82627,1,0.21153916818026175
F82630,2,0.0871927001730979
F82634,1,0.18782375796186238
F82638,1,0.11900749820675409
F82642,1,0.15497718077308278
F82647,1,0.1668410465155631
F82648,1,-0.04104963324311652
F82649,2,0.06407852896845403
F82650,1,0.013539598954249868
F82660,3,0.18819806976071823
F82661,1,0.1457384649253653
F82663,1,0.020890485706379632
F82670,1,-0.016144363043709763
F82671,1,-0.051375856614701995
F82674,1,-0.04222388904210194
F82675,1,-0.049283350873146774
F82677,1,0.09654390395042071
F82678,1,0.1923207309017566
F82679,3,0.06139228087617025
F82680,1,-0.022311132016362735
F82686,1,-0.06993414219854466
F83002,3,0.07872679010061782
F83003,3,0.21804559564095022
F83005,1,0.0013180727411070071
F83006,1,0.20406652613296417
F83007,3,0.17523575026565696
F83008,1,0.0976056134524053
F83010,3,0.2562763934165668
F83011,1,0.1799822734069891
F83012,3,0.1726152770373149
F83015,3,0.29439217557844277
F83017,1,0.04988703500797258
F83018,2,0.022539165694816465
F83019,3,0.21803723261063468
F83020,1,-0.025819700469628646
F83021,1,0.2165959539090669
F83022,2,0.11249466056579294
F83023,1,0.04553259977871072
F83032,1,-0.002722256944428843
F83033,3,0.06685516091828331
F83034,1,0.17189991640805025
F83039,1,-0.03913239311931719
F83042,1,0.2078516998757876
F83043,1,0.14641388112879733
F83044,3,0.1520744285462881
F83045,1,0.00830455830004578
F83048,3,0.08482003178737547
F83050,1,0.19893031544829357
F83052,1,0.2144648999065003
F83053,1,0.13658146180046518
F83055,1,0.119636733819508
F83056,1,-0.021334461738256788
F83057,1,0.009913285699839411
F83058,1,0.09888319554187015
F83059,3,0.10032541612091403
F83060,3,0.06744126686370912
F83061,1,0.12441503208120479
F83063,1,0.1687709944753684
F83064,1,0.035264235919563916
F83615,3,0.10872162279792319
F83623,3,0.21479955373067053
F83624,1,0.042921417813044524
F83632,3,0.1687195774720138
F83633,1,0.225603708917099
F83635,1,0.09958176485491012
F83652,1,0.05945852935384224
F83658,1,0.029696341956758694
F83660,1,0.09443354841327271
F83664,3,0.09311402338182542
F83665,1,0.06574939843658709
F83666,3,0.2245987779375747
F83671,3,0.1026642234343024
F83672,1,0.1738649377495699
F83673,1,0.20302502626076283
F83674,1,0.08649435420913437
F83678,3,0.1937780648434043
F83680,1,0.24139909820732108
F83681,1,0.2131484132495041
F83683,1,0.03412291519177652
F83686,1,-0.0007304676053531853
F84003,3,0.15748216902439227
F84004,3,0.20542641096617206
F84006,1,0.04493716681422202
F84008,1,0.08365091501223877
F84009,1,0.060815268885344484
F84010,1,0.18988931437159062
F84012,1,-0.013080822916807818
F84013,3,0.25042972645235484
F84014,1,0.20700526029180996
F84015,2,0.081577885132554
F84016,3,0.09676844715405808
F84017,1,0.1748789169235479
F84018,3,0.09643386616155433
F84021,3,0.03264119095283891
F84022,1,0.0617873949999979
F84025,1,0.14120222344052016
F84030,3,0.10751395314534479
F84031,3,0.07882840360102765
F84033,1,0.05005901067549437
F84034,3,0.31874341556572094
F84035,1,-0.048457074282423566
F84036,1,0.03745871999502
F84038,1,0.23509732512069959
F84039,1,0.14064352779120026
F84044,1,0.10420029503247684
F84047,1,0.06732608283376228
F84050,1,0.2345065258419848
F84051,3,0.19620175562220046
F84052,1,0.02066069503393591
F84053,1,0.10787206409296471
F84054,2,0.09667698983384533
F84055,1,-0.007148246459071978
F84060,2,0.10389155587012011
F84062,1,0.05387793988247217
F84063,1,0.11482194202146676
F84069,1,-0.003206570296021935
F84070,1,0.10891547356319357
F84072,3,0.17800113832995104
F84074,1,0.04605895774005651
F84077,1,0.1523279031174847
F84079,1,0.02538384997878677
F84080,1,0.053464198092963745
F84081,1,0.18528703120855863
F84083,1,0.20577907804741075
F84086,1,0.026077729196521703
F84087,1,0.08767366524225165
F84088,1,0.17461506558801357
F84092,1,0.11523817469376205
F84093,1,0.028069008076190328
F84096,3,0.25830343449122234
F84097,1,0.1358068080032287
F84105,1,0.17606427214757633
F84111,1,-0.01891098836139896
F84114,1,0.15274020975594108
F84115,1,0.16342374587426006
F84117,1,0.07685632735163193
F84118,3,0.213452239135818
F84119,1,0.14639601191065946
F84121,1,0.06641902412147763
F84122,1,0.01723911004000445
F84123,1,0.10705835037093299
F84124,1,0.145739717871415
F84601,1,0.042964796272096
F84619,3,0.09524882663757296
F84620,3,0.1829502791070274
F84621,1,-0.01880360126482631
F84632,1,0.05697452125363481
F84635,1,0.023714777052927245
F84636,3,0.10833529871153874
F84640,3,0.05473740786048461
F84641,1,0.19728362662829707
F84642,3,0.04423779944082705
F84647,1,0.10056824966306861
F84656,1,0.17038764334598758
F84658,1,0.025861073601697235
F84660,1,-0.04634916841594628
F84666,1,0.21231609931482698
F84668,1,0.08430632551718083
F84669,1,0.2043539414363863
F84670,1,0.23708446404086014
F84672,1,0.06018962387015888
F84677,1,0.02134774242450377
F84681,3,0.18829386136709342
F84686,3,0.13596638194197624
F84692,1,0.1428303150101406
F84694,3,0.17024190801057684
F84696,1,0.07695100037796754
F84698,3,0.18789691133747086
F84710,1,0.1865674663068405
F84716,1,0.21708584644981588
F84717,1,0.24326221889639235
F84718,1,-0.06204836705730148
F84719,1,0.21312394059857728
F84720,3,0.23596856834441085
F84724,1,0.24075203133633738
F84729,1,0.10834296398598983
F84730,1,0.16584828837884752
F84731,3,0.10065742724009383
F84733,1,0.08627608064289076
F84735,1,0.14016612265199904
F84739,1,0.023195862521584214
F84740,1,0.15285371502548248
F84741,3,0.2217054453689332
F84747,1,0.05727461670041395
F84749,1,0.139567647519456
F85002,3,0.23375331566786844
F85004,3,0.187699515034522
F85007,3,0.2151603886501191
F85008,1,0.14908478922243948
F85010,1,0.22566854175812487
F85013,2,0.05982899621926705
F85014,1,0.031874954031265376
F85016,2,0.10140288725343242
F85017,3,0.28415159522028033
F85019,1,0.061985497938459755
F85020,3,0.23686267404081093
F85023,1,0.15789527176288223
F85025,3,0.12650355664703763
F85028,1,0.2102084635932972
F85029,1,0.11668624505001078
F85030,1,-0.014090920502394657
F85031,2,0.08169108320598835
F85032,2,0.01136387962216673
F85033,2,0.1029995109446792
F85034,3,0.11300091982888134
F85035,2,0.11526657754320951
F85039,2,0.10599842031382711
F85044,1,0.15559088223709736
F85046,1,-0.0342658824519135
F85058,2,0.11106732582599212
F85060,2,0.019626159576985013
F85061,2,0.048292811389703844
F85063,1,-0.037286622637991394
F85064,1,0.21032153961831376
F85065,1,0.0806987531061875
F85066,3,0.1457431605302792
F85067,1,-0.052278219098930906
F85069,3,0.28809192867729116
F85071,3,0.17533611085596879
F85072,1,0.11994377667719967
F85615,1,0.14206230107358386
F85623,1,0.022795443087863947
F85625,1,0.008718343066930414
F85628,3,0.13689756489784347
F85634,1,0.2576780079074877
F85640,1,0.06791771770537494
F85642,1,0.08980559670962676
F85650,1,0.08417144890479174
F85663,1,0.2004776423004731
F85666,1,0.08400993064506439
F85669,1,-0.041665858144956075
F85675,1,-0.004705657355683834
F85676,1,0.19455185487262083
F85678,2,0.21337295104795287
F85682,1,0.04110758568524679
F85687,2,0.19249730247326574
F85688,3,0.30109377735881027
F85697,3,0.18020950862677848
F85700,1,0.24500176226673198
F85701,1,0.0995610339726567
F85705,3,0.09169705375206329
F86001,1,0.051239415577220816
F86004,1,0.04181145174787988
F86005,1,0.031965603975687464
F86006,1,0.13529894693898864
F86007,1,0.03962149107009086
F86008,1,0.16217960513596938
F86009,1,0.11795843148051939
F86010,1,0.1621818736937202
F86011,1,0.19179438579542915
F86012,1,0.02216667456342968
F86013,1,0.1326225884192834
F86018,3,0.12161014643432848
F86020,2,0.14828433223576995
F86022,1,0.1232439388731859
F86023,3,0.20325095195520312
F86025,1,0.13614386978011722
F86026,1,0.07794083682762849
F86028,1,0.09836851352763977
F86030,1,-0.006396287632579251
F86032,2,0.1067214200197627
F86034,1,0.11099229802362626
F86036,1,0.05740007864041826
F86038,1,0.11064407439613644
F86040,1,-0.03179168400965852
F86042,3,0.17887874026168663
F86044,1,0.14580748451154021
F86045,1,0.16589141199998217
F86057,3,0.26780962165549455
F86058,1,0.09027792761411624
F86060,1,0.03647146368861192
F86062,1,0.05451115616242776
F86064,1,-0.0387616665044091
F86066,3,0.1458264007494153
F86074,2,0.10319839190678597
F86078,3,0.2443083299637244
F86081,1,0.07989558427436402
F86082,1,0.07636661864112108
F86083,1,0.07367847883185603
F86085,1,0.16484802014159083
F86086,1,0.06689191011146824
F86087,1,0.20140082969825307
F86088,1,0.06922070825581192
F86607,3,0.1255084195294586
F86612,1,0.21263388831953034
F86616,2,0.16006650066120032
F86621,2,0.05467680611069644
F86624,1,0.17583109565401614
F86625,1,0.14416164110210558
F86626,1,0.09267335751627359
F86627,1,0.18818891942565627
F86637,1,-0.0038228027855881715
F86638,2,0.16120934848065774
F86641,1,0.09950998035954983
F86644,1,0.09239204651492929
F86650,1,0.054527921602436885
F86652,3,0.059848658810892255
F86657,2,0.07081162663422179
F86658,1,0.08784066927150863
F86664,2,0.18976311987125577
F86666,1,0.07613833968676717
F86679,2,0.09164986685159333
F86689,1,0.08563910636275887
F86691,1,0.01127056381726405
F86692,1,0.01397431761810655
F86696,1,0.06201983486803114
F86698,3,0.1785584326789703
F86700,1,0.06786504455613833
F86701,1,0.15617095835315414
F86702,1,0.05864988036153146
F86705,1,0.18733099318890323
F86707,1,0.053997817457040256
F86708,1,-0.0011473713173682126
F86712,1,0.09863306644718456
F86731,1,0.03141122374399719
G81001,3,0.17011075509124715
G81002,1,-0.006456376603813349
G81003,1,-0.03585562311748037
G81004,2,0.13237234178979532
G81006,2,0.17452399722860323
G81008,3,0.10094443988811692
G81011,3,0.25505686332367594
G81012,2,0.14289792535379509
G81014,2,0.27672638851863773
G81016,2,0.1361137881585297
G81017,2,0.0906124221145887
G81018,2,0.12670287488138832
G81019,3,0.13191803117481227
G81021,2,0.07405734692192976
G81022,3,0.18714076031903076
G81023,2,0.19133407383913725
G81024,2,0.06894927034034286
G81028,3,0.006101103990276874
G81029,3,0.16449109536859546
G81030,3,0.09737570886309502
G81031,3,0.09425280638439834
G81032,2,0.03693802381305983
G81034,2,0.16247929333848696
G81036,2,0.20970711104507234
G81037,2,0.21068492907935574
G81038,2,0.20987037041147721
G81039,2,0.12911677057789833
G81040,2,0.07107911654690133
G81041,3,0.15352941696844444
G81042,3,0.2284111624393354
G81043,3,0.025675045651849755
G81044,2,0.16579231492699545
G81046,2,0.004329910378999055
G81047,2,0.22997001133116204
G81048,1,-0.025251833397712354
G81049,3,0.059121217864577025
G81050,2,0.022546901517719813
G81051,2,0.15268617940137416
G81052,3,-0.0023449245556919573
G81054,2,0.19897248770730494
G81055,2,0.025557536872593274
G81057,2,0.13656966246913876
G81059,3,0.09302636693576784
G81061,3,0.1547618744832216
G81065,3,0.17884015511962897
G81070,2,0.1605169858191165
G81071,1,0.16146219555512592
G81073,3,0.11432695956288906
G81074,3,0.12816915846061336
G81075,2,0.07235747881459371
G81076,2,0.1673010247957615
G81077,3,0.22910647752661725
G81082,2,0.22427424246248204
G81083,3,0.15459683081662973
G81085,3,0.024053217185952366
G81086,2,0.19899947926721298
G81087,2,0.13246246301975767
G81088,2,0.2141253062381986
G81089,1,0.004774135991252072
G81095,3,0.06570010903191864
G81096,1,-0.02028691529990332
G81098,2,0.24524751489494515
G81099,2,0.049664260099235386
G81100,2,0.09507086778713306
G81102,3,0.2264002273203464
G81104,2,0.02660252436232642
G81613,2,0.11112212666445458
G81614,2,0.027040168915327664
G81634,3,0.1320901966271396
G81638,1,-0.02597797270514356
G81641,3,0.05321999569477496
G81646,1,0.006907318492409884
G81656,1,-0.032318369445776395
G81658,2,0.12139187734546208
G81663,3,0.17006410710795247
G81669,1,0.04919393149193123
G81689,2,0.06430798103881083
G81694,1,-0.045462158789285466
G82002,3,0.14234042142811826
G82006,1,-0.05665298446701817
G82007,3,0.05645289841113363
G82013,1,-0.05266752972539039
G82014,1,-0.0027806083402975887
G82015,3,0.20935603212849183
G82016,2,0.004440169716481355
G82018,3,0.19276655130663162
G82019,3,0.24591620549710896
G82020,3,0.18373425579152394
G82021,3,0.13663618014697454
G82022,3,0.076285071967227
G82023,1,0.1048836651303839
G82024,2,0.16979587649088626
G82025,2,0.1806486618308142
G82026,2,0.06216988112954334
G82027,2,0.23175482770156955
G82028,1,0.13958794359385526
G82031,1,0.04784492071633529
G82032,1,0.07731380820214744
G82035,1,-0.023217717469281005
G82036,2,0.14233847661267227
G82037,2,0.09329772857990767
G82038,2,0.18180718638189478
G82039,3,0.03588438637897751
G82041,2,0.13754659033296787
G82042,2,0.1740776111033559
G82044,1,-0.04338026238590949
G82046,3,0.31841660047203796
G82048,1,-0.06577407838698376
G82050,3,0.2565667771225985
G82051,1,-0.005353968573737331
G82052,3,0.2675709235670381
G82053,2,0.14211292943345272
G82055,2,0.24831012931553792
G82056,3,0.2764521801755224
G82057,2,0.13104124316336158
G82058,2,0.21673443368445783
G82059,2,0.05140307015017426
G82060,1,-0.05485122769671612
G82062,1,0.035100721873196135
G82063,3,0.22513694873549592
G82066,3,0.2869556657645496
G82067,3,0.14849334134781642
G82069,3,0.17217890907105227
G82071,2,0.07867715431678128
G82073,3,0.05204167142808364
G82074,2,0.10075029867209713
G82076,2,0.30107074682967183
G82077,1,0.10273530188441356
G82079,2,0.20703170121256112
G82080,1,-0.049971890785477396
G82082,2,0.13876703242847882
G82083,2,0.1261685652918568
G82085,2,0.1878166265379002
G82086,1,-0.04197539977363336
G82087,1,0.055780451242443393
G82089,2,0.18373240246505257
G82090,2,0.009937829357373218
G82091,3,0.20024012386133824
G82092,3,0.032035099859138876
G82093,3,0.034462015293060505
G82094,3,0.21752056662404226
G82095,1,0.14652115856183137
G82097,2,0.0655350510216264
G82098,3,0.19263897607271313
G82099,2,0.12562167794794632
G82100,3,0.19345897678048654
G82105,2,0.1966140972161115
G82106,2,0.16319538595802002
G82107,3,0.30106235632815415
G82108,2,0.09083603062351758
G82110,2,0.14476658496693326
G82111,2,0.0226329799969799
G82113,1,0.06344910038846073
G82114,3,0.21013140004917027
G82115,3,0.18469469562484597
G82117,3,0.11262264552162687
G82118,3,0.06339590751847131
G82119,3,0.07596284134742565
G82120,3,0.010904276396357356
G82121,3,0.25528574013411937
G82122,1,0.139436926111368
G82125,3,0.23800062731162697
G82126,3,0.13653064151229655
G82129,1,-0.032172042133448375
G82135,3,0.24777533804369745
G82137,3,0.2923612823294138
G82138,3,0.05561059140012913
G82139,2,0.08400613891270765
G82140,1,0.16773740312045957
G82141,2,0.2952865614942811
G82142,3,0.009240536392377301
G82143,1,0.03049064456871536
G82147,3,0.08025705684466732
G82150,1,0.19085660559981527
G82152,3,0.1561511543518909
G82154,2,0.12634291438274453
G82155,3,0.28868319505784523
G82158,2,0.20184081161734052
G82160,2,-0.006398700759167166
G82161,1,-0.042978634454091204
G82162,3,0.18698388535205687
G82164,2,0.009881837120550078
G82165,2,0.020881290842799535
G82170,2,0.14349027570720746
G82180,2,0.06511129692819946
G82184,1,-0.0023621308330598377
G82185,2,0.08436407739561023
G82186,2,0.17897435838456086
G82200,2,0.09558832650467732
G82203,2,0.10186778915180976
G82205,1,0.000976916324725991
G82211,3,0.2754783928142668
G82212,1,0.04389404150280989
G82215,2,0.05797144581724744
G82217,1,0.06937715450356982
G82218,3,0.1771753762190291
G82219,2,0.06654463494789968
G82224,2,0.22289371254034585
G82226,2,0.13073807350680353
G82227,3,0.2723194426951694
G82228,1,-0.06419981455036634
G82229,2,0.0324885983842217
G82231,1,-0.024513978626540145
G82232,1,0.030950346981355258
G82233,1,0.08289285945765647
G82234,2,0.14353142381725653
G82235,2,0.12007719591004798
G82600,3,0.09827730955292795
G82604,1,-0.0043215720408792185
G82631,1,0.1811455259321324
G82634,2,0.16266561659823908
G82635,1,-0.030062927718603867
G82641,2,0.08301123528449846
G82647,3,0.12495614224764315
G82648,1,0.14910514811462905
G82650,3,0.12967395673011353
G82652,2,0.22184372768696545
G82658,2,0.010636185611518092
G82665,3,0.06431705164092241
G82666,3,0.10010847896292373
G82679,1,0.12164878154881964
G82682,1,-0.04503031450700844
G82684,2,0.013503034249871896
G82687,1,0.018780665347048094
G82691,2,0.07618351850225241
G82693,3,0.1181096457431236
G82696,2,0.10745460477468174
G82697,1,-0.043693303583898044
G82698,1,0.11898929332710147
G82700,3,0.3101751260887577
G82702,1,0.028230014653337642
G82708,1,0.03695704960072989
G82711,3,0.015464354076981022
G82719,3,0.2886273686329474
G82721,1,0.03521180881785458
G82729,2,0.14703724929326722
G82730,2,0.008238593255124256
G82733,2,0.1795029144710254
G82737,3,0.2525984933418207
G82741,1,-0.051883991229584196
G82744,1,0.008157877268939016
G82753,1,0.19566671292890414
G82754,2,0.27916490267415894
G82763,2,0.0427335326419067
G82768,2,0.1479472472806889
G82780,1,-0.003980101359551313
G82790,3,0.1775828237023199
G82796,2,0.18164890683806892
G82799,3,0.2506591782360018
G82802,2,0.2578192467281136
G82808,2,0.19074997819617825
G82888,2,0.15437739219896224
G83001,1,-0.050490945209641626
G83002,2,0.11532242604508491
G83004,1,-0.020025575648913246
G83006,1,0.05258113447028449
G83009,1,0.027365751930898685
G83010,1,-0.03203258732181717
G83012,1,0.07977773078797451
G83013,1,0.019453603318990466
G83015,2,0.10129152936812012
G83016,1,0.1984818567393562
G83018,3,0.20118838796429353
G83019,1,0.19442492415660984
G83021,1,-0.027624309032203746
G83025,1,-0.04597747297180785
G83026,1,0.21280363208683742
G83027,1,-0.022074268591524178
G83028,1,0.11511413155938155
G83029,1,0.024077325486545148
G83030,1,0.18675587637596533
G83031,3,0.08896125149839428
G83033,2,0.07560924806524494
G83039,1,0.03460006831890711
G83044,3,0.24172654069934918
G83046,3,0.16215507587252828
G83049,3,0.25434619672844244
G83052,1,-0.006853948116641237
G83053,1,-0.08029293799899144
G83057,3,0.28121133767834394
G83058,1,0.17749953050236458
G83060,1,0.2549116711630912
G83062,1,-0.04311268652215783
G83065,3,0.08561301768497152
G83066,1,0.040367721281913724
G83067,1,0.2205469007475142
G83628,3,0.2333990509294644
G83630,1,0.18880419041214946
G83631,1,0.18764859252374808
G83633,1,0.1308566866131357
G83635,1,0.11853365780947989
G83641,1,0.12254389109001877
G83642,3,0.2568000914196931
G83647,1,0.2284795763579169
G83654,1,0.2182844606347619
G83673,1,0.0811943518965073
G83680,1,0.06024768565629014
G84001,1,-0.053733988756608744
G84002,2,0.020732418769516096
G84003,1,-0.040326689371786455
G84004,3,0.010606655825712527
G84005,3,0.2239450105878586
G84006,1,-0.025064939780366138
G84007,3,0.2956219487646755
G84008,2,0.12747687701207136
G84009,1,-0.08269199877061051
G84010,2,0.0857005454478891
G84011,1,0.0552130621621971
G84013,1,-0.03736000858601465
G84015,3,0.24384585970214628
G84016,1,-0.010946578717948874
G84017,3,0.2663430790102104
G84018,1,-0.06030843726224152
G84019,3,0.06471123352341207
G84020,2,0.08087232888523085
G84023,1,0.11595452946973836
G84024,1,0.15421204490377674
G84025,1,-0.01043812338743937
G84027,3,0.15866477828457257
G84028,1,-0.013351577892441754
G84029,1,0.21436089762060667
G84030,3,0.21265683444898498
G84032,3,0.12698776792189065
G84033,1,-0.07319676715089922
G84035,1,0.06469562350859204
G84039,1,0.057645300293677995
G84040,3,0.24165845882195938
G84041,1,0.15334110884969684
G84604,1,0.07192206310926995
G84607,1,-0.08507175182763577
G84609,3,0.18935983629493858
G84621,3,0.10284282577039797
G84624,1,0.13242757306881406
G84625,1,0.09863538138457834
G84627,1,-0.03871776589178711
G84629,1,0.07352327446292777
G84630,1,0.04134556734366968
G85001,3,0.049060006314281354
G85002,3,0.050497121760145945
G85004,1,0.12923501629424355
G85006,1,-0.016976717517114232
G85011,3,0.17016932293890782
G85013,1,0.05109038372784434
G85014,3,0.1692002335563249
G85015,1,0.0226928106929983
G85016,1,0.17138305996146422
G85019,1,0.17826487092092722
G85021,1,0.15801506937148563
G85022,1,-0.04959158950985034
G85023,2,0.12597007393491091
G85024,1,0.07672360951330326
G85025,1,0.17283033679435178
G85026,1,0.0799591748181668
G85028,1,0.06264634608930883
G85029,1,0.17687333967983027
G85030,1,0.16222113537725166
G85031,3,0.2563536239768471
G85032,1,0.12371320139982424
G85034,1,0.1180666485281294
G85038,1,0.057614009694721184
G85039,1,-0.01861547636046724
G85040,1,0.05786762983077335
G85041,1,0.010965171212125596
G85042,1,0.0357197568146063
G85044,1,0.023843625978408004
G85045,1,-0.027687667847086577
G85046,2,0.24376937911550128
G85051,1,-0.027984881955189903
G85052,1,0.03771424008671319
G85053,1,0.05081898208413967
G85054,1,0.24159730731139414
G85057,1,0.20668789185671804
G85061,1,0.07828265886958573
G85073,1,0.18997071132584004
G85076,1,0.1982744531437294
G85083,1,0.01887625305242589
G85085,1,0.1489802651687919
G85086,1,0.11585595593905944
G85087,1,0.15324762881051116
G85091,1,0.1352746512939383
G85096,1,0.09067394452014559
G85100,3,0.11647713581495218
G85102,1,0.2085741406468087
G85104,1,0.13965411435643296
G85105,1,0.013206246825633162
G85109,2,0.14953125005746892
G85114,1,0.08273202192042449
G85119,1,0.007355851780844943
G85120,3,0.07023354565355575
G85121,1,0.14514102482821442
G85123,1,0.0927498204298967
G85125,1,0.0755283404748629
G85127,1,-0.012510287524914017
G85129,1,0.19834214044790335
G85130,3,0.10142261770383393
G85132,1,0.06868002084570789
G85134,1,0.09457573430696077
G85135,3,0.1258757766680893
G85136,3,0.15485018546486887
G85137,2,0.1235249092835048
G85138,2,0.08830728555142635
G85623,1,0.17103756449355237
G85632,1,0.15966925568909612
G85633,1,0.10503610432273097
G85642,3,0.0677107392771784
G85644,3,0.0926876828334209
G85647,1,-0.07049155402737273
G85651,1,-0.019671172776353624
G85662,1,0.09347437270928
G85673,1,0.2684215281232568
G85674,1,-0.05603825825904946
G85681,1,0.13903288576000533
G85685,1,0.0011820506498724757
G85690,1,0.22050268894793734
G85695,1,0.22675019535704385
G85696,1,0.025702558976735408
G85698,1,0.05140165143146268
G85705,2,0.03018946179876684
G85706,1,0.03186379616895022
G85708,3,0.1348033050939869
G85715,1,0.04546246808321562
G85716,1,-0.0014588380235472456
G85721,1,0.04703234714673437
G85722,1,0.12504274164789855
G85724,3,0.12492586364897659
G85726,2,0.06720350855985088
G85727,2,0.1483147373893139
G85736,1,0.1974749106875012
H81002,1,-0.006160818559439211
H81003,3,0.06491382465121229
H81004,3,0.08854948377756056
H81005,2,0.10509578875859649
H81006,2,0.20331402797370465
H81009,3,0.2996373187350347
H81010,3,0.0918018144163907
H81011,1,0.023681873716919294
H81013,1,-0.003888524807204672
H81015,3,0.11956978784354584
H81016,2,0.07594417654683062
H81017,2,0.18932730044965404
H81019,3,0.20400498344568624
H81020,2,0.12512155232768105
H81021,2,0.1619247741920005
H81022,2,0.13637728984263336
H81023,2,0.0942822577349941
H81024,3,0.245892134066775
H81025,2,0.17189174188705947
H81026,1,-0.07333591596598048
H81027,3,0.084305488356357
H81028,2,0.03607182444140791
H81029,1,0.07050858282991061
H81030,3,0.07731506917297816
H81031,3,0.2695096797151606
H81032,3,0.1713056128529207
H81033,3,0.20353965907921553
H81034,3,0.13743594752857916
H81035,1,0.06724942598856123
H81036,3,0.19216989291312112
H81038,1,-0.02440290117982309
H81039,2,0.13118365324575143
H81040,2,0.14293287849898503
H81041,3,0.10664255005390841
H81042,3,0.310126200469952
H81043,2,0.06522256523252981
H81044,1,0.06104604790280807
H81045,3,0.21830529289159956
H81046,1,0.11550693937917042
H81047,2,0.21851493698820326
H81048,3,0.1752873293310517
H81050,3,0.29794033503514605
H81051,3,0.2699105607160832
H81052,3,0.3025418863341759
H81053,2,0.07905275547769698
H81055,2,0.17426720381728786
H81056,1,-0.06934662930044326
H81057,3,0.1404355686516911
H81058,2,0.1934075408381364
H81061,3,0.20319505585035366
H81062,2,0.05347478625274929
H81064,3,0.27994894018301497
H81065,3,0.041282769880198876
H81066,3,0.24422657835826553
H81067,2,0.14353911453724086
H81068,2,0.19243084793935658
H81069,3,0.09928786808658056
H81070,3,0.18564522497419741
H81071,3,0.12289508374161001
H81072,2,0.07552526198429324
H81073,3,0.04448300606512349
H81074,2,0.06793112758819321
H81075,3,0.1536504691881404
H81076,2,0.2191192095071127
H81077,2,0.027456345401668712
H81078,3,0.014637704244462058
H81080,2,0.012978630305176419
H81081,1,-0.05527375490665371
H81082,3,0.1891116992564607
H81084,2,0.12729189034432
H81085,2,0.10120983120014786
H81086,1,0.06929465980238389
H81087,2,0.12489168474556099
H81088,3,0.18193041040597094
H81089,3,0.17690530775062951
H81090,3,0.2553286950199828
H81091,2,0.055028838291147075
H81094,3,0.2227450611243365
H81095,1,-0.017971861971615787
H81099,3,0.0211024445361891
H81103,2,0.23951792213290657
H81104,2,0.10389032301526888
H81107,2,0.17540800995423086
H81109,3,0.22476659391914192
H81110,1,0.11544405310952303
H81111,2,0.08830074716327915
H81113,2,0.14822167782518245
H81116,2,0.120868557141313
H81119,1,0.01103446162302939
H81122,1,0.17118560735165445
H81123,1,-0.06226776469898476
H81126,3,0.24961452958605526
H81128,3,0.3062629625158807
H81129,2,0.12718294289445414
H81130,2,0.10845239422381595
H81131,2,0.13479816305486594
H81133,1,-0.05261685516428669
H81134,1,0.10756561880532683
H81615,1,0.014059372991181386
H81618,2,0.12401400199793793
H81632,2,0.09653585789288002
H81638,3,0.1861328530748369
H81641,1,-0.035332852465009314
H81642,1,0.010126946884799762
H81643,1,0.0481756879031712
H81644,1,0.07314107833473948
H81656,3,0.11053589048145832
H81658,2,0.13385476826983433
H81663,3,0.12109717425066946
H81672,3,0.20885715727463255
H82003,3,0.2881607114270157
H82004,2,0.04991206037795312
H82005,3,0.2795838919384226
H82006,2,0.05000411282930456
H82007,3,0.18042331908466527
H82009,3,0.06781937302391074
H82011,3,0.2177485246384218
H82012,3,0.26065531768467887
H82013,3,0.01740610359106823
H82014,3,0.24800038263469457
H82016,3,0.04980738278485525
H82017,3,0.176440064804295
H82020,3,0.12871326457664767
H82021,2,0.06428914760558023
H82022,3,0.23535543627764582
H82023,3,0.015559676447078643
H82025,3,0.0886535655488906
H82026,3,0.23593846300934657
H82027,2,0.1123324987465135
H82028,2,0.06687417063193486
H82030,3,0.08191332906141578
H82031,3,0.23437755025871626
H82032,3,0.18833764505674638
H82033,1,-0.07849860530971403
H82034,3,0.22146249978078084
H82035,3,0.21047324420349844
H82036,3,0.2691290276314769
H82037,2,0.11034877864444716
H82038,2,0.10392157121254889
H82039,3,0.2503141739680396
H82040,3,0.10824586786022045
H82041,3,0.16659564085002274
H82042,2,0.26102500592808897
H82043,2,-0.0026841748176367024
H82044,3,0.09296646580839842
H82045,3,0.12894601305147133
H82046,3,0.2298169116838574
H82047,3,0.3058611463767846
H82048,2,0.01755419993812473
H82049,2,0.114879486872581
H82050,3,0.22778547134967547
H82051,2,0.21678899785223976
H82052,2,0.23650161418954563
H82053,2,0.14730572457511562
H82055,2,0.1519714117455264
H82056,2,0.05709437875546963
H82057,3,0.27329064605132036
H82058,3,0.1994807591812678
H82059,3,0.2083959451547703
H82060,1,-0.04039077726682508
H82061,3,0.01142350054751892
H82063,2,0.10239560076310879
H82064,3,0.2394027313576719
H82065,2,0.21606270097459204
H82066,3,0.25171686903803464
H82067,3,0.3062605994296433
H82070,2,0.2745517280533476
H82072,3,0.3048611242789684
H82076,3,0.07862269886386347
H82077,2,0.012095178287735826
H82078,2,0.010416036629249415
H82084,3,0.285453772829131
H82087,2,0.1301071955894223
H82088,3,0.04419613199957712
H82089,3,0.0476272298070576
H82091,2,0.07135355932318878
H82092,2,0.08643557831209746
H82095,2,0.16178960363013403
H82096,2,0.02717903028278581
H82098,3,0.2677052432532395
H82099,3,0.16149726704938566
H82100,2,0.13857280278359524
H82615,2,-0.0010787143165049756
H82640,3,0.2755019192586487
H83001,1,0.07508065520134807
H83004,3,0.04125874050552779
H83005,1,-0.0575187332895383
H83006,1,0.16353508590578758
H83007,3,0.32514534646994436
H83008,1,0.007461924208544142
H83009,2,0.053260583960346664
H83010,2,0.06157195096461083
H83011,3,0.07199585142185116
H83012,3,0.2315363323050749
H83013,1,0.1380858280825285
H83014,2,0.11329353233372895
H83015,2,0.1330334758138783
H83016,2,0.016281077898984912
H83017,1,0.23103052252954068
H83018,2,0.009200242366201577
H83019,1,0.18347551862806283
H83020,1,0.2529102258989098
H83021,3,0.15112894043238714
H83022,1,-0.05024323777320104
H83023,1,-0.002343048127097885
H83024,1,0.10098354509172885
H83028,1,-0.015402573808029828
H83029,3,0.2202809980618879
H83030,3,0.17760778855172202
H83031,1,0.05283792566691298
H83033,1,-0.09362349668555453
H83034,1,0.13181673840146726
H83037,3,0.266139484074838
H83039,2,0.1825410816043864
H83042,1,0.11456662990234576
H83043,1,0.005013709908870487
H83044,1,0.1092022730704803
H83049,1,0.15501116516219726
H83051,1,0.163271393725459
H83052,2,0.10195104967573304
H83053,1,0.010506830341903752
H83608,1,0.14937042330614722
H83609,3,0.18500884439756846
H83611,3,0.20782566778064945
H83624,1,0.17196462196058157
H83627,2,0.05087645939299954
H83631,1,-0.050036573572890264
H84005,2,0.06103208205425292
H84006,1,-0.08639690187125992
H84007,1,0.046605348960177415
H84010,1,-0.006242226961751022
H84012,2,0.24155163440748045
H84014,2,0.0056398335316633404
H84015,2,0.032567884274267295
H84016,1,-0.04511942968915957
H84017,2,0.08631107166487835
H84018,3,0.008211850858621098
H84020,3,0.19456487615617662
H84025,3,0.30426734881021766
H84027,1,-0.055943698641347385
H84030,3,0.1901116194002185
H84031,2,0.2542534436180319
H84032,1,-0.0455413013812716
H84033,2,0.20433992016154223
H84034,3,0.18834676795883756
H84039,2,0.18581258646800503
H84040,1,0.08493314327084778
H84041,1,0.15649839816958233
H84042,3,0.17560306614634608
H84044,2,0.15212275060858207
H84048,1,0.10167364967839654
H84050,3,0.21986080843650344
H84051,3,0.07272043974377697
H84053,1,0.05447222777701623
H84054,1,0.18453458393170055
H84055,3,0.08802441418818986
H84057,1,0.13954031343692327
H84059,1,0.1092370789420693
H84060,2,0.13228570273566026
H84061,1,0.0908494951023091
H84062,3,0.2185634685409251
H84618,1,-0.05478939358155455
H84619,3,0.12162129034503996
H84623,2,0.14166271528894725
H84625,1,0.12141504254998939
H84630,2,0.15140905010739414
H84635,1,0.058323238960769
H84639,1,0.157412298076087
H85001,3,0.08950615355336301
H85002,1,0.16953013448978688
H85003,1,0.17222276072078888
H85006,2,0.1086467196590897
H85007,2,0.12140872372877934
H85008,1,0.1636973164926798
H85009,1,0.0845640385379424
H85011,3,0.27603651589187256
H85012,1,-0.04037025472884513
H85018,1,0.07545114203819761
H85020,3,0.08019965104018742
H85021,3,0.31751494863278235
H85022,1,0.12130236543767012
H85023,1,-0.06646176644729093
H85024,1,0.20700022192162512
H85025,3,0.04098378663304334
H85026,1,-0.062031331326761856
H85027,1,0.09182668885829905
H85028,1,-0.018148055552472016
H85029,1,0.11398556737906039
H85030,2,0.20114132960960504
H85031,2,0.13169753922702906
H85033,3,0.13045393531507565
H85037,1,0.20515792567036673
H85038,3,0.11331586318867307
H85041,3,0.15362367853078773
H85045,1,0.11916226620512885
H85047,3,0.020724519536980176
H85048,1,0.00929829660121636
H85049,1,0.07121607999419545
H85051,1,0.06872179749083773
H85052,1,0.07971320352936678
H85053,1,0.23610650971131505
H85055,2,0.12214811529285914
H85057,1,0.019911242241615293
H85061,2,0.09223229063145141
H85063,1,-0.033996480028752
H85065,1,0.18702462606424894
H85066,3,0.1841800174272752
H85067,3,0.07974265486294567
H85069,1,-0.03270276787717611
H85070,1,-0.0005964178622384506
H85075,3,0.1697509138167725
H85076,1,0.07749692679818078
H85077,1,0.12442871919383311
H85078,1,0.21648315448612038
H85082,3,0.11461780520882485
H85087,3,0.21993659022077294
H85088,1,0.06530942306030774
H85090,1,0.04179749178206907
H85092,1,0.017954137931309594
H85095,3,0.25325942734195234
H85100,1,-0.06534955370032397
H85101,2,0.03204824453375034
H85103,3,0.2981942710621184
H85105,2,0.1342979531657818
H85110,1,-0.05188034915326295
H85111,3,0.2038197477994842
H85112,1,0.22662242498416527
H85113,1,0.11278049591637586
H85114,3,0.1334438461549433
H85115,3,0.2411882554862508
H85116,1,0.020996857418179214
H85618,3,0.33041269903209963
H85634,3,0.24432883025943164
H85637,1,0.13197934365114897
H85649,1,0.12947667911038693
H85653,1,0.02295178019630678
H85656,1,-0.018495087188452036
H85659,1,0.1980055073930461
H85662,3,0.08526700380748134
H85664,1,0.006089747223092706
H85680,1,0.15911449766633637
H85682,1,0.22707731972382594
H85683,1,-0.03267929500467907
H85686,1,0.09348231239386828
H85693,2,0.0029496646709102395
J81002,2,0.07850277211017112
J81006,3,0.12782200648605904
J81009,2,-0.00024572633116896225
J81010,2,0.18251468709396418
J81011,3,0.1030054757394441
J81012,3,0.3027628349577167
J81013,2,0.2442126638620386
J81014,3,0.2015205174274367
J81016,2,0.22313431889155805
J81017,2,0.22241909001822283
J81018,2,0.1866889303465042
J81019,3,0.18042006406142064
J81020,3,0.03786712249470224
J81021,2,0.2441569714760114
J81022,2,0.09215367442208831
J81025,3,0.21307094157834405
J81027,2,0.17578528456747072
J81028,3,0.2426736660911143
J81029,3,0.07145005965470529
J81030,2,0.006156494090915661
J81033,3,0.11535665967920887
J81034,2,0.22216493599172965
J81035,2,0.175019667663717
J81036,3,0.2868346808974423
J81039,3,0.26101328417302994
J81041,2,0.25823843888479225
J81042,2,0.16483737468807133
J81045,2,0.08321850067929606
J81046,2,0.029900029197584454
J81047,3,0.28158711869765635
J81049,3,0.01342264353793275
J81051,3,0.15988954836805644
J81053,2,0.10359554867540226
J81056,2,0.058030785351962696
J81057,3,0.19476137034991278
J81058,2,0.01926935613065979
J81059,2,0.19384596575192306
J81061,2,0.2255737170038309
J81062,2,0.004236711259084952
J81064,2,0.2173856560120513
J81066,1,-0.05459728094651742
J81067,3,0.02846660022382974
J81068,3,0.04040640368013767
J81070,3,0.20500064068224633
J81072,3,0.24147899360070135
J81073,2,0.09104726780590221
J81074,2,0.0674657652534441
J81075,3,0.1820322893944854
J81076,3,0.07751964804519737
J81077,2,0.22127037582605402
J81078,2,0.033531023171081975
J81081,3,0.022075169057828657
J81082,2,0.008160415172575465
J81086,2,0.22022504618102
J81087,2,0.15372801990614257
J81609,3,0.017535684667669926
J81612,2,0.20882888184479972
J81616,2,0.13060173720976054
J81620,3,0.26579655216440895
J81621,2,0.14236497636755
J81626,2,0.14112002669624904
J81631,2,0.18552268600939015
J81633,3,0.04077690460310504
J81634,2,0.09547733679606397
J81646,3,0.12368916451226465
J81647,2,0.1317579624487291
J81648,3,0.026431444867048494
J82001,2,0.23482952730998602
J82002,3,0.19729026110131725
J82005,3,-0.0016837205155943314
J82007,3,0.0395449392911824
J82009,3,0.20518401958371021
J82010,3,0.0677385631015197
J82012,3,0.27451448399712974
J82016,2,0.1701424446764744
J82017,3,0.08413991024270615
J82018,2,0.11219160885499736
J82019,2,0.11354815338907873
J82020,2,0.056835775058623965
J82021,3,0.29308441069102653
J82024,1,-0.031673642286329545
J82025,2,0.21607070911358833
J82026,3,0.1717276778955213
J82028,1,0.05192515241341522
J82033,2,0.0028584711179861027
J82034,2,0.03544743657477184
J82035,3,0.2667639688540378
J82036,2,0.04529226125010353
J82039,3,0.2886285439681711
J82040,1,0.010114692852134751
J82042,3,0.13872046893463566
J82049,3,0.24690045143755807
J82050,2,0.08527450131683376
J82051,3,0.264472800089532
J82053,3,0.19658315494139764
J82054,2,0.025623493033542256
J82055,3,0.1608511155589959
J82056,2,0.08441786359979897
J82058,2,0.08353984299326296
J82059,2,0.1271629700201918
J82060,3,0.16549272564379877
J82061,3,0.28766648221502694
J82062,1,-0.021888972721944094
J82064,3,0.07917089621871234
J82066,3,0.27574827540836655
J82067,1,-0.06574175094013905
J82069,3,0.10654870581887478
J82071,2,0.13367441881760647
J82072,1,-0.008794036991531123
J82073,2,0.006838487273351595
J82074,2,0.16665246735265954
J82075,2,0.0727943549588006
J82076,3,0.10222284572600333
J82079,3,0.10953317229086484
J82080,1,-0.0033052946567623605
J82081,3,0.11547461246255399
J82082,3,0.18059380470535127
J82083,3,0.08007726780409742
J82084,3,0.047722425383694284
J82085,3,0.16795588874496098
J82087,2,0.2749025639593549
J82088,2,0.04785254644296475
J82092,1,-0.052442945684274066
J82094,3,0.20960513433432118
J82098,3,0.10871461647113084
J82099,3,0.17803892233359536
J82101,2,0.020253160858877683
J82102,3,0.12066063802713121
J82103,2,0.18036352158607763
J82104,3,0.2240623187263627
J82106,3,0.17873256006861998
J82110,1,-0.07603091416344802
J82112,2,0.05238079362282524
J82115,1,0.07142303382340356
J82116,2,0.24658693980339572
J82119,2,0.1389650729288833
J82120,3,0.27106020539295134
J82121,2,0.04176879671808741
J82122,3,0.12717887909938674
J82124,2,0.2702601407019785
J82125,2,0.10540220723610032
J82126,1,-0.02755986265815017
J82128,2,0.24672085813550443
J82129,2,0.2019366864829428
J82130,2,-0.006008985428756306
J82131,3,0.22511757988996656
J82132,2,0.2161996001096302
J82134,3,0.2896635327210701
J82136,3,0.31952921269201967
J82138,2,0.02202786116341931
J82139,3,0.04124645799309521
J82142,2,0.1369815514734832
J82143,2,0.11430685220381454
J82144,2,0.003022353044342337
J82145,1,0.033781131002176314
J82146,3,0.32273587794572633
J82147,3,0.26398791699255697
J82149,3,0.09711848225836896
J82150,3,0.08660640519288637
J82151,3,0.031979278525431594
J82152,2,0.17679936368129126
J82154,3,0.1706415278085127
J82155,3,0.11759013442281839
J82156,2,0.04707489687189591
J82157,3,0.11059760829828222
J82163,3,0.21903372017356618
J82169,2,0.06624038753794373
J82174,2,0.1266806077905275
J82178,1,-0.05906164837587799
J82181,1,-0.008715165849465516
J82184,3,0.1318832247927305
J82194,1,0.10008646332493293
J82196,3,0.1678174351633461
J82198,3,0.09707815076998134
J82199,2,0.1128213317161073
J82201,3,0.04704598473233644
J82207,2,0.2309177022514955
J82208,2,0.042641444823342346
J82210,3,0.1361035011186197
J82213,3,0.09748190317167724
J82214,2,0.14316729559928223
J82215,3,0.31086377924815745
J82216,2,0.1295055396148219
J82218,3,0.2756827713339088
J82605,3,0.2151154303175991
J82622,1,0.15250739078245362
J82625,2,0.08748084267472242
J82628,3,0.18453206559604995
J82630,2,0.24257981186272579
J82639,3,0.03432842409073676
J82640,2,0.18428429659416387
J82646,1,-0.07459114373248067
J82669,3,0.3247277614086194
J83001,2,0.21731663065210868
J83002,2,0.3152770109010521
J83003,3,0.14439495351654907
J83004,2,0.020549968884080304
J83005,3,0.13870622840157262
J83006,2,0.1519566395765011
J83007,3,0.23834737833822509
J83008,2,0.038075046073936955
J83009,2,0.20300825614378085
J83010,3,0.2905376618740835
J83011,3,0.2986257415023742
J83013,2,0.009656490880393095
J83016,3,0.053847903291262995
J83018,3,0.30001070108797984
J83019,2,0.1723488649494708
J83021,3,0.1275497796432319
J83022,2,0.2389930379324919
J83023,2,0.0729846476593793
J83024,2,0.23301838812517883
J83026,3,0.22492880984473856
J83027,2,0.03455306536518774
J83029,2,0.28639629798752125
J83030,3,0.15220025173200155
J83033,1,-0.030360421162605743
J83034,2,0.19367442005805893
J83035,2,0.25678113669197766
J83036,2,0.0017678940712129035
J83037,2,0.08283759755660838
J83038,1,-0.0031272696498108646
J83039,2,0.13405857053298828
J83040,3,0.003587614715638007
J83041,2,0.09577899437599935
J83042,2,0.17745609667239315
J83043,2,0.018542769014534048
J83045,2,0.168616429450969
J83046,3,0.31274163750396755
J83047,2,0.27214133104737437
J83049,3,0.06639132264438549
J83050,1,-0.00853913701902841
J83052,3,0.24334500042476767
J83053,1,0.023036653525934536
J83055,2,0.23991925719235727
J83056,2,0.15306506534577
J83057,3,0.043275064181287945
J83058,2,0.18034642932456788
J83059,2,0.23223838101533928
J83064,3,0.07911661460187429
J83601,2,0.062033921952819294
J83603,2,0.21006846260391407
J83609,2,0.27985363541862057
J83615,2,0.0886923048818054
J83618,2,0.02667798523858273
J83619,2,0.06500134980243336
J83625,2,0.19053420015012015
J83633,2,0.29935533156692357
J83645,2,0.06078989939114034
J83646,2,0.03665430663080447
J84003,2,0.06523337252664485
J84004,3,0.037274425609019425
J84005,2,0.11781066067695428
J84007,2,0.19900698301906036
J84008,1,0.038354571123054
J84012,3,0.0556535647223886
J84013,2,0.01750580232654662
J84015,2,0.10192845281925061
J84016,3,0.1531414488300079
J84017,2,0.11804558448174092
J84019,3,0.1087756661432663
K81001,3,0.22852691912887163
K81002,2,0.017882490950781576
K81003,2,0.10418875027341203
K81004,2,-1.0223626585232212e-05
K81007,1,0.21612982471219266
K81010,3,0.15879293719138632
K81012,3,0.04279238570697653
K81014,2,0.15117642631089842
K81015,1,-0.04064538455595256
K81017,3,0.2691652816651573
K81018,1,0.07723463946161735
K81019,3,0.18199655535590384
K81020,1,-0.03612893042209943
K81021,1,0.02299937439120348
K81022,3,0.13378077066457794
K81024,1,0.0030793109897133573
K81025,2,0.1407696980854304
K81026,1,0.157700077433749
K81027,2,0.20597873200561473
K81028,3,0.11112655584894779
K81030,3,0.061181427773397634
K81034,1,0.1445532876159392
K81036,2,0.18550310709430134
K81040,2,0.12433676015607249
K81041,2,0.13594851309151482
K81042,1,-0.003971364070818882
K81043,1,0.07609606739964168
K81045,1,-0.07708807934105959
K81046,3,0.24797934938854718
K81047,2,0.09416146940386201
K81048,1,0.016759113104560765
K81050,2,0.10570660118312651
K81051,1,0.03788322943146439
K81052,2,0.05257719646177345
K81055,3,0.13168558183779763
K81057,2,0.2112362118847636
K81060,3,0.20408496246620866
K81062,1,0.10776478287318635
K81063,2,0.06986580030968179
K81068,2,0.048849603633806124
K81069,2,0.09945769596668963
K81070,3,0.33089254153891323
K81073,3,0.14920172073865937
K81074,1,0.0793071363320973
K81075,3,0.11479999492397923
K81076,3,0.325403712785188
K81077,3,0.17178265761344513
K81078,1,0.030435514276733987
K81080,2,0.2592958250207643
K81081,1,0.16400884395590984
K81082,1,0.0913930060490649
K81083,1,0.19253222925571314
K81084,3,0.09640312417972392
K81085,1,0.14177321402334456
K81086,1,0.08812593970234249
K81092,2,0.13876175794253665
K81097,1,-0.00012248577670942866
K81100,2,0.10433244523500682
K81102,3,0.3160124323323876
K81103,2,0.07559753419071986
K81605,2,0.06374299282392794
K81607,1,0.20895802010213896
K81608,1,0.10698777225988282
K81610,3,0.24463704362431415
K81616,1,0.13017496439006104
K81630,3,0.011702465116770804
K81633,1,0.21881559287860367
K81636,2,0.2030989903794475
K81644,1,-0.05138447251536581
K81645,1,0.1476818247041104
K81651,1,0.06940825635143182
K81655,1,0.06742453957396856
K81656,1,0.14150347050638565
K81657,1,-0.023256392265472596
K82001,2,0.04184809389810512
K82003,1,0.06326931238395747
K82004,3,0.13465877213551417
K82006,1,0.11107553591515165
K82007,2,0.016782167644892113
K82008,1,-0.05362895295668405
K82009,2,0.02569194696899138
K82010,3,0.09200519972868974
K82011,3,0.14610965639847678
K82012,2,0.22304346870437336
K82013,2,0.05108654330990744
K82014,3,0.15953975356739716
K82015,3,0.07191811410003171
K82016,2,0.015759360839363
K82017,2,0.21526623529937122
K82019,1,0.15507018181150992
K82020,1,0.13530886762771605
K82021,3,0.10094858817752206
K82022,3,0.17545676189295736
K82023,1,0.06130483181468201
K82024,2,0.23880721599729485
K82025,1,0.03765208878242872
K82026,3,0.09705268615911512
K82027,1,0.04899549997425323
K82028,3,0.3159180495404191
K82030,1,0.18143905334492624
K82031,1,0.0187234112101435
K82032,3,0.25738658391810876
K82033,1,0.018380689312545672
K82035,2,0.12052339137122016
K82036,3,0.24134710720278363
K82037,3,0.222570776786979
K82038,1,-0.06895364942491534
K82039,2,0.10170468666017846
K82040,1,0.02040468417829121
K82044,1,0.11162523687727048
K82045,1,0.12073439378849335
K82046,2,0.1160438401322867
K82047,2,0.1491540638688375
K82048,3,0.20146921836521925
K82049,3,0.19794169272278433
K82051,2,0.08007611698106863
K82053,3,0.21578685097406583
K82054,2,0.08227414302180588
K82055,1,0.05603814388401266
K82057,3,0.030203581351554352
K82058,1,0.013612967289789474
K82059,2,0.08131453000326179
K82061,2,0.07564840255192808
K82064,2,0.0677272787309607
K82065,3,0.21804710634400454
K82066,2,0.07254432574483677
K82068,2,0.17474284627425432
K82070,3,0.23562070575399133
K82073,3,0.1995195461194918
K82078,1,-0.06944035155266222
K82079,2,0.2109550598965291
K82603,3,0.2236857092974483
K82610,2,0.008039685998024227
K82615,2,0.21648577205260883
K82617,2,0.22844420509241642
K82618,1,-0.0003949985596479572
K82621,3,0.26635400765703104
K82631,2,0.11726848884027699
K82633,2,0.012425143250659222
K83002,3,0.3208568800126889
K83003,3,0.3005944637375846
K83005,1,-0.031135025830901657
K83006,3,0.22619901196133946
K83007,3,0.14615774095993142
K83008,2,0.033440877973017764
K83009,3,0.25992620526240323
K83010,2,0.07832736621307738
K83011,3,0.2270498653988541
K83012,1,-0.024366933558703993
K83013,2,0.19579147804092545
K83014,3,0.21296331010381317
K83015,3,0.28569715313315613
K83017,3,0.031112794178913127
K83018,2,0.20744473172129058
K83019,2,0.0843082410594639
K83021,2,0.015228974024160022
K83022,3,0.1872460774116358
K83023,3,0.29317424659423236
K83024,1,-0.043784092832910064
K83025,1,0.19953171773612682
K83026,3,0.2857420564218615
K83027,1,0.04281166861390495
K83028,2,0.07368102206871906
K83029,2,0.06760520751524765
K83030,2,0.07767559789736404
K83031,2,0.23569326963381537
K83032,2,0.015199590443324978
K83035,2,0.08372184033155312
K83036,2,0.20365577746102836
K83037,2,0.1819876318075173
K83040,2,0.05111404111325252
K83041,3,0.1731697633099138
K83042,2,0.11048076222016175
K83043,3,0.33759401577495074
K83044,2,0.06889575463561937
K83047,3,0.26486314762886426
K83048,1,0.12172311574621347
K83049,3,0.248478047736259
K83050,1,0.003330637913891093
K83051,2,0.1757858934839721
K83052,2,0.19126461939173492
K83053,2,0.2538876471655443
K83055,3,0.023080753037360166
K83056,1,-0.04790100061554957
K83059,1,0.02352419702906918
K83064,2,0.2507579538046844
K83065,1,0.044221213340759694
K83066,2,0.07503859692552098
K83068,2,0.15198545489916007
K83069,1,0.025448976359990393
K83070,1,-0.06325487835148753
K83076,1,0.009205607035497323
K83077,3,0.3057677558871313
K83080,3,0.24531334277764247
K83081,3,0.22122521535259693
K83601,2,0.2502540926264144
K83610,1,0.07676968142172216
K83616,2,0.0832389680383862
K83618,1,0.1488891923640975
K83620,3,0.30559888377418004
K83621,1,-0.05173976606591154
K83622,3,0.25726254105046104
K84001,3,0.14575851599142398
K84002,3,0.18648122512707097
K84003,3,0.06115514898805737
K84004,3,0.17315294582004212
K84006,3,0.030294639291393883
K84007,3,0.23345444195249923
K84008,2,0.18017347594924282
K84009,1,0.09477903005770341
K84010,2,0.2634521098637096
K84011,1,-0.03142219696626681
K84012,2,0.18911846690160547
K84013,1,0.0947010289584612
K84014,2,0.31065048147219565
K84015,1,0.1265749874369889
K84016,1,-0.0012840051450943362
K84017,2,0.08388029211488109
K84019,3,0.048308761757696
K84020,2,0.30488763117181794
K84021,1,0.11403054097235354
K84023,3,0.1328632612265791
K84024,3,0.2959077592207551
K84026,1,-0.047666839707004555
K84027,3,0.18419564330152127
K84028,2,0.13622218091635238
K84030,3,0.1239620371319887
K84031,3,0.2747068497758539
K84032,2,0.11022236967320127
K84033,3,0.1404350169588176
K84034,3,0.21567930012138395
K84035,2,0.012492019284334821
K84036,2,0.20179824797302182
K84037,2,0.19373332952055256
K84038,3,0.09996568999819938
K84041,3,0.1017621714565383
K84042,2,0.13402010044978396
K84043,3,0.11645761105519219
K84044,3,0.15001001705592976
K84045,3,0.191930254669984
K84046,1,0.07917986079878662
K84047,2,0.030005072775302885
K84050,2,0.13202404177679092
K84051,3,0.18346608563426567
K84052,1,0.10384557837588006
K84054,2,0.1603734623955278
K84055,2,0.21062532294567002
K84056,2,0.16158683362465212
K84058,2,0.21379396026147074
K84059,3,0.16182659288800724
K84060,1,0.12813671814329794
K84062,2,0.1235776136807433
K84063,2,0.17890949488273125
K84065,2,0.1380776367615094
K84071,3,0.106093612380948
K84072,3,0.16990714232748885
K84075,3,0.12055540568746605
K84078,1,0.17965702176417545
K84079,3,0.14270281988171626
K84080,2,-0.002285642815812191
K84082,3,0.0639703781808387
K84605,1,0.018835585053176777
K84610,2,0.03770793806229517
K84613,1,0.0654222905660405
K84618,2,0.2164780570682908
K84624,1,-0.05501828829021166
L81004,2,0.09987847591851123
L81007,2,0.14017971461558848
L81008,3,0.3075031969279033
L81009,2,0.2578432158296014
L81010,3,0.2829559056201775
L81012,1,0.04293491190816721
L81013,2,0.17438006327473035
L81014,3,0.08653041292175453
L81015,1,-0.008501320651459357
L81016,1,0.055286984828066696
L81017,2,0.06580446662962665
L81018,3,0.12194295999234406
L81019,2,0.09275051172513099
L81020,3,0.1684771866870562
L81021,3,0.1327302166686644
L81022,2,0.12736677092461288
L81023,1,-0.013849654414958792
L81024,2,0.0637493635962434
L81025,3,0.22801685448059494
L81026,1,-0.060400517846389806
L81027,2,0.09322762752775188
L81029,1,-0.07348039129770738
L81030,2,0.04419184915719505
L81031,3,0.04426633103763677
L81033,2,0.11188270007101998
L81034,2,0.15054503796667268
L81037,1,-0.007595314458509474
L81038,1,0.005365699090573273
L81039,3,0.1646477683137408
L81040,3,0.21313002578408632
L81041,2,0.11712580358946548
L81042,3,0.31164280133041417
L81044,2,0.06541354504277302
L81045,3,0.24401174757137747
L81046,1,-0.03178380391581231
L81047,2,0.16147491353879764
L81050,2,0.1002392873048092
L81051,2,0.10154775143739761
L81053,3,0.08311389595425524
L81054,2,0.1638380173987177
L81055,2,0.11047385524498977
L81058,2,0.02324345521607732
L81059,2,0.05105123904988727
L81061,1,0.13751757645785193
L81062,1,0.005654693786258115
L81063,2,0.1303665699971309
L81065,2,0.04025234075660205
L81066,1,-0.053580740019419926
L81068,3,0.042716866194223435
L81069,2,0.24543147677454816
L81070,2,0.056321939784860185
L81071,2,0.2381813164536014
L81072,2,0.06780088005968139
L81073,3,0.16673109527087257
L81075,1,0.0014307491378781415
L81078,1,0.014071925703412874
L81079,2,0.0729077065252448
L81081,3,0.06430910605647337
L81082,1,0.09953006315078233
L81083,2,0.001785137671719125
L81084,3,0.01118104667747833
L81085,3,0.003657623274763883
L81086,3,0.17397364845199273
L81087,2,0.12275655525823582
L81089,1,-0.0231425710325915
L81090,1,0.06920934655077765
L81091,1,-0.03738602697467966
L81095,2,0.155312386520952
L81098,1,0.11375801839916881
L81103,3,0.01660469877980069
L81106,3,0.08028816533421122
L81118,3,0.13143135305648923
L81120,2,0.1319647183782465
L81122,2,0.10696106607679412
L81123,2,0.11104526168378334
L81125,2,0.0739435882962515
L81127,3,0.01022617668443157
L81130,2,0.14235890259127143
L81131,2,0.0896001279015352
L81132,2,-0.00524660703752587
L81133,1,0.1809509718290039
L81600,1,0.13485600508914747
L81617,2,0.13392179323886558
L81632,1,0.024997142373182596
L81642,3,0.17432969123665532
L81643,3,0.02925892872811795
L81644,2,-0.003900574538277144
L81669,3,0.17873803531728505
L81670,1,0.07225930379517541
L82001,2,0.19628472316242557
L82003,3,0.15214843734686306
L82004,2,0.14680779215249595
L82006,2,0.18124957508065825
L82007,2,0.012351921617731248
L82008,3,0.03641863648671651
L82010,3,0.2290549605568522
L82011,2,0.11423749646453245
L82012,3,0.18449705741868339
L82013,2,0.15144415070157638
L82015,2,0.2761259169666026
L82016,3,0.2601512790209829
L82017,2,0.1211035774139033
L82018,2,0.009874013620181898
L82022,3,0.024437291152708394
L82023,3,0.2695287167817387
L82026,3,0.061431116165054186
L82028,3,0.07597540122015435
L82029,3,0.12714303649846476
L82030,2,0.006558577794980905
L82035,2,0.08648486124596858
L82036,2,0.05349780870643802
L82038,3,0.2861018504559235
L82039,2,0.07449079885206815
L82041,3,0.1163815637774072
L82042,3,0.18142639028141724
L82043,3,0.03137554509885526
L82044,3,0.28995534027087183
L82045,2,0.10503318988510571
L82046,3,0.2734880663602696
L82047,2,0.04119775518603358
L82048,2,0.09740837623562885
L82049,3,0.061182104687926314
L82050,3,0.2579367853441272
L82051,2,0.10049155720239261
L82052,3,0.16317176914195683
L82054,2,0.259839322492149
L82056,2,0.09756427431023004
L82057,2,0.1375002317403974
L82058,2,0.2618603528122401
L82059,2,0.02809370421688478
L82061,2,0.029971809141484663
L82066,3,0.18632795239247427
L82068,2,0.10430894048124328
L82070,1,-0.014612367696035458
L82620,3,0.1360219696414874
L82622,2,0.10763325264786469
L83002,3,0.2646883783278624
L83005,2,0.1669060037037106
L83006,2,0.06841314072679076
L83007,3,0.278511014464268
L83008,3,0.32110652346063784
L83010,2,0.2520037980545528
L83011,2,0.025693930966625332
L83012,2,0.18051015128814624
L83013,3,0.2990784272367951
L83014,2,0.041929627032291195
L83015,3,0.3022870614942365
L83016,2,0.11593188899037718
L83019,3,0.27525164802211954
L83020,3,0.29403858865721083
L83021,3,0.17814944912840575
L83023,2,0.23948523656501833
L83024,2,0.20351649609919467
L83025,3,0.26961790628486354
L83026,2,0.12665497100724485
L83027,3,0.12964261040088973
L83028,3,0.2101753925028396
L83029,3,0.1745976274671241
L83030,3,0.05795990478187694
L83031,2,0.12518215905591815
L83034,3,0.24735182716062434
L83035,2,0.06388084755089467
L83036,3,0.18875452414852703
L83038,3,0.12449121429193355
L83039,3,0.0847733603771733
L83040,2,0.166562424956736
L83041,2,0.27706423781494083
L83042,3,0.22144000228842722
L83043,3,0.22211128043907996
L83044,2,0.15356650922719578
L83045,3,0.28788374744801415
L83046,2,0.09271018035242092
L83048,3,0.2962324184491094
L83049,2,0.17240080870889035
L83050,2,0.2430060250678337
L83051,3,0.16136479855601416
L83052,3,0.23068697862820842
L83054,2,0.11397910222576697
L83055,3,0.044970064931160444
L83056,3,0.08047249969198278
L83057,3,0.10256079884793294
L83058,3,0.05360694997581365
L83059,3,0.16819576029635935
L83064,3,0.29918832728620154
L83066,3,0.20218984040257396
L83067,3,0.06754742780601959
L83069,2,0.20373788692379666
L83070,2,0.15452369907240573
L83071,1,0.0524862449619595
L83072,3,0.21548596098744202
L83073,2,0.09366511494149801
L83075,2,0.15264062927348943
L83076,2,0.20576748062225475
L83077,3,0.1701949582353314
L83079,2,0.010523769426398584
L83081,3,0.23213024072703473
L83082,2,0.10363042636356731
L83083,3,0.2716194593604169
L83084,3,0.11049979819604983
L83085,2,0.2053146184152383
L83086,2,0.15375581752194875
L83087,2,0.2409439882386725
L83088,3,0.2994543023584154
L83089,3,0.32085820774877516
L83092,3,0.17392224115349736
L83094,3,0.21619801661558774
L83096,2,0.12228372897593015
L83097,1,0.12835453518768844
L83098,3,0.0322905995026365
L83099,3,0.25082827861272533
L83100,3,0.2896207637785324
L83101,2,0.06159283891796527
L83102,2,0.06010395421659073
L83103,2,0.1045584269210356
L83105,2,0.09863571442032816
L83106,2,0.03736445463940529
L83111,3,0.3323958216819351
L83112,2,0.19275861333727642
L83113,3,0.29195676180448626
L83115,3,0.14475256366794212
L83116,3,0.27574984165042893
L83118,1,-0.07338467058514092
L83120,3,0.14883171773484238
L83127,3,0.20194049110404988
L83128,3,0.27709055389272047
L83129,3,0.03959852677130695
L83131,3,0.32528902451130887
L83134,2,0.1359221742381605
L83136,3,0.040285202498707255
L83137,3,0.028657072373811945
L83143,2,0.2021810828619429
L83146,2,0.2480533543789622
L83147,3,0.3191762880729006
L83148,2,0.16869021218666375
L83607,3,0.1580594825071815
L83624,3,0.1932773990112334
L83628,2,0.08087586647004383
L83639,3,0.029744613339560917
L83646,1,-0.04685817786092397
L83648,3,0.07551348166617386
L83655,2,0.14933017947467148
L83663,2,0.022862170399951136
L83666,2,0.09579607706387974
L83673,3,0.01968247858312246
L84003,2,0.03498189562551173
L84004,3,0.26163718882225057
L84005,2,0.17035283251782152
L84006,2,0.04019894484376361
L84007,2,0.12192654132196482
L84008,2,0.09289447999345114
L84009,2,0.0024617706211370865
L84010,2,0.20576930998607754
L84011,2,0.13714554062560935
L84012,2,0.05615911916156691
L84014,3,0.005047735525041282
L84015,2,0.16815455231319076
L84016,2,0.07304443289776187
L84018,2,0.1908501635383454
L84021,3,0.007048358440305085
L84022,2,0.030430714283209603
L84023,3,0.17262923314660186
L84024,2,0.1546906259958977
L84025,3,0.10420881231532288
L84026,3,0.09588041372759322
L84027,2,0.03538494407750442
L84028,3,0.03297401218554879
L84029,3,0.06797371297244922
L84030,3,0.18477928503349678
L84031,2,0.05704099808618892
L84033,2,0.14311347145956071
L84034,2,0.17398617613877984
L84036,2,0.11720641899569195
L84037,2,0.13476383587559987
L84038,2,0.16187320865064783
L84039,2,0.21257038151705454
L84040,2,0.17155436247913597
L84041,2,0.15574317394213594
L84043,3,0.02423839682985496
L84045,2,0.17463829456962332
L84046,3,0.02346834764062775
L84047,2,0.10942701407693904
L84048,3,0.2134096225992244
L84049,2,0.12453848770896153
L84050,3,0.13631061288549198
L84051,2,0.02265765338862229
L84052,3,0.030131885183725275
L84053,2,0.21114202493784687
L84054,3,0.1313063453972915
L84058,2,0.15024317839181076
L84059,3,0.14737551052863027
L84060,3,0.24862648497465983
L84063,2,0.20101047150233653
L84065,3,0.19079629526321884
L84067,2,0.08345423170994251
L84068,2,0.04912615532874746
L84072,3,0.17173003806588585
L84075,2,0.20040083456420904
L84077,3,0.13864739611110027
L84080,3,0.015745787247635375
L84081,2,0.1119199470286371
L84084,3,0.04187601119639136
L84085,2,0.10285404659044128
L84606,2,0.10359650363495636
L84613,3,0.07673490049026559
L84617,2,0.17237792386631404
L85001,2,0.10750281449994545
L85002,2,0.0713395507603536
L85003,3,0.14115250369174823
L85004,3,0.0322052436061779
L85007,3,0.22947636487189302
L85008,2,0.051840719869527596
L85009,2,0.1831493346398359
L85011,2,0.27309199361971576
L85012,3,0.03269714684274392
L85013,2,0.24746893394486902
L85014,3,0.16787751937264822
L85015,2,0.13452582118125733
L85016,2,0.005610556377896453
L85017,3,0.04098304591106592
L85018,2,0.12136979560166708
L85019,3,0.11305935335325379
L85020,2,0.19603079407766652
L85021,2,0.04243888587073624
L85022,1,0.14393332417442536
L85023,2,0.01974083573089074
L85024,1,-0.012430793906797275
L85025,2,0.005901738970403394
L85026,3,0.21785593119168253
L85027,2,0.09580205962383996
L85029,1,0.07097250072153534
L85030,2,0.20652603148055526
L85031,1,0.02524590645355463
L85032,3,0.07273897793602828
L85033,3,0.018150757035451937
L85034,3,0.15425322094599078
L85035,2,0.20503815535357903
L85036,2,0.15531411631674405
L85037,3,0.1438823060822363
L85038,3,0.27239931516976995
L85039,2,0.21775604792077646
L85040,1,-0.0384000349794222
L85042,2,0.08276484693369489
L85043,2,0.1576971855340588
L85044,3,0.16418401432182217
L85046,3,0.3117207001522002
L85047,1,0.02576961054984241
L85051,2,0.0428961475414472
L85052,2,0.12124119166450714
L85053,3,0.20899287103022385
L85054,2,0.08040402011310938
L85055,3,0.12375434024677451
L85056,2,-0.0073397871186651085
L85061,2,0.10889216078823584
L85062,2,0.3042974558870001
L85064,1,-0.03781882234737195
L85065,2,0.23678688336437823
L85066,1,0.024704690102886822
L85601,3,0.05119291107299749
L85607,2,0.11882143802429089
L85609,3,0.1474380602096294
L85611,2,0.2694211990170338
L85624,2,0.2512087916126415
M81001,2,0.0964813346535013
M81002,2,0.027614081655359127
M81004,3,0.0033662040244072655
M81005,2,0.16254991729044774
M81006,3,0.0244479352718219
M81007,3,0.01691287887033589
M81008,2,0.10955105403015847
M81009,2,0.23869229998062896
M81010,3,0.15386740666844737
M81011,2,0.15313854994576748
M81012,2,0.014757792178610847
M81015,3,0.21406206051173543
M81016,2,0.20045773570870143
M81017,3,0.2327028503576651
M81018,2,0.20621693586565842
M81019,2,0.12137060669787382
M81020,2,0.14003592324973538
M81021,1,-0.014767581002301399
M81022,2,0.15110879962563636
M81024,2,0.03730095876163661
M81025,2,0.20048463531022473
M81026,2,0.1649336753770724
M81027,3,0.12093165756675205
M81029,2,0.1766861844976202
M81032,3,0.26791876940863885
M81033,2,0.09812831683519106
M81034,3,0.03226940763327129
M81035,2,0.11869063368191028
M81037,2,0.17007418811948893
M81038,3,0.28041637473924613
M81039,3,0.22931640421704483
M81040,3,0.1285572825676109
M81041,2,0.2569261965259969
M81042,2,0.10081569921921713
M81043,3,0.04666985821181392
M81044,3,0.18802297732680828
M81045,2,0.1714063828614611
M81046,3,0.1699077299952309
M81047,2,0.19955405438146537
M81048,3,0.11563211067459452
M81049,2,0.18426977418642207
M81054,2,0.2234688045319309
M81055,3,0.1493511249480409
M81056,3,0.11487008251584245
M81057,3,0.22494792830770013
M81058,3,0.08954846410995776
M81061,2,0.14566279309536107
M81063,3,0.25788239685019093
M81064,2,0.09745071533776513
M81066,3,0.22499256929228303
M81067,2,0.2780640642920298
M81068,3,0.063489076112818
M81069,3,0.1316589064441749
M81070,3,0.20391349610935966
M81072,3,0.2449080938960677
M81074,3,0.1665441794058293
M81075,3,0.12080617673315884
M81076,3,0.29013784022315975
M81077,3,0.028748928232082353
M81078,3,0.02782166587789347
M81081,2,0.21775278468109185
M81082,2,0.19237372217384843
M81083,3,0.14890876787481808
M81084,2,0.16526337567401161
M81090,3,0.003993544746415153
M81091,2,0.06220796918546063
M81092,3,0.11750827389000493
M81093,3,0.18025387930414336
M81094,2,0.06528844971504179
M81600,3,0.23509036142843925
M81604,3,0.18055976103088878
M81605,1,-0.010193737163178333
M81608,3,0.08355807503819969
M81616,1,0.010741450179232058
M81617,3,0.10223182415820588
M81627,3,0.07879958468647898
M81629,3,0.15386255360948928
M82002,2,0.17696685518625674
M82003,1,0.005401129971031934
M82004,2,0.2695463378323209
M82005,2,0.1380459549431477
M82006,3,0.16562829463183143
M82007,2,0.23631132642541616
M82008,2,0.06374544110222803
M82009,3,0.21643196590892874
M82010,2,0.09644082144128184
M82011,3,0.07878828738020456
M82012,1,-0.06034701978982916
M82013,3,0.10825042866821669
M82014,3,-0.004016222312966319
M82016,3,0.11641358383481674
M82017,2,0.2201232479485569
M82018,3,0.11919726748045774
M82019,3,0.2727063708492265
M82020,2,0.2502617727977142
M82021,3,0.10126334529500913
M82022,2,0.1580773440202209
M82023,2,0.2880670176863791
M82024,2,0.14999466892642455
M82025,3,0.10979272049658635
M82026,3,0.2811643287744662
M82028,3,0.07845135644087298
M82030,2,0.20468006762216792
M82032,3,0.0910773784504479
M82033,2,0.2055506476082369
M82034,2,0.08076795073558475
M82035,3,0.06286000970297198
M82038,3,0.24497572281600277
M82039,3,0.3115400134827172
M82040,2,0.07717069260292839
M82041,1,-0.05152474223761316
M82042,2,0.12210592270197076
M82043,2,0.061636461904420826
M82046,1,0.00035944436942109316
M82047,3,0.23227344199457534
M82048,2,0.14518426953858563
M82051,2,0.19562109643783643
M82056,2,0.0757074655063443
M82057,1,-0.0012587517549347105
M82058,3,-0.0037943123571220418
M82059,3,0.1901730135586424
M82060,2,0.10037441157263513
M82601,2,0.20380325502273086
M82606,2,0.12382601471854167
M82616,2,0.2069875423235309
M82620,2,0.1852257946728701
M83001,2,0.18347352454648158
M83004,3,0.20127228798773472
M83005,2,0.046380169223620996
M83006,2,-0.003218495114415667
M83007,2,0.03517682644526836
M83009,1,-0.019822587915926292
M83010,1,0.09767050030401024
M83011,3,0.1836852430804679
M83012,2,0.08260498367514542
M83013,2,0.27157029393850485
M83014,3,0.2752289513848515
M83015,2,0.10432257944319143
M83016,2,0.21429666182469886
M83017,2,0.1581629930852189
M83018,3,0.1961502035864335
M83020,2,0.16574300345255769
M83021,1,-0.008556975950252215
M83022,2,0.16041458077192688
M83023,3,0.19998709701343365
M83024,3,0.01606606000499033
M83025,1,-0.05716907090015683
M83026,2,0.03887665762077116
M83027,3,0.044735360905029886
M83028,3,0.25698778407170625
M83030,2,0.15613131490889856
M83031,2,0.26627868600305193
M83032,2,0.05526899526275464
M83033,1,-0.07346943029664377
M83034,2,0.10844902644683904
M83035,2,0.10977508696193825
M83036,2,0.15517855472007364
M83037,3,0.05254756502939405
M83038,2,0.14424741816758982
M83042,3,0.11698474746169445
M83044,3,0.11779932588286629
M83045,2,0.15042652536422838
M83046,3,0.07540422794158676
M83047,2,0.01569578334295417
M83048,2,0.2314692635323532
M83049,3,0.09044370564923564
M83050,2,0.23888427216657246
M83051,3,0.20192666321383188
M83052,2,0.27381800422991487
M83054,3,0.10588369945904465
M83056,3,0.19707308186917008
M83057,2,0.1701517321005168
M83059,1,-0.0257540623886164
M83061,3,0.009212984388688918
M83062,2,0.13557818319567008
M83063,2,0.05680762468501594
M83065,3,0.18531859185297525
M83066,3,0.2418025925186477
M83067,2,0.19662050708812134
M83068,3,0.22338321915361822
M83069,2,0.10534190746090664
M83070,3,0.1071328586247352
M83071,3,0.3423637439582478
M83072,2,0.15903486981979528
M83073,2,0.0049969517146577925
M83074,3,0.20988527371746776
M83075,1,-0.0056873743850712494
M83076,1,0.002678668249996461
M83079,2,0.11650411507791383
M83084,2,0.026822316818605817
M83088,2,0.09086908838238926
M83089,2,0.1798001676900567
M83090,1,0.10620230706050314
M83092,2,0.09746512330984104
M83093,3,0.2112833567897475
M83094,1,-0.04365922355767644
M83096,1,-0.0170650122047183
M83097,2,0.23050889444185113
M83100,1,-0.04607036529138237
M83102,2,0.13009377416889184
M83103,2,0.01370732344397143
M83107,1,-0.04430145481850057
M83108,2,0.2607429030553218
M83109,3,0.1651963096499596
M83110,1,0.1439273249931562
M83111,1,0.16965788880950072
M83113,1,0.17201900810783105
M83117,3,0.2384536450943443
M83121,2,0.06918971410897379
M83122,2,0.19664296391625144
M83123,2,0.0926350643582717
M83125,2,0.08604980830984298
M83126,2,0.039165001000796
M83127,2,0.13465215141477302
M83129,2,0.11459381181479253
M83130,3,0.1334181967052533
M83132,2,0.12416475452149162
M83138,3,0.02352583148324127
M83139,2,0.17908642884669687
M83140,2,0.13734160304594809
M83141,3,0.12441120353183767
M83143,1,0.006146149496978853
M83146,3,0.03265450103028875
M83148,3,0.32153780705033996
M83601,3,0.03284971282144467
M83608,3,0.1469745137170716
M83616,3,0.18098270082960213
M83617,2,0.11667006016256405
M83619,1,-0.03892542582054048
M83624,1,-0.05087097432785662
M83625,1,0.01861168440239285
M83627,1,0.03455299731072001
M83632,1,-0.07605893275544168
M83637,2,0.1479457653640439
M83638,2,0.30074673731982665
M83640,3,0.23675234176086324
M83641,2,0.009325723387698454
M83650,2,0.14098376196109713
M83661,1,0.06839011404624935
M83668,1,-0.04322635089992831
M83670,1,-0.028059493609961815
M83680,3,0.04499013714665906
M83681,1,0.16593731764025146
M83682,2,0.09033226039918123
M83691,2,0.14585256060507684
M83693,3,0.3154110233824874
M83697,1,0.18031926316764774
M83698,3,0.11886398439230701
M83701,2,0.14026677723762565
M83703,2,0.10807424915482422
M83709,2,0.19401692403130433
M83711,2,0.2515944550084675
M83713,2,0.09569227857303968
M83715,2,0.08699543526083066
M83717,1,0.04939819278412282
M83718,1,0.12379598648486115
M83719,2,0.1278217237414659
M83723,1,-0.05265041722169686
M83725,1,0.07710067654856592
M83727,1,-0.06787502285141864
M83738,2,0.19654368146923068
M84001,3,0.08663141735268497
M84002,2,0.10837439053433796
M84003,1,-0.035847799003851655
M84004,1,-0.032338383229639396
M84005,3,0.1910146516366875
M84006,2,0.005796707300205907
M84007,3,0.18835356462012937
M84008,3,0.13348127882761068
M84009,3,0.08678778286605177
M84010,3,0.2795379847249074
M84011,2,0.06200736644736812
M84012,3,0.3011022594496437
M84013,3,0.1902552894183752
M84014,3,0.26895352516708326
M84015,3,0.10617303706529645
M84016,2,0.12661502162687532
M84017,3,0.17421416468820902
M84018,3,0.26100295304917553
M84019,1,-0.04527634650961818
M84020,3,0.2305874690889033
M84021,3,0.23844906173354014
M84022,3,0.13104556321839983
M84023,3,0.28191169599184135
M84024,2,0.09064676436255656
M84025,2,-0.004400765858994377
M84026,2,0.026946610413869698
M84028,3,0.22968752016074237
M84029,2,0.08876564779933525
M84030,3,0.1617210495976437
M84031,3,0.13398781930131234
M84032,2,0.2542341505278846
M84035,3,0.16519212530493552
M84036,3,0.1950145680597828
M84037,1,-0.005023620431233783
M84040,3,0.09898761685628982
M84041,3,0.2338732825726244
M84042,3,0.10215013395400892
M84043,1,-0.04910958336921145
M84044,1,0.0548930096322725
M84046,2,0.1838399766840727
M84047,3,0.19863927857293057
M84049,2,0.1498728020201153
M84050,3,0.19744102722813117
M84051,2,0.15724697551681324
M84055,1,0.06730473397710998
M84059,3,0.24055316257237083
M84060,1,-0.033881049673033875
M84061,2,0.0863782416339115
M84062,1,0.03202559089315111
M84063,3,0.09924653169743902
M84064,3,0.10001055195449693
M84065,3,0.09963321431103377
M84066,3,0.23188670500503508
M84067,2,0.14231073845569542
M84069,1,-0.0725106073402308
M84070,3,0.2049515324054896
M84609,3,0.28110143232482016
M84612,1,0.1634448964212512
M84615,1,-0.05172060139525588
M84616,3,0.10196387248277544
M84618,2,0.023217803770592026
M84620,2,0.2821706627392228
M84621,1,0.06774132138906146
M84627,1,0.004382621862229416
M84629,1,-0.07156570239865073
M85001,2,0.12013418502027697
M85005,1,-0.03378387825519538
M85006,1,-0.007331586714143832
M85007,2,0.06742657507306096
M85009,1,0.1474868677195942
M85011,2,0.0484840620796394
M85013,3,0.0029284316527325425
M85014,3,0.10476355637257273
M85016,1,-0.06375076332331764
M85018,3,0.20674019269945587
M85019,3,0.10247347536018032
M85020,1,0.06500242421274019
M85021,3,0.10151360125111758
M85023,1,0.14545916540805737
M85024,1,0.14163818869780034
M85025,1,0.16121634693060813
M85026,2,0.1371902496279017
M85027,3,0.07582172428149628
M85028,2,0.014188741581121727
M85029,2,0.11407139035769957
M85030,3,0.19940679539938047
M85031,1,0.002611946001720621
M85033,2,0.19768927877837839
M85034,1,0.06884235781190767
M85035,3,0.14322765010363855
M85037,2,0.2529709639168652
M85041,1,0.10607231181103867
M85042,1,-0.08495187791538122
M85043,3,0.007351172015818287
M85046,3,0.10196068721885693
M85047,3,0.01345487236913985
M85048,2,0.05485922480271319
M85051,3,0.01400366690673266
M85053,1,0.18892202839599925
M85055,3,0.15397439760861553
M85056,1,0.07866233256972972
M85058,1,-0.03464266969391274
M85060,3,0.05278037728705286
M85061,1,0.022008178221228067
M85062,3,0.16666687839254052
M85063,3,0.03677115293120603
M85066,1,0.003552262224478022
M85070,1,0.05857991982058476
M85071,1,0.022321138448198687
M85074,1,0.06450071007418456
M85076,1,-0.08853184905676187
M85077,1,-0.03305923921831584
M85078,1,-0.060263714977581706
M85079,2,-0.0009474210592326436
M85081,2,0.052895923742840724
M85082,3,0.11560738405105361
M85084,1,-0.051500512156381635
M85086,1,0.03377007260336489
M85087,3,0.08670221638442563
M85088,2,0.06851667027920676
M85094,3,0.18189122357596835
M85097,1,0.10693654307849167
M85098,1,0.14401196473677527
M85105,3,0.3367289996909045
M85107,1,-0.01583807984285413
M85108,3,0.2373249936218156
M85110,2,0.06743779794060738
M85113,1,0.09806009993414333
M85115,3,0.06263477742618437
M85116,3,0.19092345398436014
M85117,3,0.318665815408193
M85118,2,0.1088613082249553
M85123,1,0.16423612679569416
M85124,1,0.10077107952267314
M85128,2,0.10441839834856058
M85136,1,0.11692495259249742
M85139,1,-0.03282907407435829
M85141,1,-0.028804372733663774
M85143,3,0.2196285924296697
M85145,1,0.016471823300528307
M85146,1,0.04293401150885131
M85149,1,0.002027071151478096
M85153,1,0.04312792704125512
M85154,1,0.0028002991449391536
M85155,1,-0.02248258492851201
M85156,1,0.08747112265507934
M85158,2,0.12990362881360074
M85164,1,0.09200085962049698
M85167,1,-0.046886302658107934
M85170,1,-0.018886863951791795
M85171,1,0.09119995453576278
M85172,2,0.06397618785323714
M85174,3,0.2963169650069025
M85175,1,-0.028567080373484634
M85176,1,0.0864024441476608
M85177,3,0.0010801399228190052
M85178,1,0.21043222062248781
M85179,3,0.01888546867768318
M85600,2,0.06969665168007916
M85624,1,-0.022150677468289394
M85634,1,0.025924500550991162
M85642,1,0.1334599940395467
M85669,1,0.1914779686368705
M85670,3,0.07626477926211359
M85676,1,0.15388570602339907
M85679,2,0.012231956303181028
M85680,1,0.07513832161409657
M85684,1,0.06397567696300778
M85686,3,0.12361159668849499
M85693,2,0.21370063778071574
M85694,1,0.08200070116146226
M85697,3,0.23062547355841778
M85699,3,0.11437812658903115
M85701,1,0.01077113275749994
M85706,1,0.09051772017199168
M85711,1,0.1825613403935433
M85713,3,0.05475701661505633
M85715,3,0.1197062581041873
M85716,1,-0.034733173962600616
M85717,1,0.06267100880677412
M85721,1,0.040827421691064826
M85722,1,0.14526850974935826
M85730,1,0.011592812365121575
M85732,1,-0.05178591572982331
M85733,1,0.037399427604522126
M85735,1,0.03410749136464802
M85736,3,0.2717628726015339
M85739,1,0.10285389469381705
M85746,1,-0.009661051886384744
M85749,3,0.16233325273888738
M85756,1,0.15353137627570912
M85757,1,0.14796997772538784
M85759,1,0.09742198218975111
M85766,3,0.08414740306776448
M85770,1,0.12208879128997877
M85774,1,0.0032259816642626325
M85778,1,0.0927361027818861
M85779,1,0.016203392008913055
M85781,1,0.11852210802531676
M85783,1,-0.040921208130936734
M85792,1,0.1609839048442312
M85794,1,0.012915289910988847
M85797,1,0.02946121166546271
M85803,3,0.09105978244828321
M86001,1,0.036326876211538496
M86002,1,0.055917096692628655
M86003,1,-0.022309904487623964
M86004,2,0.09961097289443614
M86005,1,0.07984990362457349
M86006,1,-0.040957987163771824
M86007,3,0.014602190179554086
M86008,2,0.06530998849296235
M86009,1,0.11726332298612184
M86010,1,-0.04599601786028289
M86012,3,0.23996211168743195
M86014,2,0.111164616210657
M86015,1,0.11723095081418985
M86016,1,0.14455692294788322
M86017,3,0.3005820466222033
M86018,2,0.07751667852059584
M86019,1,0.1339370854496832
M86020,2,0.09526229828869112
M86021,2,0.025189259233599406
M86027,1,0.1769911542324666
M86028,3,0.07435691361489655
M86029,1,-0.07297790379101073
M86030,1,-0.014288384709999075
M86032,1,0.07040626706723335
M86033,1,0.011817240875290678
M86034,3,0.18156238040924483
M86035,1,-0.014794920959002273
M86037,1,-0.049277048620087596
M86038,3,0.1364213902916669
M86039,1,0.044035909349288624
M86040,1,-0.03238580924658272
M86041,1,-0.015113387043007772
M86044,3,0.23000217070928028
M86045,1,0.04496297900249525
M86046,1,0.03567186051072785
M86048,3,0.25974476424513915
M86605,1,0.09735102076793496
M86610,1,0.1569667589289594
M86612,1,0.17941982028417283
M86617,1,0.17754101910636144
M86622,1,-0.023517066982472894
M86624,1,0.23101913246884712
M86627,1,0.12391534970988898
M86633,3,0.22133578099416454
M86638,1,0.1182339971625356
M87001,2,0.17004874244894064
M87003,2,0.009528063069973199
M87005,3,0.016515049351587065
M87006,3,0.16453634535009817
M87007,2,0.15220648932934602
M87008,3,0.16781467465687713
M87009,1,-0.03747825029766426
M87010,2,0.06339024657577677
M87011,3,0.19466801417879115
M87012,1,0.055064401868120956
M87013,2,0.270250024072898
M87014,3,0.07319204713854616
M87015,2,0.0064874784708839565
M87016,2,0.22579203020235186
M87017,2,0.09330107843178612
M87018,3,0.12113260672797072
M87019,1,0.046595691970851
M87020,3,0.09504717759136003
M87021,3,0.24459446931653056
M87023,3,0.027314824472490628
M87024,2,0.011700362851247039
M87025,3,0.05655352435817617
M87026,1,0.11081525033854048
M87027,1,0.001170053693711961
M87028,1,-0.03430898444298369
M87030,3,0.04526182951874008
M87034,1,0.03270858568869263
M87036,1,0.04419528842710891
M87037,2,0.06416157791147682
M87041,2,0.17279136734540543
M87601,3,0.03703081421593105
M87602,2,0.20619513063358774
M87605,1,0.10810694973986999
M87612,1,0.04552578937697675
M87617,3,0.07033087487635896
M87618,1,-0.03132315014703682
M87620,3,0.3222317496485633
M87623,1,0.12353875428817884
M87628,1,0.035342166188603336
M87638,1,0.004243318437389432
M88001,3,0.143872403964418
M88002,1,0.14344758156070975
M88003,3,0.09173714397651361
M88004,3,0.3019379359781892
M88006,3,0.22365929406514154
M88007,3,0.32073265247022525
M88008,1,0.05585736811802245
M88009,1,0.01980174972912087
M88010,2,0.17827905679103875
M88013,3,0.0979198454018996
M88014,1,0.04726415997375982
M88015,3,0.10150659238535127
M88016,1,0.06107411799803368
M88018,2,0.09003518260738054
M88019,1,-0.03461862266338666
M88020,2,0.07368415950771821
M88021,3,0.09262578869279342
M88022,1,-0.04609334671388508
M88023,1,0.07891460124543448
M88026,1,0.2161797980878596
M88030,2,0.18321014159745994
M88035,2,0.2267930116602005
M88038,2,0.02275823705484879
M88040,1,0.1459941790797649
M88041,3,0.019462272942132458
M88042,1,0.13959084310468306
M88043,2,0.20584783433548187
M88600,1,0.08081655779114934
M88610,2,0.09320136061505355
M88612,2,0.16129268566524743
M88616,3,0.12055716497869359
M88618,2,0.186540534150996
M88619,3,0.25129987863308906
M88620,1,0.1907492840347279
M88625,3,0.1386187526055468
M88626,1,0.04362420090676194
M88628,3,0.04502739335863674
M88630,1,0.03167872626598127
M88633,3,0.15530521921722285
M88635,3,0.3079094810385928
M88639,3,0.12951600945726371
M88640,3,0.1685374789197005
M88643,3,0.20571462910848626
M88645,3,0.09716195720099043
M88646,2,0.02287610290685172
M88647,3,0.07976672435044532
M89001,2,0.05776008711406609
M89002,2,0.1151174335337732
M89003,3,0.15630665878739936
M89005,2,0.28376323963193767
M89007,2,0.3138759898680336
M89008,3,0.07952731084352184
M89009,1,-0.07029815163991342
M89010,3,0.09494517666533156
M89012,3,0.2715211985261303
M89013,1,0.06558661164329202
M89015,2,0.17940860147094054
M89016,2,0.22506097244246337
M89017,3,0.17743856998150365
M89019,3,0.2559430585021304
M89021,2,0.1098059519741902
M89024,2,0.2686077913338855
M89026,3,0.2717520415266731
M89027,2,0.14107815057205983
M89030,2,0.2644064139270081
M89608,2,0.11590824377417568
M91003,1,0.034383815367482945
M91004,3,0.2861498479859474
M91006,3,0.24472992365486831
M91007,3,0.21818738687296924
M91008,3,0.190041124434481
M91009,2,0.22045732187500605
M91010,2,0.016305121023243125
M91013,1,-0.01584517061902262
M91014,1,0.03549910574112173
M91015,2,0.2246262724070091
M91016,3,0.17960177214455633
M91017,2,0.11655615907168904
M91018,1,-0.005925562424684251
M91019,3,0.21527121216677095
M91021,2,0.09975612293195504
M91024,2,0.10351229431345414
M91026,1,0.010030494046344297
M91028,3,0.19374104804704748
M91029,2,0.1792708999045662
M91032,3,0.25078958229343956
M91033,1,0.1792608333620206
M91034,2,0.28929700459889207
M91036,1,0.1259748589631181
M91602,1,0.15263240344400048
M91609,1,0.10286592546401675
M91611,1,0.16391920271393376
M91612,3,0.07866008438598235
M91613,3,0.24120709576058783
M91614,1,0.13938625097024504
M91616,3,0.10366087789796359
M91619,2,0.27513940094413974
M91621,3,0.07634515657612455
M91623,1,-0.030990698913543648
M91624,3,0.1744150854866605
M91626,2,0.23454693446182762
M91628,3,0.046195457665556675
M91629,1,0.2034284664409242
M91637,1,0.09621565978992956
M91639,1,0.038629684929407625
M91640,1,-0.0068457476237565795
M91641,3,0.18016838217629527
M91642,1,-0.04312824213153862
M91647,1,0.17839123983930824
M91650,3,0.14962524768874905
M91654,2,0.18766897842275582
M91659,3,0.14304894512427138
M92001,1,0.01927141401953705
M92004,1,0.08463703719018051
M92006,3,0.07003746552165663
M92008,2,0.2801085460297308
M92009,3,0.3358831695958863
M92010,2,0.19207551845096965
M92011,3,0.12376841099001024
M92012,2,0.06519519427216669
M92013,3,0.23322995360813675
M92015,1,0.0016659224170876379
M92016,1,0.020122010678263122
M92019,3,0.11255711678573979
M92022,1,0.192525412972075
M92026,2,0.09729659984045065
M92028,3,0.06636374099466513
M92029,1,-0.04171416857140922
M92039,3,0.31194534464702467
M92040,3,0.11048841041548758
M92041,3,0.17509898351010475
M92043,2,0.21172912635842986
M92607,1,0.0913384372675648
M92609,1,-0.03876138872028035
M92612,3,0.3145461278701101
M92627,2,0.2481616033983245
M92629,3,0.0946752517770776
M92630,2,0.10566044970920076
M92649,2,0.24888720487875207
M92654,1,0.21192517909287
N81001,2,0.23385062117622954
N81002,3,0.1901355473686643
N81005,3,0.1809545466244678
N81006,2,0.21911863277143337
N81007,2,0.006534795633823572
N81008,2,0.19020565085963845
N81009,1,0.04705504021822772
N81010,2,0.20428753650123513
N81011,2,0.15481574616593557
N81012,3,0.023675089643855528
N81013,1,-0.029017800784941414
N81014,1,0.027553453396967693
N81016,3,0.32646220636554446
N81018,2,0.15705390717770118
N81019,3,0.0037578667823581374
N81020,3,0.2269173022490403
N81022,2,0.1497782677790284
N81024,3,0.1675614892796835
N81025,3,0.29521770901511246
N81027,3,0.2041926227913603
N81028,1,0.02327279209849639
N81029,1,0.015670506946474764
N81030,2,0.12535811883761344
N81031,1,0.04370311542118334
N81032,2,0.15285887893349467
N81033,2,0.2831816255677693
N81034,2,0.1004832843391303
N81035,3,0.21513503562097833
N81036,3,0.10504600728626705
N81037,3,0.25140813734630596
N81038,2,0.2525511775929803
N81039,3,0.0668289450348258
N81040,2,0.20360052019216435
N81041,2,0.07958024824167013
N81043,2,0.2796989773698339
N81044,1,0.05351138062211978
N81045,2,0.043477328548052314
N81046,3,0.15159400908146722
N81047,1,-0.02886264823887467
N81048,2,0.014317699539850834
N81049,3,0.20632462572065371
N81050,1,-0.011900211291856545
N81051,1,-0.004013750266368077
N81052,2,0.17788671043743462
N81053,3,0.29318655921293674
N81054,2,0.12431365745321767
N81055,3,0.03456300117415972
N81056,3,0.24963061393302602
N81057,3,0.17112460342728586
N81059,2,0.06067022170821128
N81060,3,0.1162482903921998
N81061,3,0.10318225253267911
N81062,3,0.10171083882619458
N81063,1,0.06524979605879541
N81064,2,0.12192934132560068
N81065,3,0.2192658401716147
N81066,3,0.11959115874931445
N81067,1,0.022666026253464755
N81068,2,0.08646785726173922
N81069,3,0.31792590367878454
N81070,3,0.13666070662086008
N81071,2,0.08323229656640181
N81072,2,0.12016491009454078
N81074,2,0.14219384080896735
N81075,3,0.21524424651048696
N81077,3,0.014598736347134492
N81079,1,-0.05063774677593992
N81080,2,0.1163321079383776
N81081,2,0.14855043781336083
N81082,3,0.05302028150779255
N81083,3,0.15936121304805786
N81084,2,0.20588730344348355
N81085,1,0.11740956649642847
N81086,3,0.1897431727558757
N81087,2,0.001467832008796216
N81088,1,-0.01926424934738896
N81089,3,0.17625400259854485
N81090,3,0.1772783421406282
N81092,1,-0.021892230714296523
N81093,3,0.08841043603031544
N81096,3,0.16112083378314762
N81097,1,0.09636578082033456
N81100,2,0.07372074332548129
N81101,2,0.17294048065044085
N81102,3,0.19528834222204025
N81107,1,0.040443487037443736
N81108,3,0.09675680534687134
N81109,3,0.0544837095908272
N81111,2,0.06929931420176924
N81113,2,0.17661221924493967
N81114,3,0.14934438336871567
N81115,2,0.10348259651396816
N81118,3,0.08617895129701203
N81119,2,0.14124132897489888
N81120,2,0.16238901838387187
N81121,1,-0.07105019819214173
N81122,2,0.0827975153775889
N81123,1,-0.06155910263556197
N81125,3,0.0394983299372756
N81127,2,0.16103177754538536
N81607,1,0.17060200542684248
N81614,2,0.2069934889794314
N81619,1,0.07421976506150994
N81623,1,-0.01146704358757901
N81624,2,0.23403054953811567
N81626,2,0.19763774537619236
N81628,3,0.19549593316982647
N81632,1,-0.04069694457745086
N81637,1,0.14933371016466088
N81642,1,0.02001854786011467
N81645,3,0.19421385732589827
N81651,1,0.02189324268891942
N82001,3,0.10156463255843616
N82002,1,0.18623404066300575
N82003,2,0.08096510177130185
N82004,1,0.14787783754950093
N82009,3,0.02013903979925483
N82011,3,0.07469235986501971
N82014,2,0.010837877576849014
N82018,3,0.2424168012758517
N82019,1,0.034468356238608444
N82022,1,0.0695206945114003
N82024,1,0.10868439416566332
N82026,3,0.1073217526963612
N82033,3,0.20520036562887534
N82034,3,0.09864465824028203
N82035,3,0.12443815318880985
N82036,1,-0.009150802882267967
N82037,3,0.11309421645033993
N82039,1,0.07097705712001418
N82041,3,0.1911165033784745
N82046,1,0.20412787568715682
N82048,3,0.12039872190151822
N82049,1,0.15165723507310747
N82050,1,0.07282218991296527
N82052,1,-0.022242511413913535
N82053,2,0.08518784358228973
N82054,3,0.09539710867947898
N82058,2,0.07369726210645822
N82059,3,0.10704097116167215
N82062,3,0.11227427951899627
N82065,1,0.22727771243716374
N82066,3,0.27520069521907004
N82067,1,0.19724814590157183
N82070,3,0.17114426545786154
N82073,3,0.15748000218466504
N82074,3,0.19807248009597492
N82076,3,0.038961975191228015
N82077,1,0.116268857010446
N82078,1,0.12392140791648151
N82079,3,0.11727613173663662
N82081,1,0.13091365584332332
N82082,1,0.06208130280764208
N82083,3,0.1664122126769323
N82084,2,0.01628673335164684
N82086,1,-0.03280266248655942
N82087,1,0.15166051004657785
N82089,1,0.21584043063509106
N82090,1,-0.06259348502420307
N82091,1,0.1995929716530603
N82092,3,0.18525351717803298
N82093,2,0.012161612394731743
N82094,1,0.014343234950316308
N82095,3,0.1339936619758574
N82097,3,0.1065324896477504
N82099,1,0.0813447788261727
N82101,1,0.1895439366179755
N82103,1,0.1587724669677834
N82104,3,0.1012703405474819
N82106,3,0.050853811030436714
N82107,1,-0.0015170582222338205
N82108,2,0.08723792722648528
N82109,3,0.13763188664724318
N82110,1,-0.04080569632017042
N82113,1,0.18400813558408669
N82115,1,0.014119192871914352
N82116,3,0.03903824053448908
N82117,1,-0.025788532729272565
N82617,3,0.02468734442396954
N82633,3,0.19488956187462558
N82641,1,0.15534041241227955
N82645,1,-0.03247099040108714
N82646,1,0.19511517140490905
N82648,3,0.07212633774082698
N82650,1,0.05507054148368082
N82651,1,0.17983911279715709
N82655,3,0.16080715694420802
N82662,1,0.1930349982337679
N82663,3,0.09312305539976164
N82664,1,0.06925511499298785
N82668,1,0.12070088577276246
N82669,1,0.07006615857214878
N82671,1,0.14669784593682797
N82676,1,0.06715766945797426
N82678,3,0.06277641832586557
N83001,1,0.09276484521380705
N83002,2,0.08659454206760642
N83003,1,0.026664079081646412
N83005,2,0.07211842190686608
N83006,1,0.011301034396784294
N83007,1,-0.05179047285741749
N83008,2,0.06152042266832655
N83009,3,0.05876822219029579
N83010,2,0.17865082023003304
N83012,3,0.13039329024217267
N83013,2,0.20714023103651347
N83014,3,0.11060824369293507
N83017,1,-0.04872101936134493
N83018,2,0.0006389719022306552
N83019,1,-0.00788949309684011
N83020,3,0.11979997780214852
N83021,3,0.19374163809915015
N83023,3,0.02651955410016595
N83024,2,0.10526370923466093
N83025,1,0.08046512075453777
N83026,1,0.049648704780173525
N83027,1,-0.03574427229587238
N83028,1,0.07192662699782826
N83030,1,-0.013027546824623235
N83031,1,-0.011885377358747755
N83032,3,0.03590841238353751
N83033,1,0.05069593452333952
N83035,3,0.12720784638776086
N83041,3,0.02160820432635167
N83043,1,0.13074580114170684
N83047,1,-0.08205278510751648
N83049,2,0.07328343682568908
N83050,1,0.013200182914467914
N83053,1,0.0726531684305804
N83054,3,0.25326440328749483
N83601,1,0.19383958097684706
N83603,2,0.1855286478501556
N83605,2,0.07088544975606498
N83608,1,0.08125832844373049
N83609,1,-0.03114768775858697
N83610,1,0.1681204436929202
N83614,2,0.16468145370530807
N83619,1,0.0719697184921634
N83620,1,0.08359910054482442
N83621,1,0.18660348548678346
N83622,1,0.19217929695571406
N83633,1,0.11169553967461504
N83637,1,0.022937362495567677
N84001,2,-0.0017387084106335825
N84002,1,-0.025338944517679915
N84003,2,0.08401718328544007
N84004,3,0.12532756646754079
N84005,3,0.1482282290844895
N84006,3,0.21468279051837877
N84007,2,0.12572433216417464
N84008,3,0.07514196268084612
N84010,1,-0.009371593053809288
N84011,2,0.0789830868467988
N84012,3,0.05591565427522038
N84013,1,0.0474695890372259
N84014,3,0.1989053849028236
N84015,3,0.17898493572952356
N84016,2,0.022130708080523618
N84017,3,0.15295465076659026
N84018,3,0.20253234685472637
N84019,1,0.10826831257178712
N84020,2,0.10943335340916198
N84021,3,0.12518531980596384
N84023,1,0.09616114933952619
N84024,3,0.021885059586715754
N84025,2,0.010283300294984664
N84027,1,0.011823444600380905
N84028,3,0.1853240864334408
N84029,3,0.02976571337806676
N84034,1,0.034578839998698666
N84035,1,0.043745804821307334
N84038,3,0.030274679465093348
N84041,2,0.08700822123920396
N84605,1,0.11518845150645693
N84613,2,0.02210748201132152
N84614,3,0.10680353331207923
N84615,1,-0.020563328552251344
N84617,1,0.07620940019326694
N84621,1,0.10043302191333202
N84625,3,0.2627383627710166
N84626,1,0.04515279569772104
N85002,3,0.2269196078797208
N85005,3,0.3250205527857407
N85006,3,0.18609206695438377
N85007,3,0.1473996146217021
N85008,3,0.10892863812568376
N85012,2,0.11347437546407602
N85013,3,0.19724630846896374
N85015,3,0.24491394607847117
N85016,3,0.11210185161138618
N85017,2,0.09917342630681178
N85018,3,0.22453960186781172
N85019,3,0.08211441131773267
N85020,2,0.010485462522612109
N85021,1,0.028028352558483023
N85022,2,0.1271386848197391
N85023,2,0.09058784478814792
N85024,2,0.07516996168930441
N85025,3,0.21836717014307863
N85027,3,0.16915282888009067
N85028,2,0.025962490941500188
N85031,1,0.076298367997819
N85032,2,0.12542241726226078
N85037,2,0.16947030925047038
N85038,1,0.058094277364177445
N85044,3,0.1291244017938946
N85046,1,-0.0425993195631457
N85047,3,0.29145153330310075
N85048,2,0.10576770752511917
N85051,3,0.125316040863119
N85052,3,0.27743424805073585
N85054,2,0.008642162972479108
N85057,2,0.16886994826107532
N85059,2,0.011003263829320046
N85616,1,-0.02031310921335937
N85617,3,0.13679836923947672
N85620,2,0.0460083251508562
N85625,2,0.06375896296981667
N85629,1,0.03765548591024359
N85633,2,0.04539588481949803
N85634,1,0.06659523914327702
N85640,1,0.1012005916821422
N85643,1,0.126318040641884
N85648,3,0.29826095649862977
P81002,1,-0.0748641807508129
P81003,2,0.18710055248835677
P81005,2,0.14727191953817836
P81006,2,0.08571885804149605
P81008,2,0.13505194203441123
P81010,1,0.056602722875822
P81013,2,0.2696394185331627
P81014,2,0.11605424163691708
P81015,2,0.13504706859036808
P81016,1,-0.07718688148737145
P81017,2,0.29152119492715395
P81018,3,0.050254559096519345
P81020,3,0.13778943754819203
P81022,1,-0.026189795073155896
P81025,2,0.052725671504182184
P81027,2,0.06566976949609914
P81029,3,0.2432020289544251
P81031,3,0.04859243866878157
P81032,1,0.05359048920704346
P81033,2,0.041103239906417594
P81035,2,0.04548445477315791
P81036,1,-0.07867030529330597
P81037,2,0.08947907041158501
P81038,3,0.2495506969357277
P81039,1,-0.01886578075750511
P81040,3,0.20115049449942693
P81041,2,0.15819648430227315
P81042,1,0.15153603534636598
P81043,1,0.10805106193788462
P81044,2,0.09755273497137999
P81045,2,0.11711650194656023
P81046,1,0.05909509272160412
P81047,3,0.2371542584970514
P81051,2,0.18501240026209034
P81053,2,0.08632826065390575
P81054,1,-0.020378520418134264
P81055,2,0.2840089479016231
P81057,2,0.2549942191006287
P81058,2,0.21725101505812883
P81059,3,0.2749081877526783
P81061,2,0.0265813879667761
P81062,2,0.18486529163769425
P81063,2,0.09361790431192656
P81065,2,-0.005336672704559821
P81066,3,0.0690991496177278
P81067,2,0.21615254249682989
P81069,2,0.15018496362966413
P81070,3,0.20380114143493278
P81071,1,0.09870659249804212
P81072,1,-0.012785040754846712
P81073,2,0.12221000395200673
P81074,3,0.16413438507286984
P81076,2,0.13509678368716765
P81077,2,0.12991870046490459
P81078,2,0.12700122540427317
P81079,2,0.12572667982012792
P81081,2,0.10302171694315897
P81082,2,0.0635974822257786
P81083,2,0.19442153931104939
P81084,2,0.07168033955533852
P81086,3,0.24465522583477428
P81087,2,0.2754984254610186
P81088,3,0.050678067017059195
P81089,3,0.09188157038128335
P81092,2,0.10397270652797948
P81095,3,0.24729103914342812
P81096,2,0.2142860663741269
P81099,2,0.2112917111339998
P81100,2,0.3120255747026422
P81103,3,0.08561893611942971
P81107,2,0.2518973027247031
P81112,3,0.101249816245644
P81113,3,0.04262641454022316
P81115,3,0.03684491155800383
P81117,2,0.1693544981356392
P81118,2,0.2144780804819739
P81119,1,-0.03731902450445375
P81123,1,0.055045831786473015
P81125,2,0.07760950404207621
P81127,2,0.10753268855600988
P81128,2,0.2065740462387021
P81129,2,0.08820466286278873
P81130,2,0.16232990511707135
P81132,3,0.1448547796049165
P81133,3,0.014312230221540963
P81136,3,0.01842085120076948
P81137,3,0.07828496482507953
P81138,1,0.05629461739266368
P81140,2,0.18040230510964447
P81143,3,0.14508759385440542
P81147,1,0.12651646752029716
P81149,1,-0.06470835659600034
P81150,2,0.028126260860262747
P81154,3,0.19848849088698114
P81157,2,0.16825053262801237
P81159,3,0.07618138746601329
P81160,1,0.007463336264516586
P81165,1,0.040220397827639844
P81166,2,0.16646369135211567
P81167,1,0.07046009505044391
P81169,3,0.035521706248471695
P81170,1,-0.02642000597283685
P81171,2,0.14338556651201764
P81172,1,-0.027272241007447157
P81179,2,0.2628679518781275
P81180,1,-0.021448720628516958
P81181,2,0.1341060964704416
P81182,1,0.04311561329378791
P81184,1,-0.05033094952374912
P81185,2,0.18652807973797716
P81186,2,0.1977711026896593
P81191,3,0.025632046434847424
P81196,2,0.14800169975722044
P81197,2,0.1557786782916063
P81201,2,0.14440418387556678
P81208,1,-0.025582629327132025
P81212,3,0.2679742084715977
P81213,2,0.10458605109060884
P81214,1,-0.00959416978288755
P81218,3,0.23799884992250456
P81620,1,0.08497995218279823
P81622,1,0.030612950586890182
P81633,2,0.08107093805082677
P81646,2,0.15213972221799438
P81647,3,0.06864394928116524
P81655,2,0.31310574922977863
P81664,2,0.12106407308626213
P81668,3,0.10914431904302742
P81674,3,0.13958428683894197
P81681,2,0.08949642539567797
P81683,3,0.14594608163980743
P81685,1,0.15947749264265754
P81686,2,0.11347982511116576
P81687,2,0.07783448625638835
P81692,1,0.032739521138462416
P81694,1,0.02211046116093898
P81695,2,0.2160960755672905
P81699,2,0.016399309218593307
P81701,2,0.18278343345813083
P81704,3,0.20000299083228648
P81707,3,0.07676335170844151
P81709,3,0.2150568196604594
P81710,3,0.01014412966688325
P81714,2,0.07266764740805122
P81721,1,-0.009222933745250503
P81724,2,0.04392331244419691
P81726,2,0.17194026459958123
P81730,2,0.03538397815485154
P81732,2,0.25749491128991864
P81734,1,0.016520016658136908
P81735,1,-0.046447035790949866
P81736,1,-0.06913124842207995
P81740,2,0.14627040467724522
P81741,1,-0.03671585376684705
P81742,2,0.1744325210780764
P81748,2,0.0722220124887745
P81755,1,0.05191371962928853
P81757,2,0.19589280242525203
P81770,2,0.10182797375127225
P81771,1,-0.01830532276622679
P81780,1,0.19197674828068464
P82001,1,-0.003888973071754056
P82002,1,-0.05680405672120046
P82003,3,0.1655076848361928
P82004,2,0.24412867181577488
P82005,3,0.25928037856179353
P82006,2,0.159042997354209
P82007,3,0.2580626728697277
P82008,2,0.1206358309879797
P82009,3,0.2719948898483356
P82010,1,-0.012976835476334372
P82011,2,0.13255323177704767
P82012,1,0.09071668596742254
P82013,1,0.17913824531771413
P82014,3,0.2056742763125428
P82015,3,0.28029924194799005
P82016,2,0.12773504011772932
P82018,2,0.1999736896434836
P82020,1,0.13204457497885572
P82021,2,0.19678781350357327
P82022,2,0.05598323476839743
P82023,2,0.10346554294652403
P82025,2,0.2150803644026937
P82029,1,0.023833406728717758
P82030,1,0.11038964843996471
P82031,3,0.13421018421799777
P82033,3,0.15173505046177677
P82034,2,0.17083860843901919
P82036,1,0.03442623230020028
P82037,1,0.051933707323793925
P82607,2,0.1972450703942875
P82609,1,-0.015486369345717673
P82613,1,-0.01857888218611524
P82616,2,0.10583493703726185
P82624,1,0.03375171980079274
P82625,1,0.01946150185383498
P82626,2,0.1151903176988371
P82627,1,0.026563276915905158
P82629,1,0.02004281735785628
P82633,1,0.05316273121464331
P82634,1,0.12446693951487545
P82640,2,0.14670607718872863
P82643,2,0.19111552502373605
P82652,2,0.12685243319996306
P82660,1,0.14972767963547293
P83001,2,0.08969916406547135
P83004,1,0.038667011451404415
P83005,3,0.07457089071885083
P83006,3,0.14020445441236173
P83007,2,0.15637568827272236
P83009,2,0.23542392326047173
P83010,1,0.08585172024631918
P83011,3,0.15402455478898752
P83012,1,-0.026648543122459116
P83015,1,-0.039191518174160216
P83017,2,0.06687733604003518
P83021,2,0.015159270351054946
P83024,2,0.2204440088769767
P83025,1,-0.02604732133438682
P83027,1,0.13163745751725622
P83603,1,0.0255611086729595
P83605,1,0.03563144087654927
P83608,2,0.08381799563710637
P83611,1,0.1445778208626824
P83612,2,0.027266901459138237
P83620,2,0.05222673516070524
P83621,1,0.013732336127075463
P83623,1,-0.01865450446701075
P84004,3,0.022006180699333775
P84005,1,0.08366201370374937
P84009,1,0.03587480239107366
P84010,1,0.1039774687008084
P84012,3,0.21317058252606866
P84014,3,0.05866887995861518
P84016,2,0.10710532082311505
P84017,3,0.1082903278504531
P84018,1,0.006165811179606012
P84019,2,0.11290464175743736
P84020,3,0.282758105008905
P84021,3,0.11119059328913927
P84022,3,0.02928111074657408
P84023,1,-0.025074601638141777
P84024,3,0.012759102102961491
P84025,2,0.16391678846343083
P84026,1,0.10554395459370154
P84027,2,0.10571165941272029
P84028,2,0.10208266232502386
P84029,3,0.10130425438103272
P84030,1,0.08965260341614789
P84032,2,0.12225084683643427
P84033,1,0.08334904073098832
P84034,3,0.13235664051499066
P84035,3,0.24612981446933285
P84037,2,0.14370012325536274
P84038,1,0.033921295700336036
P84039,1,0.11737897873224941
P84040,2,0.09020547930140574
P84041,1,0.02092374911080914
P84042,1,0.06097238909557685
P84043,3,0.1037291919857067
P84045,2,0.0005098106776015285
P84046,1,0.055347006036875465
P84047,1,-0.05697424841617535
P84048,3,0.07627565550394795
P84049,2,0.16523345103604062
P84051,1,-0.06843127848577414
P84052,3,0.06736031269499165
P84053,2,0.10195279697843582
P84054,2,0.17125003535669373
P84056,1,0.013916954386955447
P84059,1,0.045420564240685295
P84061,3,0.23723912229376962
P84064,1,0.005169668977802991
P84065,3,0.05967368239885478
P84066,1,0.1593695086724334
P84067,1,0.031272946399718435
P84068,3,0.24571974221406553
P84070,2,0.12782661017173744
P84071,1,-0.033313295522249695
P84072,3,0.06511426529489454
P84074,1,0.08853472730283571
P84605,1,0.1447727219770852
P84611,3,0.03739258253775924
P84626,1,0.0520473163376369
P84630,1,0.016488356398507806
P84635,3,0.09147964098423524
P84637,3,0.14737440920674316
P84639,1,0.16763175946752248
P84644,3,0.04994104317010341
P84645,1,0.007440937297177562
P84650,1,0.12065241506594519
P84651,1,0.02187156040436845
P84663,2,0.118376448089148
P84665,1,0.19217727682633448
P84669,1,-0.0350452782866394
P84672,1,0.05197346109767063
P84673,1,0.07427066445454446
P84678,3,0.2099897845465378
P84679,1,0.11690574191840737
P84683,1,0.09060693657437345
P84684,1,-0.00023239687179028203
P84689,1,0.08149571523282123
P84690,1,-0.09192163243998444
P85002,2,0.09956018115771724
P85003,1,-0.0771461405027302
P85004,2,0.2061587479075481
P85005,2,0.12258261635750284
P85007,3,0.31644007964253
P85010,2,0.07504313861014636
P85011,3,0.23931368799325065
P85012,3,0.17116207145319146
P85013,1,0.15630145225445166
P85014,1,-0.01608237079222807
P85015,3,0.2787808371295692
P85016,3,0.2314770094372257
P85017,2,0.1755262497535347
P85018,1,0.08259746537242336
P85019,3,0.2675380810347052
P85020,2,0.11222635151828894
P85021,3,0.02091881244688485
P85022,3,0.197915922365256
P85026,2,0.014782530485180039
P85601,3,0.22819672376175765
P85605,2,0.008491430176867458
P85606,1,0.0976148200973755
P85608,1,-0.06940229224858305
P85610,3,0.20072388327218146
P85612,2,0.08948837281207787
P85614,2,0.19605322788400745
P85615,1,0.12989034019014345
P85622,1,-0.025604826323188015
P86001,2,0.07450301376696844
P86002,1,0.06558975665678746
P86003,3,0.19535834768922275
P86004,1,-0.0297079156008276
P86005,2,0.21670791410564463
P86006,2,0.2735189586048412
P86007,2,0.17071737990939329
P86008,2,0.27414568450658405
P86009,2,0.18515978072094996
P86010,1,-0.027440788429395378
P86011,2,0.019096878878337605
P86012,2,0.0716987738005149
P86013,2,0.07922662814208659
P86014,2,0.04778766051123337
P86015,1,-0.02698600449136745
P86016,3,0.20978909952542824
P86017,1,0.09606493082299197
P86018,2,0.21514717697678165
P86019,2,0.23179826408845422
P86021,2,0.09542702344398117
P86022,2,0.234829632400839
P86023,2,0.041409219112001364
P86026,2,0.10339012666288991
P86602,2,0.15018505412025965
P86606,3,0.11272604264624947
P86608,2,0.09504075716900645
P86609,1,0.0741899667671911
P86614,1,-0.002207751613779313
P86619,1,-0.02473400467518358
P86620,1,0.033567240591722676
P86624,2,0.12892848418717237
P87002,2,0.1319319406544542
P87004,1,0.17542165066230037
P87008,3,0.3180612756082181
P87015,2,0.04289650480216111
P87016,3,0.2726294006298178
P87017,3,0.13147802670604108
P87019,3,0.18891763430203098
P87022,1,0.09258083878107382
P87024,1,-0.04495945788393391
P87025,3,0.03389741708735058
P87026,1,-0.04543914093354118
P87027,2,0.07537924336996227
P87032,2,0.013989633087133895
P87035,3,0.2840987531733276
P87040,2,0.14295328269063345
P87610,3,0.012259303636209267
P87620,1,-0.039875812666961635
P87624,2,0.06428081972778303
P87627,1,0.013635106634578401
P87630,2,0.05080545019028549
P87634,3,0.3199931813001524
P87639,1,0.15622671369810015
P87648,1,0.07983557971788985
P87649,2,0.1431303008240934
P87654,1,0.023797003316772224
P87657,1,-0.03654807944222196
P87658,1,0.02050344607390709
P88002,1,0.038055883489141
P88003,1,0.06071055209811052
P88005,2,0.1522024532165108
P88006,2,0.1003006153126587
P88007,2,0.01524670340146248
P88008,2,0.28147286387545856
P88009,1,-0.029906374744929565
P88011,2,0.10826377530339808
P88012,3,0.15472596879192504
P88013,3,0.27535345434308234
P88014,3,0.1993433694286313
P88015,3,0.29713491324823765
P88016,3,0.024041654278166232
P88017,2,0.22674968287722766
P88018,2,0.12780455182970327
P88019,3,0.0609795774410436
P88020,3,0.24058895613366377
P88021,2,0.06197271933474748
P88023,3,0.12046622211047758
P88024,3,0.1688726300285758
P88025,3,0.10663275832925417
P88026,3,0.2090341203197564
P88031,1,0.029810541097941547
P88041,3,0.011912140108561549
P88042,3,0.15750038531756147
P88043,2,0.056331934708453546
P88044,1,-0.008625213574876084
P88606,2,0.24121267984939826
P88615,2,0.11095689940010506
P88623,1,0.10430901023958798
P88625,2,0.17141284878037438
P88632,3,0.0758162940088351
P89002,1,0.08625071818070716
P89003,2,0.08756808979533057
P89004,2,0.0983846157855926
P89005,3,0.16995552478018358
P89006,3,0.14293130326941694
P89007,2,0.2771035118080737
P89008,1,0.10848059796477592
P89010,2,0.23630047568364673
P89011,1,0.08150645593862282
P89012,2,0.09165264750293525
P89013,1,-0.037047661275281134
P89014,1,0.0522110731427243
P89015,3,0.24967540516467482
P89016,1,-0.03783827398108144
P89018,2,-0.004284195248576797
P89020,2,0.16000244025840446
P89021,1,0.046122427409112744
P89022,2,0.26730512332223705
P89023,2,0.11589710931446262
P89025,2,0.17048661689239294
P89026,2,0.23707185085061921
P89029,1,0.01715888306677365
P89030,2,0.22214045421173528
P89602,2,0.14796116915031857
P89609,1,0.09129688500810715
P89612,1,0.03153252564954494
P89613,2,0.14763643366625034
P89618,1,-0.05683834274622596
P91003,3,0.0879675949564199
P91004,2,0.15124804098367983
P91006,2,0.04321495359154503
P91007,1,0.12894306455228138
P91008,2,0.13724622910408776
P91009,2,0.12032938430473124
P91011,1,0.015659921429735903
P91012,3,0.05811423268649662
P91013,1,-0.014184498844508415
P91014,1,0.05928195682764551
P91016,2,0.19607461151722622
P91017,2,0.0823516601086515
P91018,2,0.11657900698785666
P91019,1,0.02168700789523428
P91020,3,0.12288593926481471
P91021,1,-0.042976878847341984
P91026,2,0.1065417914649118
P91029,1,0.11062715935606608
P91035,2,0.15749602974965138
P91603,2,0.2610859987640834
P91604,1,0.06742336000710776
P91617,1,0.1128455085043791
P91623,2,0.12509940816202042
P91627,1,0.007109205912022018
P91629,1,0.09292871818701483
P91631,3,0.08987363232961126
P92001,1,0.010064302423724527
P92002,1,0.1268018599956102
P92003,1,0.03847116012282187
P92004,1,-0.00838551100493788
P92005,1,0.05200074735222893
P92006,2,0.13339794672774508
P92007,1,0.052134327081845296
P92008,1,-0.031178817781312724
P92010,3,0.037466738938400704
P92011,2,0.003289978467269841
P92012,2,0.12801195182551509
P92014,2,0.0404169763856904
P92015,2,0.06516249960918934
P92016,2,0.1639967927354297
P92017,2,0.032873055334438975
P92019,1,-0.0107742844765574
P92020,1,0.07077566172984781
P92021,1,-0.010308238228973542
P92023,2,0.10472903797708324
P92024,1,0.04758850790195339
P92026,1,0.05483056873436003
P92028,3,0.07701043717992181
P92029,1,0.12000350739556691
P92030,1,0.09108751140875768
P92031,1,0.07461142286326043
P92033,2,0.06512362082365179
P92034,3,0.02772615522619243
P92038,2,0.08708155134269117
P92041,2,0.016324582068093348
P92042,1,-0.046035667791511505
P92602,1,0.1431799068375925
P92605,1,-0.039681144956724375
P92607,2,0.11818817942366192
P92615,2,0.1383286585644402
P92620,1,0.11850485082901822
P92621,1,0.0979399695851745
P92626,3,0.2062192110538672
P92630,1,0.04947273408613279
P92633,1,-0.021941918559900308
P92634,2,0.06045654984805791
P92635,1,0.09292817684627751
P92637,1,0.14916979172470374
P92639,2,0.08443197427653935
P92642,2,0.019372638762738672
P92646,1,0.06298347012812401
P92647,3,0.11437763234654022
P92648,2,0.023852401849137225
P92651,1,-0.042691723495556236
Y00020,1,0.09427552078510948
Y00026,2,0.26388698497299873
Y00033,1,0.05942193916986487
Y00050,1,0.0581983011945724
Y00056,3,0.008438767278222533
Y00057,1,0.2446381481826206
Y00060,1,0.061887388034234415
Y00078,1,-0.029637496701806498
Y00080,2,0.022039668639872802
Y00090,2,0.124527599116851
Y00137,2,0.16915950250076744
Y00140,2,0.08377814033420958
Y00155,1,0.030345724790744762
Y00159,3,0.02323605561491355
Y00184,2,0.10606151000452045
Y00185,3,0.01140595301390945
Y00186,1,0.10034025311844538
Y00200,1,-0.025054490784326075
Y00206,1,0.0008461157071316593
Y00228,1,0.08118851103385992
Y00252,3,0.06810795006387813
Y00265,1,0.1968706615897753
Y00278,1,0.18143563693149956
Y00286,1,-0.07709826433907804
Y00293,2,0.14184243032253338
Y00297,2,0.0281639148387213
Y00312,1,0.0037515318107648596
Y00316,3,0.2893180306317119
Y00344,1,-0.019075925386725288
Y00347,2,0.21064973830670236
Y00351,3,0.23318963660187542
Y00352,1,0.17279677217742115
Y00399,3,0.2839522418934611
Y00403,3,0.07698806194724467
Y00411,2,0.16996439783382308
Y00412,1,0.11598876535669556
Y00437,1,0.10980559774158799
Y00445,2,0.05075330650335754
Y00446,1,0.0823625627531283
Y00469,2,0.21668986855983555
Y00471,3,0.19657644876292152
Y00475,3,0.09981198774433639
Y00486,1,-0.04261623354621143
Y00492,1,0.19138498844436896
Y00507,3,0.22199816024813263
Y00560,3,0.14296183170656276
Y00568,3,0.1145741142029443
Y00612,3,0.05593941953310399
Y00726,2,0.14334768137879736
Y00758,3,0.10813562831940324
Y00774,3,0.0398920179503397
Y00902,2,0.13135730556885514
Y00918,3,0.08118111008203951
Y00969,2,0.011710671753293943
Y00996,1,0.13750609702906133
Y00999,3,0.20788474934966678
Y01008,3,0.0551920654511569
Y01011,3,0.1270168733078277
Y01050,3,0.192695808275949
Y01051,3,0.09285449084014474
Y01057,1,0.06915535990340961
Y01066,1,-0.029741821771929557
Y01068,3,0.0395024623478449
Y01090,1,0.11111607559050744
Y01108,3,0.17668663569649246
Y01118,1,0.017489993073494352
Y01127,3,0.2840018101907759
Y01132,1,0.20449724876468464
Y01206,1,0.02816533171398484
Y01221,1,-0.01103343259772969
Y01280,1,0.07039459622112412
Y01281,3,0.059752540603074875
Y01291,1,0.018679196225289837
Y01652,2,0.19429366601602868
Y01655,3,0.07733152102983712
Y01695,1,0.0737587639939734
Y01719,1,-0.0160472860332162
Y01756,1,0.022202390206433577
Y01794,3,0.22983478905991062
Y01795,2,0.10144933925540263
Y01812,2,0.0519244903134793
Y01839,3,0.12732990483845918
Y01922,3,0.1436241999453385
Y01929,3,0.17446901122340086
Y01948,1,-0.006687058718281812
Y01964,3,0.20075727039169208
Y02002,1,0.04828203325947779
Y02117,1,-0.01617410812733114
Y02177,3,0.08161282060297659
Y02212,1,0.01270098228945303
Y02274,1,-0.008863226802523053
Y02319,1,-0.05939702508454034
Y02322,1,0.15405272519771757
Y02325,1,0.24727594043173762
Y02342,1,0.06484553869040056
Y02354,2,0.21712140622188955
Y02378,1,-0.016176178464619596
Y02423,1,0.035246081937236225
Y02463,3,0.159250474240808
Y02466,2,0.1547905779012312
Y02469,1,0.007324794036412303
Y02476,3,0.06492558216467223
Y02494,1,0.11368818692536206
Y02510,1,0.030331170768253368
Y02517,3,0.3335781946377996
Y02519,2,0.15603802998134308
Y02520,1,-0.0667787038048224
Y02521,1,-0.040944901898508856
Y02567,1,0.24722718127328916
Y02571,1,-0.06628350490202954
Y02575,1,0.0751726144455115
Y02578,1,0.13693461353339353
Y02586,1,0.0659671536249427
Y02589,1,0.07229083908980455
Y02594,3,0.2723704686904372
Y02605,1,0.06400252198048373
Y02606,1,0.06502957004212276
Y02611,1,-0.008132339347836436
Y02622,1,0.028950834064457618
Y02626,3,0.28123631144545574
Y02627,3,0.2293242128309286
Y02633,3,0.23512947564720568
Y02636,1,-0.03967430369008914
Y02639,1,-0.04444029601112067
Y02646,2,0.07323348132580709
Y02653,1,-0.0049629404025391555
Y02657,1,-0.06309430842131503
Y02663,3,0.15310966108220916
Y02669,1,0.001348193921318891
Y02671,2,0.09311672403113584
Y02672,2,0.14280493471509415
Y02676,3,0.12876735508526807
Y02684,3,0.001301308869450536
Y02686,1,-0.04957874932461867
Y02692,3,0.05898949748879113
Y02707,1,-0.008281644425822557
Y02713,1,0.11611946127187736
Y02718,1,-0.0295160233241618
Y02720,1,0.0871545070451332
Y02721,1,0.09174659249056302
Y02736,3,0.24743566073442524
Y02751,3,0.09469343407848767
Y02753,2,0.10217543181845719
Y02755,2,0.07577046348280535
Y02757,3,0.1332412076901342
Y02767,2,0.11033540520517612
Y02769,3,0.2861454970128764
Y02790,2,0.04399492542443065
Y02794,1,-0.03235281797437692
Y02795,1,-0.016373004121292153
Y02807,2,0.031419693302004593
Y02827,1,-0.047559259767817136
Y02842,1,0.09642040118970853
Y02847,3,0.10571693624082978
Y02849,1,0.16878980193311785
Y02867,1,0.04900017960206038
Y02875,2,0.09984669455381796
Y02885,1,0.07607112803323428
Y02886,1,-0.025011850264914995
Y02890,3,0.04280365581100153
Y02893,1,-0.021575638911832215
Y02900,2,0.08357574053058042
Y02906,3,0.007887653533743967
Y02928,3,0.05987517400883516
Y02936,1,0.06524803555265449
Y02946,1,0.16155114832746756
Y02960,1,0.05257624245768738
Y02973,1,-0.011755642502003116
Y02974,1,-0.01327016593962345
Y02986,1,0.1528379369189686
Y02987,1,0.05320432509192134
Y03023,1,0.07102939010232652
Y03035,1,0.02140204663631675
Y03049,3,0.2610757204886681
Y03052,3,0.15878727145926536
Y03063,1,0.1205068787044598
Y03079,1,0.17077188131718
Y03124,2,0.03448405009510913
Y03135,1,0.22737822073421815
Y03222,2,0.13816830372789304
Y03366,1,0.06191781733408301
Y03402,1,0.225072815128787
Y03441,3,0.060477039020927374
Y03595,2,0.20939651186485692
Y03597,3,0.1314761190038807
Y03602,2,0.08099796564815373
Y03663,1,0.17002180680214193
Y03664,3,0.19500090283659913
Y03755,1,0.11617701520250542
Y04266,2,0.14640477449949263
Y04273,1,-0.02899370528595132
Y04662,2,0.04926005452253708
Y04664,2,0.1637278786505914
Y04809,2,0.07976641473578044
Y04882,3,0.33840979859894743
Y04884,3,0.32323521342392
Y04925,3,0.10671267712457187
Y04957,3,0.3073472672643685
Y04965,1,0.14868322486873023
Y04969,3,0.3067494627286601
Y04977,2,0.18534654526285319
Y04995,2,0.07187986651435348
Y05023,3,0.013772470447281353
Y05080,1,0.07211628391298941
Y05167,1,0.012954812602725355
Y05212,2,0.17423754619174112
Y05248,2,0.14438359231418135
Y05286,2,0.15609678136460164
Y05317,3,0.17274320550759387
Y05318,1,0.04715451312573356
Y05330,1,0.12165461886226209
Y05346,1,-0.039607520017591005
Y05349,3,0.09502543883167319
Y05363,2,0.29610085479284093
Y05364,2,0.14244356949528578
Y05369,2,0.018432259008705404
Y05622,2,0.06775254685353285
Y05690,2,0.06326686137122048
Y05733,2,0.059189742261270786
Y05826,1,-0.04950846325661882
Y06007,2,0.06036965848142345
Y06113,3,0.1702949751931067
Y06218,3,0.3092267029480419
Y06275,2,0.10371933526477561
Y06345,3,0.04987492266037847
Y06356,3,0.08106407372940232
Y06378,1,0.20526963716779584
Y06443,2,0.2572336574285531
Y06545,1,0.04317296980301441
Y06592,1,0.058684652309536726
Y06659,3,0.22016324823579558
Y06792,2,0.05806936516184216
Y06810,2,0.0749601680756834
Y07014,1,0.11321861410345833
Y07025,3,0.23273562818287438
Y07057,3,0.24041868285033352
Y07059,3,0.28445879086499537
Y07060,2,0.04875037060886393
Y07275,2,0.05795935575234847
Y08371,1,0.10708887513203376
